中国基金报,http://mp.weixin.qq.com/profile?src=3&timestamp=1503136677&ver=1&signature=KMWknhw8ibRW7JWZThF8j3Eu8ad4QJR79W3DYa2Hb8EB8mphyfFtAbUN867yON-SEVOVVY0bX1nwwarfIM5vfA==,微信号：chinafundnews月发文 172 篇,关注中国基金报,即时获取深度理财资讯,《中国基金报》社有限公司,【重磅】养老金入市了!不披马甲,直接买了两家公司,都是中小创,http://mp.weixin.qq.com/s?src=3&timestamp=1503136677&ver=1&signature=upbbPBldaAt*I1HqQ8esSWPSwP*5Wdje5lhXLkgyyaZGi2wbYGPzMVYxhQuOmKSic3wfMwGMBqjtK8arg06TXFe*28o7GoML0D-VI3pTINBtKW*moMXIDLlj7TNK29hoK5I3SV9Uxoa5XEpyaiFUc1FIhoFmac*D0DsCXm17sYY=
柏博基金,http://mp.weixin.qq.com/profile?src=3&timestamp=1503136677&ver=1&signature=H5SEfjGHXp9aovH7HLiBf2fLlEq0Xv8kk3yJmpYJRApn6jfUbxPs3iuzKZFONQY2E4gsZ1ax4CPjGKq7*53oSg==,微信号：baibofund月发文 65 篇,柏博基金,江苏柏博产业基金管理有限公司,中国联通,能否通过引入BATJ混改成功逆袭?,http://mp.weixin.qq.com/s?src=3&timestamp=1503136677&ver=1&signature=PJ5tfQGTInzfUdAWm-q05C1ykJESD7v3HsfRZ7QJwOcSYzobVWIgTCFgsnw-u1vMlVVrOqYTiMQkujtQX3qwwL9Cwf004Kc*IEHqAEA33XTI8bML06PtKOKWrTwwRbV2EISWtAfMgHF*NbdS*Kz6GUfX4PfyUv9HWdr*BPyVcTE=
巨石基金,http://mp.weixin.qq.com/profile?src=3&timestamp=1503136677&ver=1&signature=Kkfr8LqMopk5Ogt4*gcefdyBD5HHg82rE2TdFjSzqOJbEB*byAR2xA77rlYmTryOr5Akv9pI2n*0PNenmuoCkg==,微信号：jushijijin月发文 44 篇,请随时关注我们的动态,我们为您提供国内外金融行业的最新资讯,使您更多的了解到资本市场产品及投资策略.,四川巨石股权投资基金管理有限公司,周五收评,http://mp.weixin.qq.com/s?src=3&timestamp=1503136677&ver=1&signature=duzNF13X*TQ49IFtpxEHvvZuTNy33wk3lTa1jHU1glDiYxzmTt1mBh3MttLpOIhFICJO65bPBJ4Pt34MMs8r8PCRY6uALMb3*A3MahZETt3j7QKVKH5SAAk*DGa6-8JkO1QOMIEDBi3eyLT2AjVBs9x6GYIh8PmNuLnyinMOuhc=
深圳中石基金,http://mp.weixin.qq.com/profile?src=3&timestamp=1503136677&ver=1&signature=YW64r5y9zCpBUAiDaZhAQL4sV964qf73nW0ffWb3k*0e8LEKZjr*esXed3bQJDGD8xUooOgAM32B-JEYMRDkdw==,微信号：szzs33月发文 66 篇,深圳中石基金管理有限公司是一家以证券投资、股权投资、创业投资等私募基金业务为主的综合型金融控股公司.,深圳中石基金管理有限公司,中石基金今日股评,http://mp.weixin.qq.com/s?src=3&timestamp=1503136677&ver=1&signature=zv77qfWPpSD17SgFbkZ8cBWT1o5FU1p5MW8X2hwxQN86E7lZmRU2Pt81mxC-ENXq2RpgikYsnpSxEPrJ9FMaTY-CFiOiu11AFTH6lX*NudSKt2Xc*h-MBz0CIardt7xgv-3OarJ93N2ikJjS6AAzjKzIfrk8hbUh*FI1vMX97-M=
兴全基金,http://mp.weixin.qq.com/profile?src=3&timestamp=1503136677&ver=1&signature=oR6nFiXDx9v73Erp02qeYb1J17E9gGG*tevJ28YWGjaNl27PKn15d0aZ-DwtrBpaxpBoiXmbLVDB3IHVmCh9iw==,微信号：xingquanjijin月发文 38 篇,兴全基金官方订阅号,第一时间发布兴全动态、分享优质基金及投资策略.,兴全基金管理有限公司,投资的寂寞,你懂吗?,http://mp.weixin.qq.com/s?src=3&timestamp=1503136677&ver=1&signature=Umpf94C7r--8aZUJRh5-O2a3pW921CSfDRGWqSz7mOeJxIKzlwTuW8F0-HQz5GxAZIqfnO7JKiwFniofet7aZcuUbp8Ypo5T2zIBbRZpiFALOyVUSR3Z1nxJag6tAQ3beGFGs6thbkqY8gHmn-rf1Z23jRQyZCFU9qoq7S2l*-4=
缘梦基金,http://mp.weixin.qq.com/profile?src=3&timestamp=1503136677&ver=1&signature=ZUHkxoYKzeTxW7IsN342W5TI*daXrI8WWEKxQ9JtZ8vLuF4DnDUZHRBr15ctRY*KYDiJ4os2V69uSLTd*MxWvQ==,微信号：dzw-yuanmeng月发文 8 篇,“中国社会福利基金会缘梦基金项目”是中国社会福利基金会联合央视《等着我》栏目重点发展的公益品牌项目.,中国社会福利基金会,【紧急寻人】寻找7月28日在江西赣州市于都县梓山镇龙口村失踪的两...,http://mp.weixin.qq.com/s?src=3&timestamp=1503136677&ver=1&signature=lCBXuX9nOsc0lKJ-*q0eEczonpoZSEMHE1rwfVWS6ljO-zyCMNdILTF0-0yHa1mUESlkkM51n0G79M*GlzHzOVtsg3tVpqbGQiBImHwWoCXdg5DS2nXqPeUEdHym2lWVWL5tuoKhX2NR1QRwrM37ZiYzmkqu2OtDS34zoU6bPk4=
中泰仁和基金,http://mp.weixin.qq.com/profile?src=3&timestamp=1503136677&ver=1&signature=7hnOQwGUXZApPaZ8mgrfmHT0uQzUd28-s6CjYNYb*yEoistWDigj0zzz8myORxYcN7sKgBg7Vhhm*HVDHISqUA==,微信号：ztrh888月发文 48 篇,北京中泰仁和基金管理有限公司通过打造新型投融资平台,创建了金融产业综合经营管理模式,促进了金融资本与产业资本的相融合,形成了以股票配资服务等为基础的多元化产业机构.,北京中泰仁和基金管理有限公司,十大发胖的垃圾食物和十大有效的减肥法则,http://mp.weixin.qq.com/s?src=3&timestamp=1503136677&ver=1&signature=guYerj4*OR07SXV5EypIBK1weDgvb6rXwxzBTn1YzEtpnoD*qJpx7weWXkdnoJsiAoCZ0k3BEDfmbaLQtDG27TMLZdu5HUc2LDrDry3CuAkj7Bx-VKWiTRzjzogdVZLulwEpmG5*56kxXGJlpbXezGEsSWA*Bv4bQ5GbcAlLnLM=
传梦公益基金,http://mp.weixin.qq.com/profile?src=3&timestamp=1503136677&ver=1&signature=yVTyeLGYfVORy-3fU5OFj9wVT-tyPYzKEL*U4P8QHXYlIHKzyIH0s2HTe2dow5fJWC4*QLCX0h6hygLysN-hnw==,微信号：cmgy20140922月发文 13 篇,资教工程是一个旨在从根源改变乡村教育面貌的公益项目,倡导理性公益、快乐公益、有效公益.该项目通过为乡村学校配备专业教师(体育、音乐、美术、英语),使乡村学生有机会享受更多的教育资源的同时,提升学生整...,中国社会福利基金会,回顾去年的99公益日 | 你在,爱一直都在!,http://mp.weixin.qq.com/s?src=3&timestamp=1503136677&ver=1&signature=8H1tl8CWuPC2oQWqF3UGAFni9GF7urfBy3rhjPNI2B2z6SOxTnV2yWjaYgGJ9pIUzAShVbSPKuUm9Gk*QIRwnJzehA3D30LOOQBoP0H3g-ptBHU*apg8tc28HSDbZ-CfuOEHgLSPeqwyT3NYAPhpb2OFZIeucg4syzbNUqeEdkw=
黑马基金,http://mp.weixin.qq.com/profile?src=3&timestamp=1503136677&ver=1&signature=7cquCyLRPi204flOye*DSLFdURZ7XwrN9dEEdG5cWsphQ9h6y1Iw24IeowIhsW2G7kSVxAcMUDlO6i0CKvKClA==,微信号：heima_jinrong月发文 10 篇,黑马基金,早期投资机构,创业者的机构伙伴.,北京黑马创展投资管理有限公司,不同融资阶段该如何分配股权? | 融资股权必须课,http://mp.weixin.qq.com/s?src=3&timestamp=1503136677&ver=1&signature=8JLLMnJQ91kxt8MtpvtNd6*gu0ByfFIWnKuJzzO9uc*OTOn2D0JCegtajmClh8tLCv1Azm**g4fvJxocG-gglgxik0*ro12N1RwQme2PSzz9Y94ltoutfbafhzcddmwke11*UUvM8E8YZc9n-zUTJcqROioMeG*jSCWAoEwxXtw=
首钢基金,http://mp.weixin.qq.com/profile?src=3&timestamp=1503136677&ver=1&signature=mkIL2xhSeVsvb5Sz5DXEp8SacyHaJ6Iqa1UAbs6HR*c2BZike1h7DgcqD5rfMkxK834W42-avswoblcBM89mgg==,微信号：ShougangFund月发文 15 篇,首钢基金是在北京市政府支持下,由首钢总公司发起设立.公司管理12支基金,基金管理规模480亿元人民币,重点投向供应链及金融,以医疗健康、体育娱乐为主的消费升级,大数据与人工智能,以停车为主的基础设施和智...,北京京西创业投资基金管理有限公司,北京市人大调研京冀基金运行情况 肯定首钢基金公司管理成果,http://mp.weixin.qq.com/s?src=3&timestamp=1503136677&ver=1&signature=yqh02BfaQ9pet38aA7c2RROqhUNWJNhnnwrIoBxRNNNoPosxKWre10z9*eBy6QLR0sQ-2dsMSUfuUBrcM4p6cFT1dU-EB2raRUrXlPHqSbmFKFqKl9ownQ25WJmACBOzCGZymYQ786RjrX3RCT656hJ3ZcvrmonhgKDK-d6vxMY=
广州基金,http://mp.weixin.qq.com/profile?src=3&timestamp=1503136709&ver=1&signature=VVZr4isNTNeUuWFREd-AoWkxbPd0q2e24d2rzrteiyMoUTq*uxb9MFOemwiInD0dBDEwh8mJw*CJBurvLE1htQ==,微信号：sfund_wechat月发文 6 篇,广州产业投资基金管理有限公司是由广州市政府设立的产业投融资平台,涵盖政府基金管理、私募股权投资、风险投资和其他金融平台业务,矢志“聚天下之富建设广州,集广州之财投资天下,打造顶尖的产业投融资平台”!,广州产业投资基金管理有限公司,广州基金携手普益资本、广州开发区基金 共设冷泉港(广州)生物医药...,http://mp.weixin.qq.com/s?src=3&timestamp=1503136709&ver=1&signature=VPH9NtCNWCEL3XdWuCyxaoV4C6wxzcc04jTQ7yikKlKDhsXRoJMT6u3Rsh1KW4BVS8bFy3OVWSOU4onvise9bOPXDEnrB5lFwufOQIJ8LYiImy1*jGKhIAszn9Lrt2T7VQRiQ78ij26p8zIF2KyrJFM8O2oPVIT*42jQBpKiONE=
华侨基金,http://mp.weixin.qq.com/profile?src=3&timestamp=1503136709&ver=1&signature=wRViG6I4pePJZUkJ50j-smBJixls7E-J5hVUplNnMhSVjDPw-ps32IT1m*6y2ImPoC8GJvjk8Ksy0bjy1JqnlA==,微信号：OverseasFunds月发文 6 篇,华侨基金,是中国领先的政府跟投型基金,由剑桥和耶鲁等海归精英联合创办.华侨基金响应“浙商回归”口号,带领海外华侨、海内侨眷回国参与家乡建设,跟投地方政府产业引导基金,积极投资实体经济,专注于投资国企...,华侨基金管理有限公司,青年兴则国家兴,青年强则国家强——首届世界青商大会在北京举行,http://mp.weixin.qq.com/s?src=3&timestamp=1503136709&ver=1&signature=8DykYiYpje1b8COFjyetfDemXeLRBdIR2-nH0BRx719fZ5zkuvsjPnCINevHPyywf9WqwevZtOrudWMzEcwBMwVXnn9MmKWKkXe3BRw6*gUuy2GexUbDx1qxODtdglR-IpHSszdldsbxU*TcMb*qm9q67-*obvZKP1YV5l7Cs7M=
德基金,http://mp.weixin.qq.com/profile?src=3&timestamp=1503136709&ver=1&signature=SD1X6n0xh14-AO3ZCjjsdL3M7xqllzsqiFIBWcB*WSWNaU290qQbO5vrgg5VM1mKcDaVUjX-I98WtgGjIOQLJA==,微信号：dejijin月发文 5 篇,“德基金”是一项旨在提升乡村艺术教育水平的公益机构,希望通过点点滴滴的善举感染社会,弘扬慈善精神,增强公众慈善意识,促进乡村儿童艺术事业发展,资助和改善贫困地区教育设施设备、奖学奖教等事项.,广东省茂德公儿童艺术发展基金会,支教招募 | 暑假快结束了,孩子们喊你上课了,http://mp.weixin.qq.com/s?src=3&timestamp=1503136709&ver=1&signature=zpIbs08SYKEGyWwrDZHGf*-yNdhbjLmsVTVDCsTJZbaKvRJ0Ns1LgOnFLMPUYJCmNE*Mr4Pt2s81q5-ZvVmPyXPvTC7bE06DqVuAUBOaCdNyaT4vv746K6mZ9SD72lWy8udBI*aOS9AC1adtzjGZVXNA4UyvTUYB*gWtIVa9IPY=
大观基金,http://mp.weixin.qq.com/profile?src=3&timestamp=1503136709&ver=1&signature=6sZjrrT-nrWskSh4o3QqtCRGuHm2sABfOsUPfiKzkO2X*tdHNmfGTUecIyasz19HjsJqzeuK1BqDBxhI8U4ykQ==,微信号：daguanjijin月发文 84 篇,独立的行业资讯观点、持久精华的投资干货、行业大佬的投资建议.关注投资和创业、私募股权、财富管理,组织公益沙龙,致力于金融人士职业价值提升,欢迎准备走上投资道路抑或是正走在投资道路上的人士关注,上海大观股权投资基金有限公司,操作了十余家私募备案经历 我们得出了这些实用结论,http://mp.weixin.qq.com/s?src=3&timestamp=1503136709&ver=1&signature=C*NU*BF4zZd5jeO7AZCj84NAhln4IU99zMKzxRKWKnZXgNaxkEpOA0CS-z09QutUn4TLkVGBUT6dl1ARIz-ViI-Md5QSsp8HK0iwKEnXQDBZfCJHsMffii6Ap2HPVt4N6GEUa7B6Kwg8jlk47ebN1ojCVGjUvt5plhB2p6dgVq8=
周康基金,http://mp.weixin.qq.com/profile?src=3&timestamp=1503136709&ver=1&signature=YZCDyZRIFXMAJ6s90ZtTJCWZ*ZI2w*meU5qoG67AeWC-AI4vacFHfKmX3O8alblahb8gdClIUfHNhI45mN299w==,微信号：zhoukangcaifu月发文 85 篇,上海周康股权投资管理有限公司是一家专业从事资产受托管理及经济咨询的非金融企业.经营公司理财、个人理财、财务顾问等中介业务.公司成立于2010年,注册资本3000万元,总部位于上海市黄浦区福州路318号浦汇大厦...,上海周康股权投资管理有限公司,火车票也打折!去趟温州最低只要…杭州、厦门的打折票都来了!,http://mp.weixin.qq.com/s?src=3&timestamp=1503136709&ver=1&signature=5h-ZVBCMIyEdm-UOTk2GBR6yXC1KjYsf*Dah0KWeXNmfoNnEKRkYeP78Ihxm3N8v0D-3j4GrHUoZ30lK6fVfm3Xvw9mDRnZpFiEhEj7XG1r*UPrt5ncoU80pWc3J6BosX4xebggcZeF3uc87XtjG1NAM0uj4QAb1mB3Ywk4bd*A=
马洲基金,http://mp.weixin.qq.com/profile?src=3&timestamp=1503136709&ver=1&signature=-eYTgmTQmgNVHtroPMSOkiF1JN5Zi5vilcJtulN2supkhf5RFzLHSe429VixS4fIhR9IthyAf18yorpY-vwbkg==,微信号：mazhoufund月发文 2 篇,随时了解稀缺投资机会,把握金融投资趋势,体验不一样的财富人生;您身边的金融服务微平台,上海马洲股权投资基金管理有限公司,马洲集团儿童艺术培训中心暑期夏令营顺利举办 优秀学员登上央视舞台,http://mp.weixin.qq.com/s?src=3&timestamp=1503136709&ver=1&signature=HM7qvOwNrjvaB74Q28-dkhfEbanEcbsaqeJFXAPWrmzlo93uEBAj4oRNEaxUhMNk6W1ToNRu374yq10UxMm*0jJRoxl0cJd3QO5RSHMX7hmmZE3p5gITnml*Y3KLMwaBSu7CLqm6Y*SghjsXa-9Jb-FcRnT6T2j7SnMxeuk*trI=
友利基金,http://mp.weixin.qq.com/profile?src=3&timestamp=1503136709&ver=1&signature=2JJHgSBz8iGWiB8rWYsvge914g7ilOD1qNYMaFXbv0d8Mh4rW*XRf-ELSN05PqTqBeaGYqQi9MIqgeybcOgisg==,微信号：youlifund月发文 26 篇,深圳友利基金管理有限公司官方公众号平台,深圳友利基金管理有限公司,2017年8月18日早盘宏观信息摘要,http://mp.weixin.qq.com/s?src=3&timestamp=1503136709&ver=1&signature=O2r7MA5GGMsFMp7h5E3TO2ct1ld5E8SQ6MCIrWsgxhXpMtHqmhjnGf2FO6ro9jF7TF1yRZSfFqXLb7myDNzaBi8nvxSsB9ZBiSJWSvek7*D*yejbRLTFSKngC4DPL-LC0h-QOIWazLYuYZAldOCPRZJbJlhFsTZhHa3bkmi*2WU=
小苗基金,http://mp.weixin.qq.com/profile?src=3&timestamp=1503136709&ver=1&signature=lGdZnqekZ*Z39L159fsaNFpTMSgaQ3crjIKWKkr1*JA*zIfyKHufG2*JuFq5Jd7Ds38iJ7TxfUgUgm0jn4KZhQ==,微信号：gh_3aef27f5e08a月发文 9 篇,小苗基金以为建设南上海科创中心作贡献为宗旨,聚焦企业早期投资,弥补市场失灵,发挥引导基金作用.小苗基金为投资项目提供创业孵化、战略规划、公司治理、财务顾问、股权投资、资本运作等增值服务,帮助创业企业...,上海紫竹小苗股权投资基金有限公司,小苗伙伴| ZStack&阿里云联合发布混合云解决方案,http://mp.weixin.qq.com/s?src=3&timestamp=1503136709&ver=1&signature=Mjrtxdhjz7S*jyJQv*YylCeH9rPQnexL3E2P7ZpK7RCyXY9WZNUuL8yluxmwSxFyqNKIrBjcVOeNfPHAEOVQgp8yehw0PnULVPpzArRBtg962YDcS5alTISPyTjnYNmaNqDu8*2CVloVZdURxhhC5D32gKHMvjJ1hXysXcy*4t8=
银资基金,http://mp.weixin.qq.com/profile?src=3&timestamp=1503136709&ver=1&signature=hm*unx3e7gkawHkPxTiL0qk1VSVwGbqXEOyen4YAqdA5s1L7NZI1rnnMIbiNUVn*J3UE5vmjLIqHXxHpMAyg-g==,微信号：yinzijinrong月发文 39 篇,致力打造成为向投资人及优秀成长型企业提供资金、渠道、技术、管理等一站式综合投资服务品牌,让志同道合的伙伴在创造财富的过程中,更好地实现精神追求和自身价值,河北银资股权基金管理有限公司,金融嘉年华,http://mp.weixin.qq.com/s?src=3&timestamp=1503136709&ver=1&signature=-vQvLN7bvreLU5ugMCZAF*tc84PyYhkP-XpWEcnV*R7nuQ18F7ck6pcBYykObLoBsE7H0Ueh9mpjy7h6xcrJ7Yc1JUZB8Xc7C04C0yCrxi3lKHEt8zYFyZsevb3H8YkRsNJiuRkinwLjjZYHwBAGFGgZLeTMsvrYLWO1uo89sM8=
瑞安基金,http://mp.weixin.qq.com/profile?src=3&timestamp=1503136709&ver=1&signature=MurUNaa1elD6wRQ7aov0k*KQwzVnaI5-o6fevVD-9bKMmxBnFfsmtV6*j5PKD9EsuVX*m276RHREIfPvU6oU9Q==,微信号：ruianjijin月发文 1 篇,帮助您了解瑞安基金,致力于股权投资管理、高收益产品投资及相关资讯业务.竭诚为您提供财富增值服务.,石家庄瑞安股权投资基金管理有限公司,【瑞安|观点】2017年上半年教育行业投资策略分享,http://mp.weixin.qq.com/s?src=3&timestamp=1503136709&ver=1&signature=TKTyteaxIf5p8cLslkxBqFVJZ8wcP-dwmJcINZkm3bmkrpucoauHsIXpsnPCHC3JJtBrXynzzCv4oONSVgFr-1Y3vMewp35CC-pacmExd8ddaUa4xuFfQlWM5v2bSooBHnVHKpBBYlMx-0ebssIX5YgC*-AbqASOlF*bP9mW0RI=
长尾基金,http://mp.weixin.qq.com/profile?src=3&timestamp=1503136742&ver=1&signature=U9wdIAs0uTZ05XIJLqiOhbw5NVtriQFayOE0LbfGVjUVvUjvAS1B8dHhafAz68NPwlUhlup4qJSPuPTu5aQ3cA==,微信号：longtailfund月发文 15 篇,独立思考+勤奋+灵活+追求绝对收益,深圳前海长尾资本管理有限公司,如果你能预知未来,你会怎么炒股?,http://mp.weixin.qq.com/s?src=3&timestamp=1503136742&ver=1&signature=B8iu6jC2pNa6*xsPI5BB3WA6hSntfjmuJniHwc72dCCUOCclHq4CcO7fLDuqslfd49qVyWC0uEqcd85*XcaJ59hOhlV9LN7Fyt5PYZNQ618txnxSWecHsD9341XSLpze7uNlzJ*O07rcjAcdxFg6cHfCNUybMbiImt9yKL4umxY=
大恒基金,http://mp.weixin.qq.com/profile?src=3&timestamp=1503136742&ver=1&signature=cQkMewqBk-uSWXqjWD92gziqzYHA2QcRlMRV2BcaLUDF-terj3saTU*Am8o*kII1iRTpYAONSpKCLhQpVMeAQw==,微信号：puxinzichan月发文 36 篇,衡水普信资产最新的行业资讯,持久精华的投资干货,关注投资和创业、私募股权、风投创投、经融财经.欢迎无论是准备走上投资路还是正走在投资路上的相关人士关注.,衡水普信资产管理有限公司,【社会热点】加多宝王老吉红罐包装之争终于有结果了:双方共享,http://mp.weixin.qq.com/s?src=3&timestamp=1503136742&ver=1&signature=JS18bmpQO6Z-I16WpItSczpx2YHrK7EtJ0jj9lKO32U8VAA8iGGiMEZ1vJbI50QsAkX6B9XtNVmcWF2ho40VY2suChLHJml4Wi4*nPPA4yzxTC969JqW-bBSvkqaDs9jD725*apr4WZf4Cv6oTTkeJX--ZWUVEi-gMM3sd2HUf8=
交子基金,http://mp.weixin.qq.com/profile?src=3&timestamp=1503136742&ver=1&signature=BTP-D5UVxe04dCvvMpuT7pzXG2SaGjKsDw-fvcFHOrTlen9oP2xCPn70-moCaijqhrvj6hSQUDGQ5nmPXKq9OA==,微信号：FINE00001月发文 4 篇,交子 您的金管家—专注大健康领域产业链投资—信任 信用 信誉,深圳前海交子基金管理有限公司,【新三板周报·86期】新三板服务实体的积极效应逐步释放,http://mp.weixin.qq.com/s?src=3&timestamp=1503136742&ver=1&signature=qLf0GktWLVMdxLIhKNG7VXTGPT9SU6NpawQ-13OZgGXAbamTODDf*soKvbsRfkPX5zZ12apykEcaBKq9C36B9znRy87UDKX1JQFCCzk79Dxjj0Qowu9i0N0Elez4GbJ*oqXLh5IqhnNEZBaQ8n43QVFgDra0V2gVozTTt5mH5Mo=
柏年基金,http://mp.weixin.qq.com/profile?src=3&timestamp=1503136742&ver=1&signature=HE274PWbE1xLsQte7mZPqJau6qYMExyJOt0*MXLWL7UQjVpVbcMMV7MrqyI4RnY-WVfjgoqmEN0dn0ws8NOY3A==,微信号：paning_foundation月发文 1 篇,柏年基金会专注于慈善及艺术传播近20年时间,我们致力于的五大项目:大学生助学金; 助残计划;为中国而读; 美术室;爱我中华版画传播.,北京柏年公益基金会,北京柏年公益基金会“为中国而读” 柳林监狱读书会,http://mp.weixin.qq.com/s?src=3&timestamp=1503136742&ver=1&signature=2kOxPaSsqrcheymOWGSCuDLx-kkBXDvq9IWOhi1oQrYgUMpvGIHas748r022jk713VdZZS*1UJ9wBJmZVfjk3LUZbT-I91DlkUsCCeSE0UjTuV0HHaWVS7pYy562WHoARxRzhP1cYUxpJupeU7ZJGOh0X6lY7mukp6V2*rBq7ps=
中交基金,http://mp.weixin.qq.com/profile?src=3&timestamp=1503136742&ver=1&signature=3K4q51gyQFgMIUncso2lrJdNHuXEfJRMiZUl*oRiJO-rxH3-UrQUxTMRX0U*iYLoBJawv5dfd7P5M0eZmDUheg==,微信号：cccc-fund月发文 6 篇,发布中交投资基金管理(北京)有限公司重要信息,中交投资基金管理(北京)有限公司,【党建活动】基金公司举办首期“道德讲堂”廉洁教育主题活动,http://mp.weixin.qq.com/s?src=3&timestamp=1503136742&ver=1&signature=9*u6pGmGIqqW7VyppH*n-lK1Np6WfnMpser-BkPp*5ueM8rwVpafOuvUH*hT*aIL7DIIFj-4s5jjkGj9LMaNrIQQw7XWGWixP6luiIg37DAYywJVhtkeBVImhNAdCyr9SEu2-sbhNbANKUExxt5Tzmgtw8QIxMD8fq7m1u1v-B8=
中邦基金,http://mp.weixin.qq.com/profile?src=3&timestamp=1503136742&ver=1&signature=M9uru5Ezidb3IPGg4aAzCzXgakKQn*JOAeVloAiIh1Tf77O1XAUIjEvhwh9pkUb6nQHOWbQFonEEMVBl7DBjCA==,微信号：zhongbangjijin月发文 3 篇,新能源产业基金,中邦财富股权投资基金管理(北京)有限公司,《我的前半生》暴露的职场潜规则!比离婚好看10000倍,http://mp.weixin.qq.com/s?src=3&timestamp=1503136742&ver=1&signature=8xqfhsMOEDG881THcVd0WFRNV9oaeZli2ojvw3KywN00A3GsduU03ZIZgiSvE36TSQiJ558Ky2YjRo3BTh8FIkTjebODQajmiiPpCCulSiGqg-IrKn4fit1Sl-35Ip5GR-hq9rEG-ojMPxf2BqrP2bs9g2CgyCROmRc6ZO6Yajg=
宁洋基金,http://mp.weixin.qq.com/profile?src=3&timestamp=1503136742&ver=1&signature=XjlbcK-Uh7tBh8NnKAdl88bDASmK7pxbJUGu*EWD2Q8eE1IqITxySburzwohqewomt4LrAIsV9pF*sJ4vaJSsg==,微信号：nywy1847月发文 9 篇,宁洋基金管理有限公司主营以私募基金发行,股权基金.契约型基金投资;企业上市辅导,项目招商及优化商业模式,期待与您合作!,珠海横琴宁洋基金管理有限公司,私募行业,剩者为王,http://mp.weixin.qq.com/s?src=3&timestamp=1503136742&ver=1&signature=-ZSt5lDTPWfzHk-uKI82QSbUBjjGP-xF3oVs6DCG*KVUlxPtIUxq3s49n3dC8uRcPrdYi4HY4neGKBk5FSWvjANnAycfDNkTh6T3h6bpSVdISzqHE0-UccznY-kX7*WeGJW27HY51l*Rm7qMyNxj2NnOS8LQrZIw2VQ2nUtSEpA=
国道基金,http://mp.weixin.qq.com/profile?src=3&timestamp=1503136742&ver=1&signature=EHGMuw4ftUrzh846S1V7Z7uLB1QP-ZHffhr1LZirwsqh3f6qWUKFpe32nM*Zyq7PO0L6pk3OeDJWEEoCfu9OLg==,微信号：guodaocaifu月发文 2 篇,国道资产管理(上海)有限公司成立于2012年;2014年领取私募管理人证书;公司核心管理团队来自保险,在资本市场有二十多年的实战及研究经历;主营业务为股票投资基金,主要策略:“网下打新+T+量化对冲”,现管理...,国道资产管理(上海)有限公司,有一种真实的投资风险叫做:什么都没做,http://mp.weixin.qq.com/s?src=3&timestamp=1503136742&ver=1&signature=Hbn5zj5NYguBPDyY7O5-jrK6jVMA7fkKy1uChL5BiXz7rgcFJBrTI07TMnhMGFQ-T95ZmN0*8DIbRrgyIB3lrWIA0p5y7Gclwdal5jg7HPKqw4evmliiBfQLxedxXCFNBedoIXMOvwXdAsJL-ENL9aMqThLg4kmWhWtqBMpt7I0=
进化基金,http://mp.weixin.qq.com/profile?src=3&timestamp=1503136742&ver=1&signature=*oGeoFb7Hd0yLL2ICFXEYfJ*kti8gV3RczOAtuQaj*26MxJQFk-YuZJgwR6QugAofRaMF3z-r6Y6HqAB2eiZow==,微信号：gh_d1ebd2ac6c68月发文 21 篇,投资管理;受托资产管理;受托管理股权投资基金;股权投资;创业投资(以上各项涉及法律、行政法规、国务院决定禁止的项目除外,限制的项目须取得许可后方可经营).,深圳市进化资本基金管理有限公司,公募基金热议可转债配置机遇,http://mp.weixin.qq.com/s?src=3&timestamp=1503136742&ver=1&signature=9uwh8ErtBCZOQZb-c28-lxgKYX-QX7d7Q38Eui0-FyQvlhYtmS1YRXmgNs-OWKqczSJJPnh2XE43SWdiM6h9bxH4i6Oxe0NKzyN*wgSkub0JNKIYqMu3*9b5yE2IFBmro-zvzlPsbqS3cWF9XaviooJxCv0gQ-WOlZ1Fww9DQiE=
童虎基金,http://mp.weixin.qq.com/profile?src=3&timestamp=1503136742&ver=1&signature=*01-4dZewJ0NWYSFVrWHPehfiXhH8kZkynX3zBXqOHtnfBFFN6frxIN3XRTVkOt7KtdMpNRlifNgqiGJnHARyA==,微信号：TonghuFund,童虎基金,专注于资产管理、阳光私募基金、股权投资基金领域.这里有最前沿的行业话题、最实用的原创投资技巧与最权威深度的挖掘.,童虎(北京)基金管理有限公司,童虎骁晟五号私募投资基金正式投资运作,http://mp.weixin.qq.com/s?src=3&timestamp=1503136742&ver=1&signature=5Zqh9qar35Gi1YCixzYpowVxtpY41sAPUzaqqLTI-iRHJiz1-JDQ5Fp0-E6Ade4IOI--E925I63EOdQfotvOGTbG9UqQOONaV*rr-RoOImeHZ8bAoby2k1jKNfeq9W1c9JTOn4nbIF1X71b1j-GvNyJmG62TWfqhwwfzQExn240=
贰基金,http://mp.weixin.qq.com/profile?src=3&timestamp=1503136779&ver=1&signature=LW8LgMr25pLiyLmo8wWgzn0mQF3CwLL-ccUmDcaWMppuqCGrafGbnNeI52O8weJzlhDx7DKTdqHbwB-cVfr7mQ==,微信号：twofoundation,武汉市贰基金公益基金会(简称贰基金)是一家由李再亮先生发起成立的公益组织,隶属于武汉市民政局的基金会,致力于搭建一个公益平台,关爱渐冻症患者和抑郁症患者两大主要公益领域,推进中国慈善事业发展.,武汉市贰基金公益基金会,,
电盈基金,http://mp.weixin.qq.com/profile?src=3&timestamp=1503136779&ver=1&signature=rGuhyDOfxfkTrDLKjuOoKLkwnM6fNWZDJRLgfFa7PEo2pBpi9R8oq*wLnZ2tAIpkZ-N9T1iE2MOdJqA6uliGmQ==,微信号：dianyingfund月发文 4 篇,理财产品,基金销售,互联网金融,北京电盈基金销售有限公司,探秘2017年文化投资基金:规模达千亿,动漫、体育成热点,http://mp.weixin.qq.com/s?src=3&timestamp=1503136779&ver=1&signature=lJSKddLobryaW5pkO6XQ7EpRlSetJwfcF2fYaWuzaVNbmXwqjfZS8sfiH*mRRjLtJs4Knux3xqz4uYIJea6bbOugaWtScksM*AmH0TnwaNK25zuBanKf9Ibt*yPyTwdIRQNJ-LJ58pOJdomjq2GEiQXojSyQGk4ZxT0AG7vzWgI=
华茂基金,http://mp.weixin.qq.com/profile?src=3&timestamp=1503136779&ver=1&signature=TtgvTulumS1aH*bOIv0FvkW8HE1ASE0cG071-p*TAuX4iLdfX5vteoM*tNlRK7NxuSHWCPCuFNK2DZ4H6BdIVQ==,微信号：huamaofund,深圳华茂股权投资基金管理有限公司(简称:华茂基金)成立于2012年,是专注于输配电产业领域的专业投资整合机构,公司为中国证券投资基金业协会私募基金管理人备案单位,备案号:P1020887.,深圳华茂股权投资基金管理有限公司,,
楠溪基金,http://mp.weixin.qq.com/profile?src=3&timestamp=1503136779&ver=1&signature=FepJ2Nf*-PE7xf55*gItGgT4K2GHRRRzwlVEso2Z37FH-F4872CvAQQ*PyX9*j8Dv5K4FOgxUK1RlyI7Gws5zA==,微信号：nxfund,楠溪投资秉承“信守于胸,惠至于人”的经营理念.价值选股,策略选时,追求绝对收益为主旨,为客户资产保值增值获取稳定回报为己任.,四川楠溪股权投资基金管理有限公司,楠溪基金产品净值查询,http://mp.weixin.qq.com/s?src=3&timestamp=1503136779&ver=1&signature=Y3ll0nevzJNW9Mw1el-g1aIjr-1-zBwhjWoWjlKALIVvNt5FyIwQ7KVPaiyZRT20gPdshJ3AxczH1fOOfVNz3bP8ICFNBfTgJbEfM*DQ0shXiKaUUDC*TcrYWukeJuOEETPPsZGkvK7GFAOCxSyTYl5Ob*M9eiWIaB*35C8gVog=
冲浪基金,http://mp.weixin.qq.com/profile?src=3&timestamp=1503136779&ver=1&signature=whCKES8VxxBYU*Oyiod7xs0YDm0FD39tsbXvVISe3sPDNIFcDwoyHlVr9fkm665K0db7ynCjx2Q*S4FGAn3RKw==,微信号：gh_66f97920dd5e,冲浪基金由中欧国际工商学院EMBA07级同学发起成立.冲浪基金运用可公度理论投资于二级市场,近五年来取得了较好的投资业绩.,上海浪冲浪投资咨询有限公司,祝福:新春大吉,万事如意,阖家欢乐!,http://mp.weixin.qq.com/s?src=3&timestamp=1503136779&ver=1&signature=0KUFD0rdxWZtCE8qCcjGqENK35ainYG2lCgk4UctMULrcJnLbGshxTDrsmBDWNq1TwpQNlCSKdRbdXSwSa6IpbOfrztMpd5kboNL6ty8w4KAeeeAJV7nV-K8OcDzvn-DCRSiSR7V*f5YuVAT8p5BoQUqCCiEmE79K*D9aQmXFQc=
红钻基金,http://mp.weixin.qq.com/profile?src=3&timestamp=1503136779&ver=1&signature=MT2FKo7QRE5AoWzFG1GDlCsQ-pdtYwGFIJVyfT34hUA8*kPnGFFPKs0hYuBi4wSUomEBoxWqO7dk55x2icYk7Q==,微信号：hnhzjj,红钻基金秉持“基金持有人利益至上”原则,凭借一流的投资顾问团队、丰富的投行经验、优越的社会资源、优质的项目储备、紧密的专业机构合作关系等优势专业为高净值客户及各类投资人提供财富管理服务,实现财富的安...,湖南红钻创业投资私募基金管理股份有限公司,父爱无边 / 爱在父亲节,http://mp.weixin.qq.com/s?src=3&timestamp=1503136779&ver=1&signature=2uK185WVH5pAUNfpTTI-xMzhFv3xI92KAa8We*2hMhuD6PZ*vh52TBEbhzvWns4Lu9sZgf--4AIYhzDACdUcQRSinuV4bwsj1VNZj1LGpxqyQ8uRXOEvQXWgyPBHu0y*gmAkeneXQiAoahecyxyvJmTRommh5PBKCTb6Ma7Ewtc=
鼎诚基金,http://mp.weixin.qq.com/profile?src=3&timestamp=1503136779&ver=1&signature=H5mddZleyHCYKT17A9JcsLp8L5twlpCFw4fR4TjAUAXWBkx8EZceNp5AXcYEq1IXgefRFx2nJoeO3TCfPyKErQ==,微信号：dingchengfund月发文 2 篇,专注于股权投资、地产并购的专业基金管理公司,深圳鼎诚基金管理有限公司,【时事直通车】回归资产支持证券本源 助力企业去杠杆降成本,http://mp.weixin.qq.com/s?src=3&timestamp=1503136779&ver=1&signature=dhQDua58m4C-3OB9v1MLELrjClgI7Q1f9-SfF5glMkP9sDfTUeDmvz*AU33w3bAJJ6LwD1lEO4Edl5SZU4yQHl8yTwX4rFLN5cc14CeS4IMiCMkBvLtgR8gi886EDGs2in-MvLzu4CWaoEOWF-1P3I2SJU6mj5-9QhNERs3Q7-0=
铁银基金,http://mp.weixin.qq.com/profile?src=3&timestamp=1503136779&ver=1&signature=ZCqxKap2wU9YnSNUSQ60J7tSkXTiplONRAQIlPZ8zNIsPhIgOW*uqzWbTuuTGe1q00xu73C7-iQlVUZk3IDUyQ==,微信号：tieyin_CRCM,沟通铁路、物流投资运营信息,深圳铁银基金管理企业(有限合伙),,
龙骏基金,http://mp.weixin.qq.com/profile?src=3&timestamp=1503136779&ver=1&signature=YXmsLreznTDHXX4phKAQK*7Zq*QU5PTbxa*wbSPNfQHKPhk-lNNQJP4hnDH*B9v8sHFRHE2QKPw6awHBEbjHrw==,微信号：longjunfund,深圳前海龙骏股权投资基金管理有限公司是中国领先的基金投资管理公司,以其自有资金和所管理的股权投资基金,专注于养老产业的成长投资以及量化对冲基金的专业管理,在首届前海风云榜更被评为年度最佳投资基金企业.,深圳前海龙骏股权投资基金管理有限公司,,
益田基金,http://mp.weixin.qq.com/profile?src=3&timestamp=1503136779&ver=1&signature=Ak5yr86RsySExmsGUYD4f4mQrGrewmGzz-ckSP1-K8Fr-gqUQgxFz9jX0cWlL8ATj6gHagkBwN7z4lG0XRWAGg==,微信号：gh_968856fc2dc5月发文 39 篇,深圳前海益田股权投资基金管理有限公司,作为益田集团100%控股子公司,通过专业化的运营和业务创新,为社会各界客户提供优质、专业的金融产品和服务.,深圳前海益田股权投资基金管理有限公司,【益田基金财经快讯2017-8-18】,http://mp.weixin.qq.com/s?src=3&timestamp=1503136779&ver=1&signature=M0rycDa-EKBlRkRUxNU5XIf7klh*D58fcPeALng261Yjqg2EJHLXRsO9nNPQZ0whg20tOcrhjZBhzRJb3nCKalIY9LskC67kMr1IejBy4CDGc3xCvdgTTv0f59r5VcR8fhe91ER5WyZ9BN1WbouVaiwHqxZgbGUvFc2EFBXPqck=
泽润基金,http://mp.weixin.qq.com/profile?src=3&timestamp=1503136812&ver=1&signature=LLbY7RohmAhGCaCLxknn3dgPNT8XPq3YX8gwkZVJ9gDXAdPllF9xsuMOhbwVcuoAbRNCtdcC4x3vnKsBehwd1Q==,微信号：gh_78ae7ea614ca月发文 2 篇,VC/PE;经发起设立股权投资企业,募集股权投资基金;受托管理股权投资基金;财富管理热线0371-55895566/15986633699,深圳泽润股权投资基金管理有限公司,历史上唯一开挂的武将霍去病!,http://mp.weixin.qq.com/s?src=3&timestamp=1503136812&ver=1&signature=AD8iyV0-682ocS7-MNE0eGH2ERMXU1eYn9k2KR0JeTmHVBuml9P473r3y5fyK52IuLqDVeW5bc9-6cExdQwy-LXap1Ur89SZn2Lg9*8m3BRRtmki3vkrWZGpiiQTIG2cOtIiwsH3YRdG4PJ3kJx*QNhdMLjgAFzqWTr8eOK0UAI=
关帝基金,http://mp.weixin.qq.com/profile?src=3&timestamp=1503136812&ver=1&signature=sL5IlckQXN*wIkrPpWq66e3to5d8pD5z2xzKe9HPoAIeE2yM0W5Iymq6VQLbDhUtU8loZ3tE6sl39YAoliQyGg==,微信号：gh_8770abe7135a,关帝基金,受托管理股权投资基金、对未上市企业进行股权投资、开展股权投资和企业上市咨询业务,金融信息咨询;金融开发技术软件;投资管理;企业咨询管理等诸多服务功能.,深圳市前海关帝基金管理有限公司,,
易君基金,http://mp.weixin.qq.com/profile?src=3&timestamp=1503136812&ver=1&signature=H12Nrtw4R9y6X0dp6QDMc9yXCCA3WddsSH94oUeRV7upf7YCCRtYbeXCxpP1kicwXqK5EwrWxpuBDIQhkU4FjA==,微信号：yjjj58月发文 1 篇,易君旗下基金产品的集合地:第一时间了解基金产品及最新动态!,无锡易君甲号股权投资中心(有限合伙),到2100年,中国将只有4.8亿人,这很可怕!,http://mp.weixin.qq.com/s?src=3&timestamp=1503136812&ver=1&signature=SPOFvGd0rL2FnxJ*Ntm99rCqITxJomC-V7F8ov1BDMQlhRwlemfxVaafG5W81GpjSJwVp2ec42OIoVTmHkesIJmmMgcLLJ1HaST*g6sDrSfMvjboHRTkv2ghO0kssIPo-NktzH5JvUNSnyuE3M-s5AdhzEhJLE2l4wET*NlrmfE=
良策基金,http://mp.weixin.qq.com/profile?src=3&timestamp=1503136812&ver=1&signature=T3pgsn6pkSk9CwJiOARoSox6wJxBQDjtwz4UZZsiY8RSFlSOMqBLG-iIQXZ-aPLa9qeKqtol2PbiVLDTaKMaog==,微信号：gh_94fc5db62ab6月发文 21 篇,良策金融集团旗下的控股企业,主营业务包括债权基金、天使投资、VC投资、PE投资、并购、产业基金、投融资顾问等方面.,深圳市良策基金管理有限公司,房价长期是涨是跌、会不会崩盘,买房如何增值,这篇文章全说透了!,http://mp.weixin.qq.com/s?src=3&timestamp=1503136812&ver=1&signature=Ss3bTDPwcz5WqduvsUd*kr8eGx2uiumcQQvFvYpN3-9s-7d-vvKAvGDOEUEOjtX5hHl9I94AaVePXQmksR-9ifTmV7zd-6qZe*SF4gBhL12SbZyx46W1ul0nbAySQ*uTNEwKnV-MkHu5Aewqk0KfxS3T5ZmYizn5Fan5-CkZ5Bc=
新生基金,http://mp.weixin.qq.com/profile?src=3&timestamp=1503136812&ver=1&signature=K3J5TVqyPBtv7C9Y2TjF3n81l4iEmBRuPMr1p5Ke8V*1Dp2eSpizzPqXQ2SwdVtOjuJf7PDrHkUBbEeJuTjiSg==,微信号：gh_bd3ab6dcc3b7月发文 4 篇,上海新生股权投资基金管理有限公司的唯一官方微信号,帮助您了解新生资本的最新动态、项目介绍、接收客户的意见反馈,更方便、快捷的为客户服务,上海新生股权投资基金管理有限公司,【新知识】了解并购基金,http://mp.weixin.qq.com/s?src=3&timestamp=1503136812&ver=1&signature=6j4HZ*bVeG1GnXKb-9LunRyqriZXtZR5rtqEy8E1S2s9RcUwwxa2kkg-5g2t5FtsrNifgkG92UfdvGetdSMt06jtVh9ur9vUJWt-NwH*4JzUYl5NdbIpIthX3nufcuCk183jQLNKUQ0W4EBj6MnGTz7BuLnfNAZ0R1Ou1MS4rZU=
大德基金,http://mp.weixin.qq.com/profile?src=3&timestamp=1503136812&ver=1&signature=INM19Fq1F4pLb5dnWxauOdAPRlBDzEyTUXCfUNAZS2OJWJPqYJSTT*WyAGBGWJ7F5HBgrpa6rW1sahDKZ19ijA==,微信号：dadefoundation月发文 4 篇,助学、救灾、济困、助残、安老、抚幼,重庆大德公益基金会,四川九寨沟县发生7.0级地震,http://mp.weixin.qq.com/s?src=3&timestamp=1503136812&ver=1&signature=WGj3nPfjJg0bO-bBG-y0hdH1WKZtjIA8-lr6GGaRs7I672eWTlR7ktNXEHme3ZwKNA6HGWxIskcU5I7DnsTXg0VZwRa71uXBY4D1wIWooL-*UptyijhEYJpOBi8rw*cGKHr4yXuHQxS7cz9wIlt7P4xz7z13Ar0P8vfL*VvRse0=
浩通基金,http://mp.weixin.qq.com/profile?src=3&timestamp=1503136812&ver=1&signature=L1ldGGsrusVnNigRnYMkPEfaptTt1z*s-uyClzSPaDJ9PSLtef2JjFBZcebLUPXF9Tvzm5EkhWzElwBrH0bxQQ==,微信号：haotongjijin,河北浩通股权投资基金管理有限公司注册资金5000万元,是经石家庄市发展和改革委员会审批备案的股权投资基金的发起和管理机构,亦是中国证监会下辖中国证券基金业协会备案登记的私募投资基金管理人(备案编号P...,河北浩通股权投资基金管理有限公司,,
天晓基金,http://mp.weixin.qq.com/profile?src=3&timestamp=1503136812&ver=1&signature=gyZRvjMKjaomZXPosv5257OJBIp9BtSXhqu8w5ZcAaD5Ci2zPCMnkF-GzxkqOYD01xuBPo3bpl9e9UZpAvV6lg==,微信号：tx-fund,天晓基金是专注于股权投资及基金管理的专业机构,涉及投资消费服务与农业、健康与生命科技、先进制造、能源与大宗商品、环境与公用事业、金融与地产、TMT、军工等八大行业及领域,以及持续关注国企改革、上市公司...,上海天晓股权投资基金有限公司,证监会党委召开会议学习贯彻习近平总书记重要讲话精神,http://mp.weixin.qq.com/s?src=3&timestamp=1503136812&ver=1&signature=1HsT2S0Slu*S186mj55afztfW0vXNc9iEebyS4kVl49lD1czCuVt39YnrxP4OAXHPuekw3bt01cI9oG9gxw-cEuce8h2kpkb6LYogxcYKPFuTO*0YB349glvJiObs4NfnleksqfBqdkjNxEaFGF7YAfGKQ88FxmJs9jGd5zvdvQ=
国泰中兴基金,http://mp.weixin.qq.com/profile?src=3&timestamp=1503136812&ver=1&signature=q8p6QD3Cy*ZvmFRddcBrvPd78qVbRDcObK*ysb9s7fE6eBPoFtdvkWPXXk6DwPgXM9pGWpI2HyQtwleqWsQGzw==,微信号：gtzxfund月发文 19 篇,国泰中兴基金,专业从事投资和资产管理,是您的财富管理专家!,国泰中兴(北京)投资基金管理有限公司,8月18日收评:新热点正在崛起!,http://mp.weixin.qq.com/s?src=3&timestamp=1503136812&ver=1&signature=0AKAHVLqSTrom5PIhbNbITmRnoNImmW5wuFYNDkrMCIBkGIx7XwiNQPv6HjPDAxNt-HV5232pqwkTFEj9KZNP1pzSkVFBAYJ5As660CQRkMAyw0eFbqGXpB8ksEoy0VGtm3BpZSPHlz01viGCJ3GMYd8PKXRnD4QHI-gEOkLL-k=
汇丰晋信基金,http://mp.weixin.qq.com/profile?src=3&timestamp=1503136812&ver=1&signature=p3CqAI5VUkNaqtVNfU5BQuVDN3HSLe2*H5zS3n9h3IgE*Y2WYWsSorIv55F6lQyhikA8GMsrd6SyxCzP3t*lPg==,微信号：hsbcjt-fund月发文 22 篇,汇丰晋信基金官方微信,汇丰晋信基金管理有限公司,中小创连续上涨,板块轮动或加快,http://mp.weixin.qq.com/s?src=3&timestamp=1503136812&ver=1&signature=uYU7bpS21X*YKEVELAdmN69r9wMzXaQGlv-LEBSPrBAnzASYbdzRvB-OuUbQ*Qqx1FpV0HsC28Jy3T-czi98Vvsmg49kPadryLURhJlGvlpD2h0wNet2IVOtQlDRnTJ-TxFmSpOVFrMJSMWwGxiTlu7unaC3UbAmcpxHRM5yQ64=
荷瑞基金投资,http://mp.weixin.qq.com/profile?src=3&timestamp=1503136846&ver=1&signature=No6Y4OFjb1gqauPE7fn9zIgxtK3MVncPtSF7wsuX2UQcO1GFJe7zv9hWDn1UjhwV95EqaQQtWGdCugFUOYWiNw==,微信号：heruijj月发文 3 篇,荷瑞基金成立于2011年,是在中国证券投资基金业协会备案登记的基金管理人,荷瑞基金隶属东方荷瑞控股集团,集团是一家主攻资产管理、投资银行、财富管理综合性资产管理集团,为境内外投资者追求持续稳健回报!,荷瑞股权投资基金管理(上海)有限公司,房地产的大危机即将到来,你手里的财富可能将全部摧毁!,http://mp.weixin.qq.com/s?src=3&timestamp=1503136846&ver=1&signature=aspEwpmlw6bMyVDVSB6UANjuQcmB0XpCDpENVikbj6-UxibQfAF*-AAevKxZvkwtjlp4WscZcVK0*g5SV6*7Ny-TdQqrGWGMppK06IeezhxSlLYtt2MeTA8pPWOdKyxZpk8DEZqKBPaj820Sg*TE2R0ksBO09DgrM41a5*1lyLk=
中证金葵花基金,http://mp.weixin.qq.com/profile?src=3&timestamp=1503136846&ver=1&signature=zdtKoWGG5e5OMWmITr00z6LSb2VtZ-nAfPmJiieIxv167m0hUTjbTWuAN5SOTKpgKx-Joa3Ab65jFMLANybeXg==,微信号：zhongzjkh月发文 114 篇,深圳中证金葵花基金管理有限公司,主要经营受托管理股权投资基金(不得以任何方式公开募集及发行基金、不得从事公开募集及发行基金管理业务);投资管理、投资咨询(法律、行政法规、国务院决定禁止的项目除外;...,深圳中证金葵花基金管理有限公司,【泛娱乐】《太古神王》剧照首发,一睹大剧风范|中证金葵花,http://mp.weixin.qq.com/s?src=3&timestamp=1503136846&ver=1&signature=TrU43qJEZdIQ4jrJrXLO-bvs-pq4us3B3pxo9J7mR9ee*LYiqPcMrW6dpmiGNh2kHiVTMO7*m-TRMCB8E5SPdxsaXbT-HI-aA3-5Ds-0NhEO7mcLYBAAJOwNP*zJd1JPIC-kvsX*f5pnsRnduvUZ541LGokEz-h3lR61LJSwvjg=
溢银基金,http://mp.weixin.qq.com/profile?src=3&timestamp=1503136846&ver=1&signature=dzaU*RfNUAnzlNUBb*yV*DRFtuQi7qK*3FoEvjyRV2pzUfKd71LGXHCSiiYc630imwFtu3BLWjKV4fYN77jmuA==,微信号：yiyin-ppp月发文 7 篇,捕捉高速公路投资基金最新资讯,传递基础设施建设基金、“去负债基金＂最新理念,解读相关政策和推广PPP模式,搭建高速公路经营管理机构与金融机构交流的平台.,上海溢银股权投资基金管理有限公司,重磅!财政部对十二届全国人大五次会议中关于PPP模式发展、推进、...,http://mp.weixin.qq.com/s?src=3&timestamp=1503136846&ver=1&signature=XuLh1tWGNjZHBHCjgbAJwIycQCB6dAbAllo6VW5BuJWTfk*hdvztxsqCu5OdvhxYM15TdFp84DbBsnjLr9X8cLAxVSRH1lzTyzE86VVPiLd1tggWyk4HrCIqoNz-xyzs9G5ppgD0NFDDY2xAffSbH1zV7wK0KuiADhqrG*r85Hc=
银来基金,http://mp.weixin.qq.com/profile?src=3&timestamp=1503136846&ver=1&signature=NqRj0VnIsqhrwXCro5S*J6WB4nmwxwBwcShbZaLBpgXjg-MgA8BSA5DLGOMZxntsc2WP1qfjI*QqTCKGzpOiRw==,微信号：yinlandjijin000月发文 18 篇,上海银来股权投资基金管理有限公司(以下简称“银来基金”)注册资金2亿,总部位于上海陆家嘴金融区, 是一家以产业投资、并购管理,企业重组等为主营业务的专业基金管理机构.业务范围涵盖股权/债权投资、企业并购...,上海银来股权投资基金管理有限公司,厉害了,word宁波!私募数量仅次于杭州居浙江省第2、全国第7,还首...,http://mp.weixin.qq.com/s?src=3&timestamp=1503136846&ver=1&signature=so85d-PUmH-wxm4w-b4Zwd0B6*MqfQYDvdp0ki*FDMtOAujdu-KuovOvZITs3W90lTyVf9hYJ*8PsXIyY-OOLRY0Hlj4taQnSep6sjDwPD0nuuA6vVynmGQ0trP1UoVhvc933GS3vk1xEq8VyC3M2WJUTeKNXUyYJp8cDvGr9xw=
尚丰股权基金,http://mp.weixin.qq.com/profile?src=3&timestamp=1503136846&ver=1&signature=HBi3bJlajqpjtoS653-jVzgOFjSPzkoy3*MZQC7RXyAp-b9HmTiEmo9qo0I7pZuvZJCBvN2b8I2PdIj7x*kBwA==,微信号：shangfengfunds月发文 21 篇,私募基金、企业并购、股权基金、融资担保、资产管理、资产重组、证券基金、创业、风险、股转债、Pre-IPO、非上市企业股权投资等综合性金融投资服务,湖南尚丰股权投资基金管理股份有限公司,无法摆脱的经济网络,http://mp.weixin.qq.com/s?src=3&timestamp=1503136846&ver=1&signature=hehwrGBagwNaRJ0zCHjuyPVnIV3mRQFLUXtXbMP0wGoRUJd8jv*MuUeet2UkdCEmK2bBUKnt-MPiNoiNN43tVDP1cCnCVGjRJiGRwWzega0qacoWZ0VdefsV0hy1sJIABvM2ZJeuPTZe39PwMjzULzY8aAsO771xAnHLhur2*Y4=
兴银基金,http://mp.weixin.qq.com/profile?src=3&timestamp=1503136846&ver=1&signature=S9RikCnDh5IG4kNL1DBRjcqJIYspTgbEnT9GPZZSDUK*eXrYzh8OXyeio*34u49V8dDzKVFnqfE7EI1gPWZREw==,微信号：hffunds月发文 16 篇,兴银基金官方信息发布平台,兴银基金管理有限责任公司,,
岩利基金,http://mp.weixin.qq.com/profile?src=3&timestamp=1503136846&ver=1&signature=*FEbWDYg4sILDsz*sKlrmLsptUmFCkD9ULYuK6rJVt4eR--Ucws25EJSz8wIgSc7j9NZdmFcdMwQFNi6jtxpLg==,微信号：YLFund月发文 60 篇,事业单位下属全民所有制企业控股和国务院直属部级国有企业参股,经中国证券投资基金业协会登记备案的专业基金管理机构.,上海岩利股权投资基金管理有限公司,供应链金融风口正当时,传统参与者的机会在哪里?,http://mp.weixin.qq.com/s?src=3&timestamp=1503136846&ver=1&signature=jOwGzFhm52sV*Xtj5uJvvUHuJEz4vYkw02GC-heLEsoBGwW9czTZvArgCtnADYwMiOTsUUX1brHaEPqZYzfon7igIA1tIqFzDnI*PusbT66VVdObxLdh-n7M1xtl18g2UGKKiD0jSs3hEn4WKMhUlFRrRrC1gEfSs*E*4KFon24=
合瑞基金,http://mp.weixin.qq.com/profile?src=3&timestamp=1503136846&ver=1&signature=8bAqweQ514YI5fKjkuQXuceucFhPbY9Z0dT6QnJEeK294vplVs0aPDs0f7G7LAThMzy1o2WxOLqUddebJa288Q==,微信号：heefund月发文 2 篇,重庆合瑞股权投资基金管理有限公司专为优秀企业、优质项目提供Pre-IPO投资、并购重组、上市运营等综合金融服务. 合瑞拥有优秀的国际运营团队、具备全球化的国际视野,将协助企业提升经营管理水平、盈利能力、最大...,重庆合瑞股权投资基金管理有限公司,闻令而动!人民子弟兵迅速投入抗震救灾工作—为地震灾区祈福,http://mp.weixin.qq.com/s?src=3&timestamp=1503136846&ver=1&signature=bWS-lcCdkNT-heqJ6J-8YK-m6s8JLwSgaZIYrT6F1BFCmQ9hLqVQLcgf2xYrPFpcuY3IdVqAO1*BPhZ7fKcrYZcPQyTGRPaQ8fIQUoUKU07paesjDOSK1YFFcvFRjo2TOIhR9SavBPry1yFA-Rb6slc4QsJmsC5B*qj0jP9ffE0=
汇丰大通基金,http://mp.weixin.qq.com/profile?src=3&timestamp=1503136846&ver=1&signature=MCTaoeLkOXKaSRj3rKpx-JYpj4ET8l31quUwrp708y6mLX6n6iLMgJPLxLBcVrTODWv7Koq4Q14frEudLhQb2A==,微信号：gh_9a3124d9c3ba月发文 12 篇,深圳市汇丰大通基金管理有限公司专注于投资高成长性的“三新”项目:新科技、新产品、新商业模式项目.公司在项目筛选、投资分析、投后管理、增值服务和投资退出等方面拥有突出优势和出色的业绩.业务范围包括私募...,深圳市汇丰大通基金管理有限公司,高净值人群都在投的“契约型”私募基金,你清楚吗?,http://mp.weixin.qq.com/s?src=3&timestamp=1503136846&ver=1&signature=r7lRmq5tZJQS6WQm8zGGf92tOyU-eojYK4D6Kw2TYr-Dka50KvkdduBPHcYvzyML18pheSwkghyJ6qjUULwbYcxuuba7RfRzLrhbhkpNKTuQ5fvR7dQczWkz36yYE2Ho7CfKfhEgHS8YZ*Mvn2XL*HZKxw3h3C14dcFTWM7tGT0=
财横基金,http://mp.weixin.qq.com/profile?src=3&timestamp=1503136846&ver=1&signature=lW80RXYxks370qX5bhUqmS9NVNthgyeWXdnUXfNGa9iitlTMBpt-ZjhOIiRqTpB4pcbftQTJWML90dRnaLBJ1w==,微信号：shchfund月发文 23 篇,股权投资管理,资产管理,投资管理 网址:www.shchfund.com,上海财横股权投资基金管理有限公司,财横基金早报2017-8-18,http://mp.weixin.qq.com/s?src=3&timestamp=1503136846&ver=1&signature=vq39vAYil7bMqEKbPRBFZLjwWT0pn*Rm*dtDjDcoMLlRKDr7*vfsfyolOKTc*77g1Ud5qhjAkZXaOYVrWWV*YaxycknmBgh8331tWxVOnJ*6TW*65XS8VtgOChRCCFvTCNOQjboE1sgbi8Bay7QGUuSXV51D7cciMIdL0LuVCr4=
厚德信达基金,http://mp.weixin.qq.com/profile?src=3&timestamp=1503136883&ver=1&signature=bredxCumLnzn3cBMdatQZnV65XkXM8krBVBaYv3kyfuRSwOmU9doOYI9hpGhy0WLrn7i1fH1avYcftemIrlQ*g==,微信号：hdxdfund月发文 1 篇,【厚德载物,信达天下】证监会备案阳光私募,备案编号:P1002369.专业vc/pe投资、新三板/主板上市企业定增、并购重组等股权投资业务.股权黄金十年,共享财富盛宴!,深圳市厚德信达基金管理有限公司,,
中国合伙人基金,http://mp.weixin.qq.com/profile?src=3&timestamp=1503136883&ver=1&signature=NMZapkojR0ENChgsbhYXV14goWOx4IurOPokgHic8ep9A4xZi0MV5FaOzV-ipGCerl9jKVhYLzUV7h55S-YI8w==,微信号：gh_5c0edb030384月发文 1 篇,中国合伙人(上海)股权投资基金管理有限公司专注于基础设施、PPP项目、新能源、物联网、高端制造业等领域的投资.重点开发央企、大中型地方国企的投融资、优质资产重组、结构性融资和上市等.由境内外资深基金管...,中国合伙人(上海)股权投资基金管理有限公司,交投建一行对中国合伙人基金进行考察,http://mp.weixin.qq.com/s?src=3&timestamp=1503136883&ver=1&signature=gBVSD3a-XPgR1PedpN05MyGnh0LvdPDg*xI6KKfKNWpHVO0*GlCnN0YcetrbypOH9vl8UdDWfJSwnH4RombwX3J7ytgt7TQ*9NLL-oYV0HQHOFeeo4vTAyQYNi5RyP33Gb*-*einKaoJ-jWA8L9V*y5sgPuvJRQsNkj9s-DnB30=
为方基金,http://mp.weixin.qq.com/profile?src=3&timestamp=1503136883&ver=1&signature=SGc*IgoofCoPNkT4b9NjCepVd5auwDYal0f3Alqb9j4b*fJ6WLNYoUVA-YaTuCCrETAmGtkSVhlA17lSZ2Uc4Q==,微信号：weifangfund月发文 42 篇,为方基金坚持“价值为本、风险为先”的投研理念,在合理规避市场风险对投资者收益影响的同时,力争为投资人持续创造最优的回报!,上海为方股权投资基金管理有限公司,巴菲特的血管里流淌着80%他的血液|好书推荐,http://mp.weixin.qq.com/s?src=3&timestamp=1503136883&ver=1&signature=6YLLPZFZuFbFs3a9b60yaaPFghv9U9RCsO-RSP7zXG4BzD**adbhD4lSgY*zNtpIx7sFOymfxITbAFA7NOEqep3bJIR5V7vkGxELyWDJkxa4cDlbBSlBiERr*ZpPbJlKwFPDBj2ijpAmiVl9HQaJgB8tt65iNgoepJE05TFhg-M=
乾立基金,http://mp.weixin.qq.com/profile?src=3&timestamp=1503136883&ver=1&signature=OrqZsSzAL0IdfpRrCzHJvQGEOxQbMna4U1N2cXJbweuStS3aop4scmNlRKrgiy9hZNWSMJxat-uzet5-aIm1vQ==,微信号：chamrich月发文 16 篇,专业挚为,创造价值.,上海乾立股权投资基金管理有限公司,虔心乾行 | 以房地产基因布局泛文化领域,http://mp.weixin.qq.com/s?src=3&timestamp=1503136883&ver=1&signature=9aW-SFzwchnbJMmYcO20Rx0cFEulIHvyth6dwiu7WpeNhuItPa5cYC6f1AcB0zcjifzvqEL8IlWe*2o3f6eAdZRP6xHaDEbqdiJunywV-Ybnz1Sq805VTOLaG4zzsyTMdu4LgUEZoqJkLqonGWpbtLqCqdiaALidDm0Y1HhvOQE=
丰田助学基金,http://mp.weixin.qq.com/profile?src=3&timestamp=1503136883&ver=1&signature=T42yOAY5Cv3DovF3EklazRgtF9ykg5qaf3Skk*DvJj06V-2ezULTYZX2KPz75WT*aj*pgjTJbAjP*d*QBcmM3A==,微信号：sclfftzxjj月发文 15 篇,“丰田助学基金”是由中国宋庆龄基金会、丰田汽车公司于2006年共同设立的助学项目,旨在帮助中西部26所大学家庭清贫的学生顺利完成学业.希望通过项目“受助—自助—助人”的公益理念,帮助学生完成人生转变.,北京飞蒲公共关系顾问有限公司,读过的书,看过的风景,就是你的格局,http://mp.weixin.qq.com/s?src=3&timestamp=1503136883&ver=1&signature=JobDMEAvlCRT1qnr1n4kyKPoZP6kPJ6CenruaLyR86L7jMyTQCYeDoEVvwIIlVE4COaiBbUThuhnslmdrtVXT7OqOTbfp5tj8uUi3EjaGFf75iup75LFPDjBn25ATYO3Q4C-EHmOINTUO9pgl-nGWhMIFelbqPj2KXUporigiyU=
水基金公益,http://mp.weixin.qq.com/profile?src=3&timestamp=1503136883&ver=1&signature=8XpNPN6gXdM6m2gCrmZ03bG5KEWLDy96AoMnYFioyG2yZU-U9Q3YYC3xFdszrafHra3uTOZFFT3yRv9I91ItwQ==,微信号：sjjgy_dyh月发文 34 篇,助农村留守老人、留守儿童开展爱心公益活动及志愿服务,并提供公益及志愿活动的策划与咨询!,大同市水基金爱心公益协会,【大美大同志工】“我爱大同”全国广告人摄影大赛志愿者招募令,http://mp.weixin.qq.com/s?src=3&timestamp=1503136883&ver=1&signature=CZg8Z9jCU*oOGiWX60Pnhjz2jasgYeDvQE*ZUhi4WsTm7updnQNes0Q5d8LDMJlYLDzF3aUA8b9SSB6qfZZIbI11s6HqPnSAlLIgdct64TEdY*KHHN-WS-CEAaIbGDVyMP*BcAjp43takt2o5VOhB2Iu8JX11CdM*ber-tv5wCI=
文化中心基金,http://mp.weixin.qq.com/profile?src=3&timestamp=1503136883&ver=1&signature=IN88OXIA4Hh4uncdDkDfVLlwPc0E2MuB8sJfTzGM2lhaKo5LVEiorx37LMYsMDHjPdS5znbQnCu1G-QmuVOTIQ==,微信号：BCCF-Public月发文 3 篇,北京市文化中心建设发展基金管理有限公司作为基金管理人,发起设立并管理“北京市文化中心建设发展基金”(简称“文化中心基金”),基金总规模1000亿元.,北京市文化中心建设发展基金管理有限公司,消费升级下的投资新风向,http://mp.weixin.qq.com/s?src=3&timestamp=1503136883&ver=1&signature=XFYCeS6lzZsf-fsfd2kji*aHtSalpFT4VZuDTRf3byExkfc5ausbUtFJmHaoTOanwMDuZa66YCNji93y4i1QhrDge33sLLA3mhRRxT66Xi8FMyKK80s10iceQNp*mkwSptpqs1NXTQcpdCzzL7DgBzEvPqVaXJxcsXy7oNN6s7Y=
农开基金,http://mp.weixin.qq.com/profile?src=3&timestamp=1503136883&ver=1&signature=K2GbvCX7VGZrOKiKUzVmtFfdG*zLWmk0b57gZMyaaFsdOOTvKkYrP6oJllroBCVfo8RukonKOqp2pxp-QF5p8g==,微信号：gh_e7ce08e7f2fb月发文 105 篇,河南省专业私募股权投资母基金,财政涉企资金改革的主要推动者,致力于推送最新的政策法规和行业信息化平台.,河南农开产业基金投资有限责任公司,规模600亿!河南省产业集聚区发展投资基金实施方案&管理办法发布...,http://mp.weixin.qq.com/s?src=3&timestamp=1503136883&ver=1&signature=79wGKe5oh4PzoaohJALl50e26YPp-qyjZi4O02zxZIzfP5MakOAAy14iDn4MRXVrCE-oDmMQvPnA8d1L5SbL0MFnZ*2v1a4u6gft9KHZCP-eYWQBpzM89NWPe3I4u*YyirqACeiOxB*5NWmECsv5DvxI5aF38NWzpuAyorVn5p0=
天首基金,http://mp.weixin.qq.com/profile?src=3&timestamp=1503136883&ver=1&signature=nYZj5Hs0emx5TD6EazYAkAkCtqJEHJEuZFIemd2gELXJQsrpLsTNnPtCPAyoMobll1Odf1clNJT77-bMT*kSXA==,微信号：TianShou-Fund月发文 95 篇,天首基金— —引领财富人生;www.tianshoufund.com,天首投资基金管理(北京)有限公司,【天首微课堂】巴菲特:60年经典语录,我投资是依靠自己自律和别人...,http://mp.weixin.qq.com/s?src=3&timestamp=1503136883&ver=1&signature=hGrrfRAOXth5v5ThHVTxAPt4BZx48iSPsaPhOAGQHcr4zu5gRIn6BAk0DkIRv1CCwf7Z4LLmhSL0hulxZBnBpaNnJQQTRWIs6jklq0Kpb*fEOgTrV8HKMfxpt1c1HNNXTSytAuFUhUJxsygiXihcXfjLhX3Fone54R5kEjnI2q0=
置富基金,http://mp.weixin.qq.com/profile?src=3&timestamp=1503136883&ver=1&signature=xOfzuXpYE*dq4WQfdG6Clzb25msyuGeLslFSGlVgnqjXAHMMsgeffG846FjhGXPbLc5E7cp0V5dEo4TEriDYXQ==,微信号：gh_eda895911212月发文 20 篇,融资租赁,债券投资,中小企业私募,股票投资业务,新三板,定增等业务,深圳市置富基金管理有限公司,中央动真格:保护民营企业家的＂恒产＂!,http://mp.weixin.qq.com/s?src=3&timestamp=1503136883&ver=1&signature=RptFM8HGXi-Mb6KYjrtCNRIuypmGrSl3ZY13VQDAv7s4H7Emka76DBOm9tgyLMrmU2NcoZMldqbv7dsEy6Rmw9cp*570dgq-OOhFUINOMBpUAA8MAu23D0n*i15y-zulNkojysUDjoNj7eIwWJcI9X-vu98liwvUM8L8GNaj2H4=
合丰基金,http://mp.weixin.qq.com/profile?src=3&timestamp=1503136916&ver=1&signature=ETIuABsRE8yT1av56YP0MZ44uB231gXo9W6JiewIBKCwYUlhRvmpN5EQJoFp4ppyE4J7j8l2kOoBh20LPV7Yew==,微信号：hofofund月发文 22 篇,合丰基金是一家专业从事股权投资及管理业务的基金公司,秉承专业、审慎、高度负责的态度连接资本市场以及投资需求,实现资本与企业的连接.,上海合丰股权投资基金管理有限公司,合丰晨报【2017-08-18】,http://mp.weixin.qq.com/s?src=3&timestamp=1503136916&ver=1&signature=tWMsHu-5-UEo2klXC4EU-Zodrfox6rgWai8*cX62ajI94R*XNNaLMf3WRgL4cxNnhLqXvkXNzxuZo*mG5M6Imyn1IodiZBvRD*PSmzwSBq68qcpFrPynBMBJryUDr-Y4wLrWOWT3BwFDxpScVPyIwTFdyvTPVTFs4XLn9gEBaH0=
琛恒基金,http://mp.weixin.qq.com/profile?src=3&timestamp=1503136916&ver=1&signature=5Ify4oRd*4k8CtSprABQ-FzO7sRcWg-aAoJ-sj3ZkDiLy3JwNVSin96zOl7*o*Z4W6FdDYBPJs3xuPH9UUWJjw==,微信号：gh_12f1e9b7952b月发文 20 篇,“琛恒基金”是佛山地区顶尖的高端财富管理机构,专注于高净值客户服务和资产配置,是一家以财富规划、股权投资、并购基金、项目融资为主营业务的资产管理公司.,深圳市前海琛恒基金管理有限公司,琛恒财经早读(20170818),http://mp.weixin.qq.com/s?src=3&timestamp=1503136916&ver=1&signature=ldIhkaVYhfOnYScJ-pcB-0Tby-QOdt1yb5lRHnjX5P*xDW-KfulQmnh-YHjhje87tj93b0CrmdsJ36z2zaU3vPjHFesR5mTOFarND7Jq54Mbr1WI3Zx8ntjVtpok-lsGi9YFSMECf-IqX3vi06*e3i94Ncn*RAGF8eIC9oLHJG8=
富勤基金,http://mp.weixin.qq.com/profile?src=3&timestamp=1503136916&ver=1&signature=ShOKrw6HkkOsdHeUIZX*eNBLKWrQ2*MzAgMCb4nI9qmMXGCe3cThQBiO1wqAmZVwC2bRDtYIzbFsD5GRaLaxaA==,微信号：fuqinfund月发文 63 篇,了解更多产品信息,请关注富勤基金.,河北富勤股权投资基金管理有限公司,读过的书,看过的风景,就是你的格局,http://mp.weixin.qq.com/s?src=3&timestamp=1503136916&ver=1&signature=kHO6oM7hBTSkqHkYVEUVAy-tSuHDHxD*25-snPEtCWEjkCifr1lCXKwfyI-VKmcNlm8JZRbsXiM-FXW54FobikG*RRNXBW*s9dLFCaTqIzgdIpa5Ou39tCFyi6lS6wGIg2rK0oSUhtoRRqji2TaYPjTJgo3*dM1C9NXALRmK4Us=
宏杰基金,http://mp.weixin.qq.com/profile?src=3&timestamp=1503136916&ver=1&signature=MuPZUhodpz5vp4bvjxn-ZPA2Limroz1iLlz8wXNjGaUvUslcu*iML8zZhEQw5M411muycde1CIbpT3pZ1g6HUQ==,微信号：hongjiejijin月发文 64 篇,关注宏杰基金,做最有价值的投资.,浙江宏杰基金管理有限公司,如何绕开余额宝的账户限额?,http://mp.weixin.qq.com/s?src=3&timestamp=1503136916&ver=1&signature=pyoKUWn9vLMd2hMn-fGUpt99ZqqiubkygDExweTdBCE*EXb*nVMD0QAzKJzO*-wsXbwNk5CrSlnyBCCcYUt-sKjA8a0GyYOu5LzXY9ThE6G26QfNJlBhBo4gE0nktFbdPW6FK76q5V-u*1CZqtZUoFPJsQhW94bsD77aqvAPBls=
国丰基金,http://mp.weixin.qq.com/profile?src=3&timestamp=1503136916&ver=1&signature=Qvk8a*vxd8mpVubf0BXZscOgwfEiV7MqVLEu*ALJutWSovmH-FqeXTPUPqVNnt5EnwVPacjhHjDGDERq6xJaZg==,微信号：guofengjijin月发文 58 篇,投资管理,资产管理,投资顾问,经济信息咨询,项目投资.,北京国丰财富基金管理有限公司,本周反弹强度超预期,上方3300附近仍需注意,http://mp.weixin.qq.com/s?src=3&timestamp=1503136916&ver=1&signature=xaGoEtqKo6Ishghcoibsq6INRLRiTsUgJGAhwY3hSUTMc4QP8Nn3FlO6ml*IRxPsUWzQL*ng1AZU0g4WrOdrk5qEP2ThZUWoYheiOLvxltGGx9He7lBoN*njdXQaU8loY7--R3zfbb8ispR-HBhJ7GDLJ8kuOE0pNGOm-iaH3WE=
北京股权投资基金协会,http://mp.weixin.qq.com/profile?src=3&timestamp=1503136916&ver=1&signature=OBK*leXcGX19uf6It4AS8ZQ2XrPPwPRNQCThzQHb*0SbgTPRDcD5Kh2Fq1Odku8FU2PIVouX*sxjWlWTYZK3Qg==,微信号：bpea-bpea月发文 86 篇,北京股权投资基金协会(BPEA)成立于2008 年6 月20 日.协会致力于促进行业环境建设,建立自律监管机制.为会员及相关从业人士提供专业咨询、辅导,基金注册、备案,商务会议、培训等服务.,北京股权投资基金协会,【人才招聘】某美元基金财务人员招聘,http://mp.weixin.qq.com/s?src=3&timestamp=1503136916&ver=1&signature=Ne0M0HN5yCyf9EVF4*jQU2Va8r08Jl1SOIDZij2f-iiFcbsEQfYzPQZG-hexh1VLV5EGVyVL7g823TViVpvZ33sleEqcGiK8*410Y50q4MKPhK9vFg3o9*wOtwhIff501XRGMrejM1b3bG6Z*ti7RjKumtpLoTly*eCHmFsqPw0=
国发财富基金管理,http://mp.weixin.qq.com/profile?src=3&timestamp=1503136916&ver=1&signature=lKzQVdhcLu*NXFXM*UJK5EFvchHx*ttGU-1IFgs3yVGZcP9F8jleiD2SoJHA8dG4fwYS8j7yZ*Rks4vDQXVpEQ==,微信号：guotoujijin月发文 51 篇,主要为地方政府、国有或民营企业发行管理阳光股权投资基金、私募股权投资基金;为个人、机构对接安全投资渠道,融投资、资产管理,快速资金解决方案.,深圳国投融投资基金管理有限公司,POKI CAT 美式健康休闲餐厅连锁项目原始股东合伙人方案简介,http://mp.weixin.qq.com/s?src=3&timestamp=1503136916&ver=1&signature=Dbta4L88hGtdReXtM*kN3tNXmLxjd5KBQuRZhT8f5D5A2OBEyGnke7YYsTpakFT*uKkBfo4SgxnL7-Yv31EIQyOcQQ5JW2e8nRtYMF3Ek7OQRKg5x2GyBJHtGQkI6OzTREFUdh4IiPp9J2BmNX*8gs1RMddlRd02b8ymbQeIxKY=
江苏省政府投资基金,http://mp.weixin.qq.com/profile?src=3&timestamp=1503136916&ver=1&signature=XJYgtJnVVYkgp7S60fxUclQ1hhvtMBIvA7aRklK-RNimI9iTq-rmvu86XVBdqw*J0-NAFcuBqBjo7Jo994FRmQ==,微信号：JSGIF_WX月发文 22 篇,江苏省政府投资基金,是经江苏省人民政府批准、由省级财政注资为主、基金运营产生收益等为资金来源成立的,按照市场化方式运作的政策性基金. 本订阅号主要用于传播、分享投资行业信息,坚持非营利性原则和目的.,江苏省政府投资基金(有限合伙),物流助力实体经济  国务院又出减负大招!,http://mp.weixin.qq.com/s?src=3&timestamp=1503136916&ver=1&signature=O*P3FXSvNtVaDvq8sT7uBkSd4lc*VpuNm4sS30KW8hP4BKIq4MEqYfwEWRb5x8qai6dUWtrzHbQ33321LBOIED5F8plARToxgBl-2YY2bIm9yTg6mY9-SjqKsWiITwJ-I2GPlsFS0vIhE8Pf48fvJzEbjSxv5EXQ4eU3BIAR9j8=
益蕊慈善基金,http://mp.weixin.qq.com/profile?src=3&timestamp=1503136916&ver=1&signature=jc-vT3AwFIOyQgw*OT-9grVNxArBlVmsb7dt-ytALQ0BDCqDepjdPkkmRYPHhuX-mO8bmB6aH3SN1MZrXK*JXg==,微信号：yiruifoundation月发文 50 篇,益蕊慈善基金是脑瘫儿童专项救助基金,为中国儿童福利院患有脑瘫的孤儿,以及家庭年收入低于3万元的贫困脑瘫儿童提供免费康复救助.,中国儿童少年基金会,别让善意被欺骗所玷污,http://mp.weixin.qq.com/s?src=3&timestamp=1503136916&ver=1&signature=JQ7gFbpNvG7gcZWeOOHeYaDSUFIW-d8nX-MS5V1NV4mfMdM6nwBCXv40SmDWeCw7rbisEoG4owmr5xWEpV8KGw4vUWcca6maQFeSHdHSaewf0BZjYj0B9EuBHQdFMxenm2DCOCSuawQIG6g1FojZT7Z-wlBf3FHHZxHxUZOJDps=
道高股权投资基金,http://mp.weixin.qq.com/profile?src=3&timestamp=1503136916&ver=1&signature=jqbam98nCKrTISXGPlrILchMFSkUUC*6PRwmawEKeIJKEwDGkaHZjFo90aV*GilgG4wyzwmjOOHPLnlH91Suqw==,微信号：dgfunds月发文 85 篇,道高基金从事股票基金、定增基金、并购基金、股权基金、PPP基金和财务顾问业务,拥有证监会颁发私募基金管理人牌照,为中国最领先的市值管理专业金融机构.这里将和您分享最丰富的信息资讯、金融资源和企业家资源...,道高(上海)股权投资基金有限公司,私募投资尽调全清单,一文解决!,http://mp.weixin.qq.com/s?src=3&timestamp=1503136916&ver=1&signature=MjMVBgVUbzoHte*yQTqDKMkXG6a9*8JyzzWcn0uEb*2YOE9PbtUDW2met0DXZBpSjK9Wp*gqSW2cLPm8oPh-XduTeehJV83jibibsB1uzWUUNdezgszNoiVyLq4*Xdf-FYPdKAqwUjVqdThL2U7JcxIsJ79G3xTkMOZKRyqDKg4=
天津股权投资基金协会,http://mp.weixin.qq.com/profile?src=3&timestamp=1503136952&ver=1&signature=wSDdFpwi*xmwPXhfevapuFAxvKIuTK1UzpjO1Jxwuc9ck7xQ5B*XuttqyEVoT-4Qoamh91o0fZcwZvizyY8CaQ==,微信号：cpea-tj20070916月发文 231 篇,天津股权投资基金协会“CPEA信息服务平台”的开通旨在宣传介绍协会,同时参与者通过微信方式与著名的Fund管理人相互交流、合作,及时得到最新行业信息、政策法规、业务培训等服务,为会员单位、股权投资企业、...,天津股权投资基金协会,许氏家族指责严彬:将红牛在中国的业务据为己有,http://mp.weixin.qq.com/s?src=3&timestamp=1503136952&ver=1&signature=ttUz60WBCMvTLmRRObx6xCKq40XtTmYqtI-DhLiMLUfv2Ry5620l6EcaEOMEveQtfP8ICEmm-nMRgh-gP7YG-JxBs39tg3qKFZ30HH5QrBOCHFoWVEyExG4gLshqnEqynVimFt*hClU6sz7hCW8lUky1QNjjgEfwGQISWiKLxFc=
中邮基金订阅号,http://mp.weixin.qq.com/profile?src=3&timestamp=1503136952&ver=1&signature=gFSMDQuxFLPTGJo*aeYE4Xj7ejkMmeHa-oOX5uWXjJtLgGW90LxcTQCBXd4oxp5rpBihf4EEWkatPpqZxdj8tw==,微信号：zyjjdyh月发文 22 篇,请关注中邮基金订阅号!,中邮创业基金管理股份有限公司,中邮早餐汇170818,http://mp.weixin.qq.com/s?src=3&timestamp=1503136952&ver=1&signature=0cbXh1x5sSAtagsccFSofSzzCVF-6PlKQIpWklxekcOszppL1rsaHtFlP-dWhPfYAA8wv68j0XCghCNaCbQLFCWAI8icu5qEAUPCZlpwrT-lW4Gg5KXC3Key6fimg9Prnw-M47w*9BRGqonk6nR0sARDUoSH6i3djiusjt2yQNg=
真顺基金,http://mp.weixin.qq.com/profile?src=3&timestamp=1503136952&ver=1&signature=FW6yaD9OFg513FKwONCEBHTCUze3OSdHIHN05ZHb5rrzUoBxWTxaKCYe8AWadg0Z6Zb9pwdvNgHrojNN4zm1Yg==,微信号：zhenshunfund月发文 9 篇,真顺基金-公众号平台,北京真顺投资管理有限公司,累计20亿次收听!程一电台想抓住90后的耳朵 | 真顺新闻,http://mp.weixin.qq.com/s?src=3&timestamp=1503136952&ver=1&signature=F3K1qiu33B91lF3sW9IiN9ZkmXqMxD0YrztBvEAyOLb4QwWizYb47QKOnOXaarse9QzJtNe3OsCHhRsH3RFQwWgj8l*WQNxZj62BIMCp7OarWFe4MYKCBZoJds3MfME*9ChcXl5y1-zoY-RER73Y2T1K7-E0PvIjhEa1tbnjf90=
芒果微基金,http://mp.weixin.qq.com/profile?src=3&timestamp=1503136952&ver=1&signature=QqucgThFVuBpzyrKZoSHoVKETIqaERcPC3VfmAu5NeGJxr0GFqdcWBuKROG1xiGoRYNylqv7WZuz8XtOPlP43A==,微信号：vfundorg月发文 30 篇,芒果V基金由湖南广播电视台、中国社会福利基金会发起成立的全国性公募慈善基金,秉承“公民慈善、快乐慈善、透明慈善”理念,专注于在广大电视观众、尤其是青少年中进行公民素质提升和公民道德建设.;;,中国社会福利基金会芒果微基金管理委员会,”歌手音乐教室“落户雪域高原,http://mp.weixin.qq.com/s?src=3&timestamp=1503136952&ver=1&signature=YX36OUqPZwmaFjkUmTkTm0LYl3l7wLnkdL9uwAzmpQfBnHe1ROy3U4IAXFZOkO3VwnBu7BHRZIQNnLj72nDuQHBvmR2iPJuQfcP4c0oL-GyYeSXgKyqVuwsvQJbc74Ad2qAkE6WG*T8XKGbsXiBWEt6*GL-Le*AnFBbnP*uVs*c=
允能基金,http://mp.weixin.qq.com/profile?src=3&timestamp=1503136952&ver=1&signature=-KsnAWMYSfm7GHwMf8Kx8CvhmvJ-Js7l63EqPvI4svJ0EvzOpWYoHCfKge5lUglOsMBxwfeGtTPoWiVfLjSfaQ==,微信号：YunNeng_Fund月发文 23 篇,解读国家政策,预判经济形势,为投资者发现价值、创造财富!,润泽允能(北京)投资基金管理有限公司,8.17 今日复盘:混改反弹,雄安雄起!,http://mp.weixin.qq.com/s?src=3&timestamp=1503136952&ver=1&signature=re6RU-5sEyc2dKmf3nM5T4eKo29SxP5nFTzoAW3IASJzWG5puYjUL510oUX5tQJ1sMlqtnpbAcbAO-yj8QxcYoVNzOM92xv4toeM-F8rFl381yy*ungAHPn2PnOemh*Yrg5T6ib6YLP6vdnQ*nSkA*aFzE3qJ00C7ZE21zBW4ME=
神州牧基金,http://mp.weixin.qq.com/profile?src=3&timestamp=1503136952&ver=1&signature=KSWfaEQJo8ezO5ZMOtmgMrXg-6y55kffQezb9hCjtu2kXhCXWW1nzsQa74w8T34p1UEHEth3cDrRWSKVphWgSw==,微信号：szmfund月发文 9 篇,神州牧基金由中国私募基金行业新生代实力派代表辛宇先生创立,是中国证券投资基金业协会私募基金管理人.公司在牛市中屡屡斩获丰厚业绩、多次获得全国年度/季度/月度冠军,在熊市则谨慎前瞻数次回避暴跌,从而在行...,北京神州牧投资基金管理有限公司,中国证券投资私募基金百强发布,神州牧基金列第28位,http://mp.weixin.qq.com/s?src=3&timestamp=1503136952&ver=1&signature=eqvdQbm0wgGcgjTPPB0rxIwRv58v4jKQK6J9exUttSUdxmw0hSNTFZKhpcH1bDm5JoEPdBCKDoBYrl-mrVHQF1Jd78t-62uwH*rSv7RRAQZBnAPrt2jw3yC2mGRdwlvTMHwvvGMNSZ7iJXTZ34wkLipHGexUjx0rmCE-mXzcU94=
卓汇基金,http://mp.weixin.qq.com/profile?src=3&timestamp=1503136952&ver=1&signature=TiXMNtr1iFYbB9SniBklvwP336Y4Vip0uFxtWSP9hPgPJ3PonZLAYPbbNIreQU8OEg0YTvMopP4iYjryPLNJLw==,微信号：sjz-zhcf月发文 104 篇,为投资者提供最有价值的投资方式和投资信息.,卓汇基金管理有限公司,美股逃过黑色星期五 华尔街为什么欢呼班农出局?,http://mp.weixin.qq.com/s?src=3&timestamp=1503136952&ver=1&signature=BW9-Xb69DIpL9vP*-UISSCZd4Tb-xlxTErB4WDuvoWtoFCRKnEUvK0cPmlJvNUkKE9gzSj9JKVlwIDdgo6oe3Kh-0KPpdXPGKbRCuSo5aFJUsAYcSwebqTQ4WHWH-YPSzxa*YACB7dT12h2mWZFHPAZsLKWpv2D7jYxRpXx1lag=
含德基金,http://mp.weixin.qq.com/profile?src=3&timestamp=1503136952&ver=1&signature=*W-x7jKRKc4qInJpybLUvcRVYN37D4tS36hiMtW2vLZoy0BKg4hEYSONB4Nzs-5csOzZ*7sGGRpyF8IrKbMNaA==,微信号：Hdjijin520月发文 14 篇,含德基金成立于2016年1月,我们一直坚持以安全投资为宗旨,以客户需求为导向,依托强大的集团支撑、专业的投研团队、严谨的风险控制,为投资者提供资产管理、投资教育等全方位的金融服务,最终实现投资者财富的安...,上海含德股权投资基金管理有限公司,【含德·实讯】中国连续五个月增持美债 超日本成美国最大债主,http://mp.weixin.qq.com/s?src=3&timestamp=1503136952&ver=1&signature=pfNrmzfvV1hO612JRQ42WLhVcyWZZS*Pkr0lPXuNXn4wQ4fZleiBMi31pu*S7*dTn*yzlLsJZk0phzP3hSoUontUXJI9SklCx2YTlY1lB6n2-VgJtu4W2bAfZaBuP*rAb811gTIgJE5a*ObuKivS8-9vlDJD294lJ1VSh4qU0-A=
中原航港基金,http://mp.weixin.qq.com/profile?src=3&timestamp=1503136952&ver=1&signature=XmkH1F*ABRkvLn0Mh*1l031cPPgw7fQ*4flK3FyMBVB4G2mQkL1flnoqklPFeSt8uzvf02mFTNwTqdECsdQyPA==,微信号：hgjj798月发文 15 篇,河南首只超百亿元产业投资基金——中原航空港产业投资基金,以航空港实验区市政基础设施和优势产业领域为投资方向.,中原航空港产业投资基金管理有限公司,发改委谈下半年促投资重点:全面推进165项重大工程,http://mp.weixin.qq.com/s?src=3&timestamp=1503136952&ver=1&signature=E0m9Qm-5TnBniwvze5zUaTr71csB5WDnMeLL4-XavupOe6LHks1Ra1tluvfmvdt1ZmvV1dO5SV1oCJccJF4t365nW*7jyjJUDXomP0w*qJojVnZPw19Kr6aSeD7hwbJpnz-U*vCWbk6cEjZ86ZxdQXITCsycx12WFw87FyL3vlY=
普泰基金,http://mp.weixin.qq.com/profile?src=3&timestamp=1503136952&ver=1&signature=YgjuvmyJW37AvNAHzwm6mlN3a17ZERAbdCjmANxY8q8g71KBmC37tlsciOMas8DcHoik4EZikySt-*b-GrJUPA==,微信号：putaijijin月发文 14 篇,吉林省普泰股权投资基金管理有限责任公司,吉林省普泰股权投资基金管理有限责任公司,高铁设站背后城市战争:争不到高铁 书记、市长下课?,http://mp.weixin.qq.com/s?src=3&timestamp=1503136952&ver=1&signature=*gKhHSNSZr14mavl1LbaSLLyrMAsEP78UqX8rKgZ1nSLhFxq6DgOzFgpbx*kTQtdBKhrh6mbAP1PNFQGXejBbdYkfygVZ*PmBr0MM0DC9p1mOd7vl6rF2s6z55uJn1nU-p4Gk0zAHKkFm8soeImP-ZOiQcgLg2cNtkLXreeofWQ=
立达天地基金,http://mp.weixin.qq.com/profile?src=3&timestamp=1503136984&ver=1&signature=9Qys8SLXpbWCNPzXCkPW6frgqpq*4rzkjF1kZHW475ZLCD57VXes*K-BhGiQ7mOf0x2nqt*Lqi4aGg3oSL2yNg==,微信号：zflida月发文 5 篇,本平台由立达基金管理公司负责运营,旨在为您提供最及时的基金产品讯息、投资项目动态等介绍.;“立达基金”,期待您的关注!,上海立达天地股权投资管理有限责任公司,立达快讯|携手德恒律师事务所,联合举办“立达产业基金发展”研讨会,http://mp.weixin.qq.com/s?src=3&timestamp=1503136984&ver=1&signature=uFzAhuE2G6lj-zzIHNJA-J-M72vSuDVH1SSFGkYfiI8XGUHsAKNHlnQtkcpcD7AQel861LJGTQ2t5TftEPsoK8rxH8EG23bvz4AR6aStGRQz-EXVZYKR9ym0mNasBxLLbyItJ8Qi-Ha6ojXYi-6D9-oRQ3b1S*9Hdzd3k43tcTo=
蓝丝带基金,http://mp.weixin.qq.com/profile?src=3&timestamp=1503136984&ver=1&signature=aiG6iehrJ9iD0NE4B6Ee03bgXlErAvMg9IPbf11CrVIcFimyDSPjbj1*ZxbITZqLW*4OWRtuFxOFObdeBWXvCA==,微信号：CSWF_BRF月发文 13 篇,中国社会福利基金会蓝丝带基金是弘扬蓝丝带感恩、鼓励、关怀、爱的宗旨,着眼于为公益事业服务的原则,团结协作,为需要帮助的人们献出我们的爱心!,中国社会福利基金会,乡村教师成长计划项目发布暨99公益日启动仪式圆满落幕,http://mp.weixin.qq.com/s?src=3&timestamp=1503136984&ver=1&signature=hCdGBsxSDlK3R8-Qy0bcUaA6pKRN4FzMi3pv5gKaX4ZzEbLiL-mV-t*kNv4feNmvmb9jdCwNFVcfcxWoTM-jq9I1ufHeH5NqDKmV6W7tvR-uYfmx6b3Mvxi3UzkJ14JUesHdiStdxNWiBZPoK1wcqpAbdxdkurr6jYPmWBRsFVs=
国购基金,http://mp.weixin.qq.com/profile?src=3&timestamp=1503136984&ver=1&signature=YnmNj7Y5f0zaVedaNjN609MzDR-ODKp-G3FjaLiSH4SEV25McrX8-iRgEheI1Rt1PCA1x*JF1hQL27ObdtlY9w==,微信号：guogoujj月发文 40 篇,汇集财经前沿资讯,聚焦热点新闻事件,挖掘市场潜在机会,为您理财投资提供高价值的参考.,深圳市前海国购股权投资基金管理有限公司,《我们是谁》国购版!彻底刷屏!(文末有彩蛋),http://mp.weixin.qq.com/s?src=3&timestamp=1503136984&ver=1&signature=NyP*2nf3XW5InS2-Do42HKB-L6r8LuU-nNYSl-PwHLZxFu0liqQbihKyYSSeFHSEpExmkYdUK89AhcC*-4owF-h9LrrAFPenjymqUAKe2gTkTLoUOVP-1XGNnR*oxqRwg-*zw4XMjmimwI7wLEFu8n7u5JON-VU-D5tbhC90hVc=
磐鼎基金,http://mp.weixin.qq.com/profile?src=3&timestamp=1503136984&ver=1&signature=qZWSrnokHqsgPOweTEqibCs6AXbEJtdf10mkpmj4tl4ClVhmDUIZ4EcGhZ3D7eZzJCjXq29FlkQ5ttXsD-*d3A==,微信号：pd-fund月发文 22 篇,京渤聚投资基金管理(北京)有限公司,又名磐鼎基金,是在中国证券投资基金业协会备案登记的金融机构,总部位于北京市东长安街1号东方广场,系一家专注于二级市场的专业金融机构,致力于为个人和企业提供优质的资...,京渤聚投资基金管理(北京)有限公司,磐鼎基金 ● 每日收评,http://mp.weixin.qq.com/s?src=3&timestamp=1503136984&ver=1&signature=Q*P2fGx3vvR0Hgok8M13MAOxpiN-2nnyEbdUZRmg6eWvViruvtMA41FWjYg4pEdaALtRo9wVmaK*dP50Pe9MvPOxgUo0NJuhHjptxqLS0zKaN41KxnaMdgt9*4Vy*sSQhqmfDtc-EUWmEhYrVWJw-fMYsPi*8GJn9MEeM-ZEyxI=
京道基金,http://mp.weixin.qq.com/profile?src=3&timestamp=1503136984&ver=1&signature=tZHWOdab7hqlOGr7TZjpPbpP5NvYsC2jxuQ*P8ia8CHokJ7YHiodyWG2UFhvQOtV0vIYtIMI*nKNKBPv6ai7PA==,微信号：gh_7aa7030fc709月发文 1 篇,精于业,赢之道.京道基金是专注于国家战略性新兴产业领域的创业投资、股权投资及资产管理的专业机构.长期坚持审慎稳健的投资风格,通过负责任的投资行为不断为投资者创造财富、为企业创新提供推动力、为城市发展...,厦门京道产业投资基金管理有限公司,上海帆声图像完成逾亿元C轮融资 上海京道旗下基金跟投 |京道新闻,http://mp.weixin.qq.com/s?src=3&timestamp=1503136984&ver=1&signature=RBHw-vnkB6mPLN6va0MFBV5Qsv4XCRDAWgzTemhRTynIvC2n4FXeP1xH3mzCzg99wd2sIXHGLY99QHATOGSOjni5pAk0DuK5DoXAK2nsbLWRv1k3gvYoS5jYUJPyPfnZ1NqGii4el45iqSwvMxCnZzPZ4ahxmTtUqLk1f9zVJ6k=
雪杉基金,http://mp.weixin.qq.com/profile?src=3&timestamp=1503136984&ver=1&signature=1XpuGeQA6EXeBkvhsepOF15z-VI9VvpsozNIXJGR5GdKtYpprElN4g0ZSSFfUr1zyHFvwF1gCSaKzvuRuE6e-g==,微信号：Cedar-Fund月发文 1 篇,秉承“稳健,持续”的投资理念,通过追踪资产价格指数、利率、汇率、指标性股指等宏观经济和估值指标,以分析并提取经济周期中的趋势性行业和事件以获取最大化投资上行收益,并按投资人的风险偏好和投资周期创造稳...,深圳雪杉基金管理有限公司,雪杉基金股权投资基金平台雪杉资本获登记为合格私募股权基金管理人,http://mp.weixin.qq.com/s?src=3&timestamp=1503136984&ver=1&signature=x6NiVm4LlZlhJx2EG7dFj-hrSynaXY34nFhZzl0cvwY27moH4-1GsjwhBWc*oJUkNDpGv5mbhSiMXBFdpRu1DWQLOX0BkkgopjJq5n77ygelNkh4AopXkgX58an6p2bl7pOP6dTT3V2JNY8JNRuZwH3exI0qFHAMFCIHmbqiM*Y=
道冲基金,http://mp.weixin.qq.com/profile?src=3&timestamp=1503136984&ver=1&signature=-dCEfW4116aLRgaWOXiXKdvC7uGwy34Cs9iuHwvtZwdHU-0q2ZRVoy-B3AHmeguVogd4KXA6UCG6ncHUHQ9oXw==,微信号：fjdctz月发文 21 篇,道冲取自于道德经中的道冲而用之或不盈之意,并隐含中国对冲基金之意.用对冲、平衡、多样化的财富投资产品来管理投资行为,达到需求可定制、风险可预控、收益可预期的投资目的,实现客户财富的安全、稳定和持续增...,福建道冲投资管理有限公司,20170818:混改走强,周期股回落,http://mp.weixin.qq.com/s?src=3&timestamp=1503136984&ver=1&signature=jyzRyd0ILx6ZSV0iQn8nc*xTJWEtEp6vdp1Cs1mLC*AJRyb9Bzwe*sQhTJHZcVmGaK7atz0sQz-1fXpDsV-iCaG445i*yF3-zr0x6-zP4gm3REsstnbWxKbjWh5Fjur-UcAMUgr6560zP0kx85v-5yv*-eQj6V7R-R-pSzsP0P8=
巨谷基金,http://mp.weixin.qq.com/profile?src=3&timestamp=1503136984&ver=1&signature=kf*A-k5CEcga0h*f42bCaLEocBl3979-YwCfzT4fE73G1tMLtKAeqplIIj6Dqug2BRAPnxjI40*lGwgfQcaVqw==,微信号：JUGUFUNDS月发文 34 篇,公司账号,为客户带来更加人性化的服务.,上海巨谷股权投资基金有限公司,巨谷基金证券市场周评8.18,http://mp.weixin.qq.com/s?src=3&timestamp=1503136984&ver=1&signature=rv*JC8FUX39H1ivNuVAPh98ktUHpmt5-4MIYXgzCQAPtFRW5*zPa1DYC*jjIhe78OMLVW2e8FKxPrQeLD6yvQCZHtvc4T9Lf6UjOpkTpodow8LPEKDnhMgCF4qGcMxJ1C*OdBT9jn125-fx2EMSICmKdLZdURZGJU2HoLP2aTrg=
拉隆基金,http://mp.weixin.qq.com/profile?src=3&timestamp=1503136984&ver=1&signature=aGP2DHbLXQ9-Uq3lKTeSB0EOjgtDrkr4QGzfiJmhlobORfTldt-jmHX-SW*D5QFpiKtg6fH3DIdYEAw9hGtRlQ==,微信号：la-long8888月发文 15 篇,拉隆基金,主要从事基金管理、风险投资(创业投资)、私募股权投资、融资顾问及其他资本市场运作业务.,厦门拉隆股权投资基金管理有限公司,卫哲、王刚、周航......6位大佬对共享经济的独到见解,http://mp.weixin.qq.com/s?src=3&timestamp=1503136984&ver=1&signature=oc7TMaLTd1Qecc*G0GAb-Bwf8ehccUkpwAGPSfPM4weYRkmaK7Jn9L0FQ*Z3oQmHajO1duvU7D6fzg5pJkmMsUdkswO2YDVqohHZwFBbMLodbeOQKNw7TF4c7Rq9iFEjbyohdD1hK9JeQUoF3zX1ZDH0NhhChASEg0Pq6e1o3Mk=
南通基金产业园,http://mp.weixin.qq.com/profile?src=3&timestamp=1503136984&ver=1&signature=oKSmGgnwII4lKsMATzarlUsSRdMqDQuIi7V3qTsVImnFK7M2lvTsveSBYIUIDGujGq5MU10immSuXIvyuP87AA==,微信号：ntjjcyy月发文 1 篇,整合金融资源 服务地区经济 创造社会价值,南通江海金融信息服务有限公司,首届南通陆海统筹发展基金产业投资对接会活动成功举办,http://mp.weixin.qq.com/s?src=3&timestamp=1503136984&ver=1&signature=2LnxiwyJsCLxaXkgGv3gFDQE8hvYOIxGdt3ooTLQdAI44Icw8WcvyF71fumbmQ1FYzeSAgctfngjdUplE2SOuadINEQpkMRckOox5S2jjVDWt9LU2QOobvGcL3LfAeqzGE--0Qw7EP**Xh83*EOH-rXcuZzBcX2D8QP86BBvvOk=
泰有基金,http://mp.weixin.qq.com/profile?src=3&timestamp=1503215155&ver=1&signature=vk*UyaU6jePxuXgg04M8s6CHsNCUcH8HB2MIpgYTtzup5MtW0O9QMN79S16hXjUa*mXyxAitfm25PZXgSEF7wg==,微信号：taiyoufund月发文 3 篇,北京泰有投资管理有限公司专注于种子及天使投资,在国内发起设立泰有系列基金并在海外设立平行基金,立足于世界著名创业项目聚集地,寻找产业转型升级中的机会,重点关注高新技术硬科技类的项目,努力打造成为一流...,北京泰有投资管理有限公司,【泰有分享】阿基米德,在任何地方都能控制家里的窗,http://mp.weixin.qq.com/s?src=3&timestamp=1503215155&ver=1&signature=bo1M62smeDXrDANgZf13x9G7QepomodjrVbQtl25Lpe5WgneA-23HRmKV1X9ugnkpD4iJ4Syk5mIT5xCnRGEX2nQQE2jevQg9*if5WCp3wT91CiX4wF1xTb*CvPAHmoiJkFHC559sbSnNNPzHzNUc8IU22LbaBBoPUQ1-z9q1H8=
海佑基金,http://mp.weixin.qq.com/profile?src=3&timestamp=1503215155&ver=1&signature=1x0ejQgRlJstj6ZknvQNkGTradI0dZ5NFUl5F96avVChZ3voJzUJ6as9vk*zX2y-*yOeT2g6C1MQF5xPKpC-uQ==,微信号：Haiyou_Fund月发文 5 篇,海佑基金主要团队均有丰富的金融行业工作经验以及投资经验,大部分来自于知名银行、私募以及会计师事务所.海佑基金投资秉承专业、审慎、负责的态度连接资本市场融资以及投资需求,实现资本与企业的对接.,海佑股权投资基金管理(上海)有限公司,大动作!王健林彻底告别房地产...,http://mp.weixin.qq.com/s?src=3&timestamp=1503215155&ver=1&signature=nv0vCLIO84kIiD-URRZR0fe8Ua-uSJJMa56dxICsG3xS*8WRwJt1eLUbVLMH8z2t-UxRkX4jV61jR-23Yy6H9oGOlHJI1midECWRB9Hq8uij2gVja7-sLGka5mpAjVznz63TEgCEITu-pYpiJ5jrYq*4n-qnfW6DlSaYxYeZn*k=
凌商基金,http://mp.weixin.qq.com/profile?src=3&timestamp=1503215155&ver=1&signature=lf90-bG0Nj11wmh8oHeJZAVubyrCJ9S0VB9TicLBmb7aTkAb623Iwb6wY1pglLIH4xTET3WZarGWCVur0pzXJA==,微信号：lingshangjijin月发文 4 篇,凌商基金,深圳凌商基金管理有限公司,凌商基金旗下产品净值披露 20170811,http://mp.weixin.qq.com/s?src=3&timestamp=1503215155&ver=1&signature=G83bDPiTjvORRhUOk1-LkhCFzITz4UaSW*E75pLlgx3TDQkZSF7qSZutGT2zRgTaPQWAFnohOmvcKhP2enW9A2qJSsKM8i-LkUP6uDjLQHwl800Qf6Bdan-6n*nRxnpM498ZFePnL98kU2Bl1Io6cQ29TF2rqPgxXoWvaHY2qCI=
CRCF行者基金,http://mp.weixin.qq.com/profile?src=3&timestamp=1503215155&ver=1&signature=o6jD6g9Az8cAfpi6AGPmnOB4vINnKCrgpdnNsiiQSAwOszsEe4gJ3FNbrAI5MK6hsIkg2haOWs400*bwWskQ2w==,微信号：crcf03月发文 2 篇,行者基金是中国红十字基金会设立的专项基金,开展“爱的行走”“春草行动”等大型公益系列活动,倡导健康生活方式,不仅身体健康,也要心灵健康,让更多的人在健走活动中得到健康、快乐,并奉献爱心.,中国红十字基金会,微山湖上的诗意----“春草行动”滕州行,http://mp.weixin.qq.com/s?src=3&timestamp=1503215155&ver=1&signature=Quo8AhZlIY3rl5b*tiwd6bB49XkpH8uGogrPJd800auS2cYiz2Pr5Z3Uhh1qhttStfNs8HZo2VNv1dpbqENWfjoxx0*Gn4TfDXRyaxSWyElkVNJaXuI8ApWV3IpYkAW*B4S4Pm7D*aXSpGobyWHxzXZTzLllLhQybeXA5maQCI0=
CRCF亲基金,http://mp.weixin.qq.com/profile?src=3&timestamp=1503215155&ver=1&signature=5FXyYHWgKHi3LrRPXwWGyjASy7ZvOFy1tG-3iyoFQ1b0TAEJWcPVc*97I1DE0A55YqUauSRHhD9AkG3IE0-W6Q==,微信号：gh_0840b2d8342f月发文 1 篇,「親基金」教育基金透过整合社会闲置知识帮助中国贫困地区孩子增长见识,中国红十字基金会,有界无边:教育的发展和全球化,http://mp.weixin.qq.com/s?src=3&timestamp=1503215155&ver=1&signature=AexJsq9kVDeNjTdbfHd1SZkm7-Nze8bPp6nrgtMGjs1OIzdyVOBUlIbnPbQxHe-UIk0L5DSdORpt9EC4*9NXOPTNcJfW501JD0I71QxQ0qPp16cwgI6VkTe6zVTFbCSRWsKgFjqGuS1UwVFQYj2ndtu788XVmkLOfNLyzW7SJ2U=
中外建基金,http://mp.weixin.qq.com/profile?src=3&timestamp=1503215155&ver=1&signature=n7-cdNNzXwBCs2toM6RsXIcoWGtVegOTS5uOBnsWMyGSHZYsKcDfljiRP9GyFfI3biKeE8NTna7JLbd7AAn89g==,微信号：zhongwaijianjijin月发文 30 篇,中外建(北京)投资基金管理有限公司是中国对外建设有限公司旗下专业化投资基金管理机构,以独立、专业、严谨的态度,精选最优秀、最稀缺的投资机会,为客户进行综合资产配置,为客户的资产保驾护航.,中外建(北京)投资基金管理有限公司,建微关注|780亿的联通混改闹乌龙:外行看热闹,内行看门道!,http://mp.weixin.qq.com/s?src=3&timestamp=1503215155&ver=1&signature=5tJGiUacfIDk3N31Jzldrzm4ULAoqnCm*GH1ABeC56yejnV6Mulc3*V*aULUiW2knRsIg4GkmoHX85e8*Wh1uESO5IaUiTOgkZx13bhMPXJ4eR-Fd7qB0IrPLTm3XFcXOoabX3HlcWxRD5vaOFTjLkDz74yDCXOwOSPd5JI3u7Q=
南坑圆梦基金,http://mp.weixin.qq.com/profile?src=3&timestamp=1503215155&ver=1&signature=fl52SG-9BTSpuYqtUZ1Arwvbc*kDCpjWo0iQedzq4VdwTpFmebh8jxbuMMdlhs9fK9Rd9tdDjN6c10L*DAvAng==,微信号：nksqymccjjh月发文 8 篇,慈善公益,深圳市南坑社区圆梦慈善基金会,童心智蒙夏令营开课热身(家长进群啦),http://mp.weixin.qq.com/s?src=3&timestamp=1503215155&ver=1&signature=OLzfruf6jxO989zw*Xt9YWN7WDG*RPCNqK-FUJK9oYwOnS9tJAT2riBiBhxqjpUsJckqo-yJT4jUtirSBtky0Vaquq*rMHav7*QJygweG8MDGK3XnY7jPa-z--ve9cbSEs8d4FnsQ0h916fyXjH8Jrts4r9zn*rfTIBVKgpAR24=
中汇金超基金,http://mp.weixin.qq.com/profile?src=3&timestamp=1503215155&ver=1&signature=9kcCXDWa*vM1Ts8Qq06hOvQCwPDhZVFQq2K1235y0ZIbIlM4PBc8L8J7JbFpwxQO6c*bOl-h5xJJYH-rmZhLfQ==,微信号：nxjijin月发文 1 篇,宁夏本地优秀的基金管理人.管理宁夏政府产业引导基金设立的第一支子基金-宁夏金超助贷基金.,宁夏中汇金超基金管理有限公司,热烈庆祝金超助贷基金与宁国投签订融资协议,http://mp.weixin.qq.com/s?src=3&timestamp=1503215155&ver=1&signature=BM9RkhIurzHpxd*QoQZPYjlU2qrJ4y*5ii2MQNLyiCg0Q9yIu5rQd33hiSquniBEnzBy5Wk4Oy9JCDbpGV9IhnjnEmmw*fRv7boSCF4PXAhdYylWMIn1Ra8iHQEBP3CO*FesSJAld6c7g3iMleuEpdyLKftX3QUz2WyKy8muPgg=
鑫厚基金,http://mp.weixin.qq.com/profile?src=3&timestamp=1503215155&ver=1&signature=WPIxR5HhW6PX9y5tDd-955LchkdUfZB5qK0RDyiRdZE7WavhkxZ84XguSsKnkVIvzSnTKyqrEvFDOQ0SBaLlCg==,微信号：xinhousimujijin月发文 3 篇,信息与资讯推介,浙江鑫厚投资管理有限公司,产品最新净值公告!,http://mp.weixin.qq.com/s?src=3&timestamp=1503215155&ver=1&signature=pWhu7mvHRYaLCoErXC0YROBMsa7GBju**dii2DpASq4VBeYHaADu0Vjdl*D5lzxAeBD9o1je3MMKo5VUaChtLAIYVMQpGfu7hcftK-ehTDNaicU-d6vAibbFhWYdr6SVavkqQ3E3tJTc-ddvKqQdQ2qR9Yol5kh9wOVmQJCm3GU=
沣涞基金,http://mp.weixin.qq.com/profile?src=3&timestamp=1503215155&ver=1&signature=-9DkcH1aOmkZAkz*oBS9j16gVbzWJIE7ZRfVtomDQ6AytqutCbRLJXwLJHbqhcuhuKSzg92AnGXLnD4Wsh2OWg==,微信号：fonlai888月发文 66 篇,公司业务涵盖互联网金融、实体投资项目、投融资资本管理、创新科技和文化产业园运营管理等诸多领域,致力成为中国基础金融服务平台首席运营商.,上海沣涞资产管理有限公司,大消息!70城最新房价来了:北京、上海...这些地方降了!,http://mp.weixin.qq.com/s?src=3&timestamp=1503215155&ver=1&signature=jT*QoDAwcKU-LRsghReMB5pF1J9sdw4vTC0c4Ag85bFot3Jp*klVD7c5lKGDx36uLBO0xD1CA8RaTNVG884PlZkj-lEy8glIni1qEGBvginGSIvF97FMJvoTD7yEcFilRf6KVsv*wBxmHXcvuxvOwCoH3Ecbf9yBDrqHrTECdOs=
顺彦基金,http://mp.weixin.qq.com/profile?src=3&timestamp=1503216695&ver=1&signature=zfgK99SjElz33eL9xLh1g*pwUes7Pe5bnYCtiZOusCyM9J0gcMLIxk5N3*uKlStmJalUvhYKVp2Q9C83OjO6dg==,微信号：shunyanjijin月发文 3 篇,主要用于股权投资;证券投资;创业投资;期货投资;风险投资;,上海顺彦股权投资基金管理有限公司,国内级别最高人工智能大会明召开 产业链望再获关注,http://mp.weixin.qq.com/s?src=3&timestamp=1503216695&ver=1&signature=ePOfDgpWaIy7zterbvc*imgK6s4BiBHEO-4yVavRGdIAOTVVNsCOLa281oAFCgSF499LYSU9whHmBFxAb5SHTj*89abmLUBCeLZdk4jxgOthPeVsXwdZ6Tnm*ix-hAtIl0P4xdd33jzZivk3wVLIDLqYMKXf35P2DFGecLKa-zU=
上饶转贷基金,http://mp.weixin.qq.com/profile?src=3&timestamp=1503216695&ver=1&signature=K43lC*URiNYH9L41PcawcftwE-orCczvMHEbzFXz7T8qVeY1mnrSlfNaaOfjC1*o2dTOh-4*cB-7lmJYPajaMQ==,微信号：srzdjj月发文 4 篇,传播资讯,以服务中小微企业为己任!,上饶市中小微企业转贷互助帮扶基金有限公司,科普 | 什么是GP、LP、VC、PE、IB、FOF、TOT、MOM,http://mp.weixin.qq.com/s?src=3&timestamp=1503216695&ver=1&signature=oHUvWeeSDK173bQ4nUg9VjLNkJNe-AJ78u9vkC-m4iplZDRIlcJkqZxsRmU3uEMmx2s*ixbR*ye6g*E*QVbft595Ds8ypDi2LnHWzDcfhxQ1ahNXptNF83p3o7mjJv*bbcPHhyBlGbVGsENq4GxSrWHIjA5fmrWoj4Jsnc1CmG4=
澜潾基金,http://mp.weixin.qq.com/profile?src=3&timestamp=1503216695&ver=1&signature=y2iTv9Ztyf1pqQI6DSQGPa9rLjS3r6xpTVOURCjpI-AZbHR4swwHqPspaX4RUvs3ZX3DM-D2nHQw39umulI1rA==,微信号：LanLinFunds月发文 39 篇,帮助您了解珠海横琴澜潾基金管理有限公司的相关信息、产品、最新公告等.,珠海横琴澜潾基金管理有限公司,银行伸出橄榄枝 基金静悄悄攻占余额理财,http://mp.weixin.qq.com/s?src=3&timestamp=1503216695&ver=1&signature=B*59cJ3wbaFXzmkFq*h0cmb2dhA-AzDtwyWvvG*zbzuUjxpdJiRhYc1TVk3zwd0ljspMJMonIdWJkbJaHBw7w0KuTm*7GmQ4htvNTuuPLbquHs9d6JN9EcGYNWAcwoc7jdLkIMjhuUSM7*XkgmImQ7GGZ3nLymHVUW110J42Oqc=
尚融基金,http://mp.weixin.qq.com/profile?src=3&timestamp=1503216695&ver=1&signature=PZCZ8mGPHIiPJ0QIipmiInBxB2yKOE9Lh*RZdy6c4WhrdV2XcZEk2O*sZqpULnm*43zuP2ThK1nEiabEs-w1tg==,微信号：dysr888月发文 30 篇,您身边的理财顾问,东营尚融股权投资基金管理有限公司,今年以来中国海外并购总值减少近半,http://mp.weixin.qq.com/s?src=3&timestamp=1503216695&ver=1&signature=gQgAF-eT4LSy*qSxVxwAeihrsHgoCgI3p4MnqlQAAYMH579czPdJWiAziMuX-g9vIZ6PedIMMnK8ELFMo2tQrkTFI2Rl*WlMMUByFRNa2ZikAk9F-MCDTsPn0skFopjb-6qMg88SmzNAb*h1uxQ1xESo2-gC1-a34BSkkcb3ars=
睿豫基金,http://mp.weixin.qq.com/profile?src=3&timestamp=1503216695&ver=1&signature=zGlk8zcGRI6rpsW6BG9VkHZ-UZWZtt3Y6EsQ8W5w4m0VPEFrx7uQPVHrfXWC0pV45g9jeddHxM4Xl0y5-R3Qjw==,微信号：shrykg月发文 33 篇,私募基金管理,睿豫(上海)股权投资基金管理有限公司,这些冷笑话大概只有金融人才懂!,http://mp.weixin.qq.com/s?src=3&timestamp=1503216695&ver=1&signature=g53onQW5lI5SHH1Keb0Zx1bTox*9QEdiLHDrSKciFHa4Z9HNUkny1nw*N3D1K3oe2B6U7JI-CCjFwcTgcqsMhNwuSwlDJV6OX34zhShrJlCLKqp7s*dwJ5UnyszCLyGDyIKF7jc5RAB6Pugvt5wUrIhRPuRtxwLzZeiXDxRCuRQ=
中和阳光基金,http://mp.weixin.qq.com/profile?src=3&timestamp=1503216695&ver=1&signature=xk1PAh0ZYl7AWlsHXbwQ607NF3I*v72Iogrwji9JFLvD5*Z8729Pn1Y44x2xQT5*trRv1I*NTifB6w9yEjrNFw==,微信号：zhygfund月发文 31 篇,关注财经动态,分享理财信息,管理股权投资基金;资产管理;投资咨询;投资兴办实业.,深圳中和阳光股权投资基金管理有限公司,【中和干货】一个高手的交易之路,http://mp.weixin.qq.com/s?src=3&timestamp=1503216695&ver=1&signature=K412CnpcDXB6fDV4RbacXyiVsSN-hb87y17uu49Svcg48ilFan2e9LeH5atIbNIBS*esnewwhKQaM*fuJwvJw5kAe8U-GLilj2bkrytvbd2ZZyuf3-pJyWg8-im6RlK74HTa2s3jLhK1ncNYqGFpDxybHS0E8iaJBGkeLG84rMg=
汇融基金,http://mp.weixin.qq.com/profile?src=3&timestamp=1503216695&ver=1&signature=hyqRLDV8dwQvRXETfqKqgIa7GFhPMnXkUOEu87Ri*7Bhx7vn96yBbRJSLozJi6OrzGtILdZD7osJJVrflIpX2Q==,微信号：gh_ea25ea3076cc月发文 100 篇,汇智天下,财富通达,汇融基金官方微信服务平台,深圳汇智融达基金管理有限公司,股权创投私募基金继续强势拉升 突破6万亿,http://mp.weixin.qq.com/s?src=3&timestamp=1503216695&ver=1&signature=6f9hWXzcowXWZpEf6g-c3jcpB4nxRxgwUVSvrZ8u5iAAUYJ9rBy9z74FJatjmSz4InW9AdcHPjqrdhndxiWrfivuFg1v*h1grJEWZerE2muOb*4AmS34iPSuAhnADfnBae696jLA7LeUuwYlmdxkJyKA7fA3R08vh4Msg8PRALk=
鑫鼎基金,http://mp.weixin.qq.com/profile?src=3&timestamp=1503216695&ver=1&signature=cWhmQBJOryJCM2G2uZTJRdPF8gKCIfyKD-4EBTSDAlF2TNG7ZNy20DV1sn5aWErPohFExIYhuf3dBzLK3yp8Cw==,微信号：xindingjijin,——成就价值,创造未来!,深圳市前海鑫鼎基金管理有限公司(简称:鑫鼎基金),湖北省襄阳市各级领导关爱在深企业家并莅临广东前海金融科技研究院...,http://mp.weixin.qq.com/s?src=3&timestamp=1503216695&ver=1&signature=O2l5DINAg8F7N3*Afv3LyoSOEXx-r0GzB9s-z-x8mAPpdIqOmNMJS*AdKgYOC786A1pAXcuTiK2cIDSQybYzR6--wj8ohl3OFMKABGbo1gi6IZ5XYrWTVo5vaFNoihCq8d1O13oGLMuyZHVSvQopiy2Bn5rhYIdBdBbORYxYJdU=
荣汇基金,http://mp.weixin.qq.com/profile?src=3&timestamp=1503216695&ver=1&signature=xpOOxn-QOFju2b3u6C8HxXSsrtY27lz4IB0oC0DqmgjXUzmKM*0IDnWus6V3nMuJCMYLuuzYOAr0xEvW3urrjA==,微信号：ronghuiinvest月发文 4 篇,荣汇基金是经中国证券投资基金业协会核准成为开展私募证券投资、股权投资、创业投资等私募基金业务的金融机构.,北京荣汇投资基金管理有限公司,周知图说 | 一穷二白开始,为什么有人成了富人?,http://mp.weixin.qq.com/s?src=3&timestamp=1503216695&ver=1&signature=SzHHgMrhfw6cHsox9lqejZXIWk-c8nV6j1q2AixgiGhnuxA7gRzHWvjcGiRyMM32HDuIRPsWl7q13SP*oJfamM54DA-J6sVQT-wd-JrC*EW7jZVi74ts2VQm6PwUptl9hKrrUhGyk1kNiff62QjdaYtdj-K0NqciCSq0q7Q4ED4=
尼基金珠宝,http://mp.weixin.qq.com/profile?src=3&timestamp=1503216745&ver=1&signature=-a0V6MhnUTsu8vMMzUvwljt6hQzw4BkFGcSxr0Kaz8c0pgWuB9RifwwZyfAzD09lLORYxqh7i9aWLYetnZq14w==,微信号：nijijinzhubao1904,尼基金珠宝店是呼伦贝尔旅业集团旗下的店铺,主营俄罗斯进口紫金、琥珀和蜜蜡.百年品牌,信誉保证.,满洲里市尼基金珠宝商行,,
嘉华兴基金,http://mp.weixin.qq.com/profile?src=3&timestamp=1503216745&ver=1&signature=sTslGRVzH*QrAmIft*aG8h8**zlgNhfnWHXO3p34AcH6r-hu2jV8gz3gLA85HA79x5HcBNugHgQdBFfeErPHPA==,微信号：gh_9607d2df39ff,受托管理股权投资基金;受托资产管理;股权投资、投资管理、投资咨询、投资顾问(均不含限制项目);企业管理咨询、经济信息咨询.;;,深圳前海嘉华兴股权投资基金管理有限公司,嘉华兴基金对2016年中央经济工作会议内容的思考,http://mp.weixin.qq.com/s?src=3&timestamp=1503216745&ver=1&signature=mvWrLDLTMT1ZyoZ4fCUyJWBAqumAhMuHsfZylCzdqjltANkt-L*7WkxWpnhsIZhK*T9CCog7A7KBNguZ8FGYGthNSCvGDNcq-zMVzI5J9YW5keufZTLLuIyQqcf2L3GvFMA5GCFQsTNu0vaTyOy6IPegxzgctMYjh8h2BtAQz7g=
市长助学公益基金,http://mp.weixin.qq.com/profile?src=3&timestamp=1503216745&ver=1&signature=Af3m1cIMzCwXf32Nkhxzr3rzL0qpU-OSYLUAQjQrCb78yvbJjkKTmcOCwVeoMlu5svX2pAoJMLgUgmCKrU4kAA==,微信号：gh_490440fdfc42月发文 3 篇,市长助学公益基金宗旨是“政府推动、社会参与、提升素质、共享和谐”.通过市长们参与各种公益活动来传递正能量,积聚爱心力量,共襄慈善义举,以“助学、筑梦、铸人”为已任,帮助更多的人加入到学习的队伍中来!,中国社会福利基金会,致公讲堂开讲,http://mp.weixin.qq.com/s?src=3&timestamp=1503216745&ver=1&signature=wchsXGSevcTq0jlY8MX8cMXa11kgb-ErlBMtf9G7colhmQ-lF8aQ3X49n6Qul0w8d20QLSJqjUGzB2Cr7vxSU-5QmhOyJLeUohG6R44xHPnRvb3*lflKq1incPD64hniHh5hCyNx4yiQpNIK4hDr82*G8kYRduaqjIRbHeHTY1w=
科学与幻想成长基金,http://mp.weixin.qq.com/profile?src=3&timestamp=1503216745&ver=1&signature=OI6HERJogiBo7eV8mdzvNaowtKVjbZZiH--1tfF2h15WdRSPdZjVuO7W5x*Zq4Mj8Sep0S5WJF1OE2VDOWQgCg==,微信号：SGF-42月发文 13 篇,科学与幻想成长基金依托于国家自主创新示范区,旨在推进科普工作、激活公众创造性,融入未来产业的发展,让创想和技术携手并进,助力文化产业创新,打造时代的科技创新引擎.科幻无止境!,深圳市社会公益基金会,首届“晨星&水滴”亚太科幻电影工业大赛正式启动啦!!,http://mp.weixin.qq.com/s?src=3&timestamp=1503216745&ver=1&signature=586*T4VEXIl7fGGBFM6h35tXBZA9nShjE5UzRtdQZjFxX8qDL9HjbgqmaVOtlil3f5yGQ6Gm5UrZyKP5N8IjArtBPRVbgOcnhDvqb-B49-oy1iEOl3C5*NaJlh0FBbTjv1lFybc97KBhHvRMQEG2L4MdBfowVmFh8vdfFOC3eCs=
长城基金微天地,http://mp.weixin.qq.com/profile?src=3&timestamp=1503216745&ver=1&signature=Ep*ZT5hSbHlYu0P50zthri-GSsz0ZYTgA-GkI-iKo64NAYD9Sc55KpnzF*TEzu5E90a5OEcAGSQo1erUPnYAIg==,微信号：ccfund_WTD月发文 20 篇,长城基金公司订阅号,长城基金管理有限公司,长城基金 | 上周债市先跌后涨,http://mp.weixin.qq.com/s?src=3&timestamp=1503216745&ver=1&signature=v0TsTsEYfI83ZZZMm3OxDCUz8Aj*4*U2cowqpZcUqE0HpR*lQScetFSjJ6bAWkQX70n0KzvdIAaaQe3CKe4OMENLrGvx4Lx56VPCWR7nVzqZl5P1ls5*Co0KDkYZonse040V-tAvkHkPsw2hacAzVRLliWSQKJNUWS-9SPb6lc8=
长富汇银基金,http://mp.weixin.qq.com/profile?src=3&timestamp=1503216745&ver=1&signature=6icSmXB1Tk22lAimC9y8f26MpJCn*c*3g8N*DwiixjbHC7hHcIaYJMNRcnkP2Lv9SuXao4k28vUpspoRqySdig==,微信号：MAIFund20130315月发文 25 篇,长富汇银投资基金管理(北京)有限公司,是专业从事资产管理的非银行金融机构.公司以“汇聚资本,创造价值”为使命,用自己的专业与敬业,为合作伙伴提供最优质、最完善的金融解决方案,创造更大价值,成为投资人...,长富汇银投资基金管理(北京)有限公司,所有北京人沸腾!楼市再曝大动作,没买房的恭喜了!,http://mp.weixin.qq.com/s?src=3&timestamp=1503216745&ver=1&signature=gw7EM7L0-kU8V4ydJKqWDtjEHW2zjlGzmEtxLZufzZuqTASLERqoLE3AHmmocD4plyOd*jnie-VvSJ8plwfTJUts3fz5Wpu6KyH9xN7vP5Krs2GsLYUa2Q5t6nTXy4H9lco1EUhwQeshM1kMtqyNuf-HaKicKPH2dsvY9m8F7cE=
北京高精尖产业发展基金,http://mp.weixin.qq.com/profile?src=3&timestamp=1503216745&ver=1&signature=ukJMDn0XvsrAT*OhsS*TqGFpCMsegVK*ph4NsYIpJ5OFSoRczxNxiD3dDhBW4x2fnVz7eLHkQ9x94rUWd-3DXg==,微信号：bjgjjcyfzjj月发文 8 篇,落实中国制造2025战略,调整北京制造业发展的领域构成、市场主体、增长动力、资源配置和载体空间,促进非首都功能疏解,打造符合于首都功能定位、内生于城市创新要素、具有国际竞争力的高精尖产业,北京市经济和信息化委员会经济技术市场发展中心,热烈祝贺高精尖基金荣获政府投资基金管理团队50强,http://mp.weixin.qq.com/s?src=3&timestamp=1503216745&ver=1&signature=2-UwYkv9KSc9dwO-Pzw2RNMF8XfobbWeFQrIvR*3SujOAcuDIvKaH9aQn9Dsl4REuOPbs61Ke*M9KkgO1sQr3flqehiXrtsa1uvBLPv80*ylc6v7zNiE7l5sOTvkwVM6vIqirLV7slU7jEZg3L7jGeAgSLQb2CjYXHfUDixnhSY=
西部利得基金,http://mp.weixin.qq.com/profile?src=3&timestamp=1503216745&ver=1&signature=iQ2yUSB8aj5Qr80caaWnTAQ9pNtbUV8DJknkQR9EFkwRPwLuUXRAW5vO07oGuoOkTXIv08Fvrh0TfR1vEcF0og==,微信号：xbldjj月发文 18 篇,公司于2010年7月20日在上海成立,注册资本3亿元人民币.其中西部证券股份有限公司持有51%股份,上海利得财富资产管理有限公司持有49%股份.公司以打造良好业绩、为投资者获取长期收益为重,以丰富的产品和周到...,西部利得基金管理有限公司,“投资者保护•明规则、识风险”案例(十二)关注信息披露,做明白...,http://mp.weixin.qq.com/s?src=3&timestamp=1503216745&ver=1&signature=z418p3I6BigY4y586KHrV4V4e17b7bXPo72mgXXRk-kkM2ZrJNgU0erOrUquW1ddvPw-lfnVj7544yjB69SHM2LsDg0MqEyXMpHvdsYUMrD1B0goY8bwsRwnkyaAl0ekXvGa0JNw-47kxXSjDGqNyg2w4X3pHaSGA6qSRyQ-kko=
癫痫防治慈善基金,http://mp.weixin.qq.com/profile?src=3&timestamp=1503216745&ver=1&signature=kQocn3F2zd495uoBgAeBvFK8Vwztqycccs-lJuC*m6q0x8o9DAW8PW1f71VfFQ4Kkh*-yP4v4mjodnPaNEExfg==,微信号：ljkdymgc月发文 15 篇,“黑龙江省慈善总会健康龙江·癫痫防治慈善基金”,简称“癫痫防治基金”,是由国内外众多爱心机构及爱心人士自愿组成,由黑龙江省慈善总会设立的慈善公益项目专注于癫痫病的预防与治疗,对家庭经济有困难和重症的...,黑龙江中亚癫痫病医院有限公司,8月16日“抗癫路上”牡丹江爱民区活动成功开展,http://mp.weixin.qq.com/s?src=3&timestamp=1503216745&ver=1&signature=UIB5sk*H71zB-8dinsxFe9Ka-2fo-5Q2FWJ01zdXvofLnb27pzeZKfHtNpvBMlyFBashgGxINDI3duUGSB0A5Olj*ERzKtz3Xk9lCPwx4Bp2lsOIhyF7PtCzRVg-TK*WchjzuJe92FjDdmhs3vdMokbyzZdjJm6E3Y56a759YB8=
前海中瑞基金,http://mp.weixin.qq.com/profile?src=3&timestamp=1503216745&ver=1&signature=A*T8XJEBdMVBSzrBhnXhLyFLl4v849i3bnQ0JTd-dkIZxzp9v0fp3GbmIT4NcT*931DV-vEvdoDC-9*V7jryWA==,微信号：qhzrjj月发文 33 篇,前海中瑞基金专注于货币市场和资本市场投资,为高净值客户和投资机构提供专业资产管理服务的企业.业务范围包括资产管理、投资咨询和投资顾问服务.公司管理的阳光私募产品主要包括:货币型及股权型管理计划.,深圳市前海中瑞基金管理有限公司,大数据迁徙图:逃离北上广,他们去了这里!哪些人在逃离?,http://mp.weixin.qq.com/s?src=3&timestamp=1503216745&ver=1&signature=CbdUCLkbAEeav62bHtEvYC9uw*aT3ZgqJbj*ULUI5ESnyHenzVkrdR1WBeofHyQGFxeQN01xX8vxO8rp73yRJ6QGSSpTwHejTPOWRF8AWPrij2220oxw-ABLOWLIPhMd3rRnMD1s71wj-B6xN2UR7VqSiIc*rHjBdP2zFqFlrfI=
中原慈善基金管委会,http://mp.weixin.qq.com/profile?src=3&timestamp=1503216814&ver=1&signature=Wmt02FowAkvT8qSxkNQm07l9u1Ke64Ek5D0rda6oDIU-z09g6*-7VLQYaFkhz0hbqFMk2X0Tzie3CGpaJYgqFg==,微信号：gh_ef88754fbeee月发文 5 篇,慈善活动公示平台,北京市二十一世纪公益基金会,郑大“智能养老 孝行天下”活动全国启动新闻发布会在郑州举行,http://mp.weixin.qq.com/s?src=3&timestamp=1503216814&ver=1&signature=oVHfh5NDqVONG5OyOipYk0JZstAAoL0*Aygp-O-0cEjt3tB9oGB8KvbF5WCaTqdYeqX7oTlgw9Lo*4q47DDiwEF4lHkLZaAmpG4bNl9juv4vngBcg9-2ud4kZ2CyXb2555BpPvZLOIUXRUcQo3Ljn*ZinHdb*eHOkgJh9RNBMVw=
清泉成才公益基金,http://mp.weixin.qq.com/profile?src=3&timestamp=1503216814&ver=1&signature=M3j3LGo2T2ahTcO7WDcPylgYwWbxln5Hg8ynubD4yeepJauD2l8DojFQWnczb89XUkNqlDY58Lqf5n2F4JaS1A==,微信号：gh_691dfa03a260月发文 17 篇,中国社会福利基金会专项基金,针对中西部偏远地区贫困家庭优秀学子开展助学的公益项目.,中国社会福利基金会,清泉成才公益基金助学方案,http://mp.weixin.qq.com/s?src=3&timestamp=1503216814&ver=1&signature=xJQjd9kf67ydnQQho6mxKj*FsLrdRDO*064foFuEJOemm3kfFJR2wVpbro2kU-wcrH9aA17xXFYgi0r1yHCaw6k35M4EyGyPHyCFwLUV3cRwOmr8miGB7YMeb1b2NFYTx0e34YN1c4hX2anA1mJaKB9WpKIKM4cDZ3Btnwp7pEk=
青少年足球发展基金,http://mp.weixin.qq.com/profile?src=3&timestamp=1503216814&ver=1&signature=YNPLdsnT2Y0X2KZsnprFFrkFauiFPp8DzoDOexr6Bcmgg3U22L3coF7RamBvwx3AAI3N3on9ZafFtsmvJapMBA==,微信号：teenagers-football月发文 1 篇,深圳市青少年足球发展基金会,深圳市青少年足球发展基金合伙企业(有限合伙),德国足球这几年经历了什么?一段感人的励志故事,http://mp.weixin.qq.com/s?src=3&timestamp=1503216814&ver=1&signature=Xr33tDJUh5xgtOeJpHF9-6UBfeONdeTEIg0L0S*q85zzd7shZy26ijONyCXrpTMfInB5p9uLWZdbWykZqjvel*yBUH9T40gQMsDa3D6qX9hJPUJkgQIaQtWkI34hkJJgb0S7jHTZlDbWQMM5ByIGN*XMLbrR10qjWlJ7cAexosE=
前海秦商基金,http://mp.weixin.qq.com/profile?src=3&timestamp=1503216814&ver=1&signature=eM0vGRxN57KJGFZklUrx1F6zZiuC7GZdN0L3sVe4WWFJm1hp*S2jscIoO27K-m5409S7CNug*-W7voNHVFhcYA==,微信号：gh_5ae3df7a138c月发文 61 篇,您好!感谢关注秦商基金官方微信平台,我们将竭诚为您提供产品查询、投资观点、理财信息、每日资讯等信息服务!”秦商基金,您身边的理财专家,深圳市前海秦商基金管理有限公司,中国资本撤出后,美国房产泡沫将迎“末日时刻”?,http://mp.weixin.qq.com/s?src=3&timestamp=1503216814&ver=1&signature=ie1Gsqh8zKlYnT4ZoB9EsyOgGQ81BdQX3OaUnbcWdWFLqYrgZ38ohHb5d7wfKq4Icfc1-J0zRah8W3Tqln-aSxIYX7exfrnFU6Zpfgja5u-A1f80p6siNMeopjXE1IXmMts1rqJ3NJLOvRJf1WjI1L9RhxrErnRwG77P1HDJ2b4=
崇世爱心基金,http://mp.weixin.qq.com/profile?src=3&timestamp=1503216814&ver=1&signature=9tbNuDdQfP38Ntodz6R99l4EkBV52PELauhi33Yeuy63SiPrX-TA9eqa5EQp5*ErUG8ZPN06pFEKYNXGldDASA==,微信号：chongshiaixinjijin月发文 4 篇,崇世爱心基金以“用爱尊崇生命、用心扶世助人”为宗旨,2010年初,于“中国华侨公益基金会”下正式成立,结合多方善心人士资源致力于教育励学、困难扶助等公益及服务关怀活动.,中国华侨公益基金会,爱心妈妈彩虹行动探访纪实,http://mp.weixin.qq.com/s?src=3&timestamp=1503216814&ver=1&signature=m8EzJ3JqD9JG8tI4cAJsfMv413LFcORoRmBi5sHBfr7vrO29u8J2xpnXh*foK3AsWq5ufKTzcKFzyetg6fH16occqkmJYkWq07RM6JAH2K3-92Ul6WeJhWyoW8rxdDcoZc60Qn-8iJOJFItCHJgdZRrAT1ljNOTBMlcjGtlLOwc=
北京子沐基金,http://mp.weixin.qq.com/profile?src=3&timestamp=1503216814&ver=1&signature=Owmmnc8L4mFDYDnpniG3Bv*fktkqQ-OIcnIVeDXri7D6bkQ-cs1uSyScxsaX5yuugnfY*aFfsvEoDy2em1Ad*w==,微信号：zimufund月发文 4 篇,从事股权投资及资产管理的专业机构.,子沐(北京)基金管理有限公司,名股实债何去何从?金融、法律、会计、税务、监管五维度全面解析,http://mp.weixin.qq.com/s?src=3&timestamp=1503216814&ver=1&signature=OfXhcXAG5eu8xvuWzAIgA3f9zQpuZHlmVPWZF7HjchGS4YeCAScgGd9iDEw*SbLAbLshhvUzSpYebH0AitqSF9arDMwVlQ6ZbdENUilRs-s5FCvu6hxS9SoM8u7dfMfBapMhrSCjbWFHhULGh*iWHi5DuyYLx49OsK7N8hxeBvk=
江苏道路救助基金,http://mp.weixin.qq.com/profile?src=3&timestamp=1503216814&ver=1&signature=N92Q1tcQJi0VOYfjWP-irmrSjFeUMfhyZvICgvOHNY7O3FVkiw64YlqrT*I-zFVbIZqD39**8507uS2-MhcWDg==,微信号：JSdaolujiuzhujijin,江苏道路救助基金,旨在保证交通事故中受害人不能通过交强险制度和侵权人得到赔偿时,可以通过救助基金的救助,获得及时抢救或者适当补偿.,紫金财产保险股份有限公司,,
华创富业基金,http://mp.weixin.qq.com/profile?src=3&timestamp=1503216814&ver=1&signature=IAY*kOP3kwkjAmABFsDiHmBe4ZWJyCwe6lnYxp6jiG6Jo11CyVnSAFZ6lC9kMnXHYOiHXSpnddMKnbsc5ViXyw==,微信号：hcfyjj,华创富业基金将为您提供专业的金融知识、最新的财经资讯、最热的理财产品、最火的投资渠道!,北京华创富业投资基金管理有限公司,金融危机暗流涌动!货币之战已经打响...,http://mp.weixin.qq.com/s?src=3&timestamp=1503216814&ver=1&signature=Xv0vcFuj71Xg0rldrEyhQ-K8f*g1rQpI6pOKUHgOgde4R*7*swAa08L6-8H1S82xiX-3bU8g3NR9cfKzkLL-1Ig4aV0qTc-3DQCtJtDcsxZh4H299K1YVMPiIN9XG96IAVsU-768LVIrCOeuwRCNm0tuyXgK7bQSq7ebS2JywSw=
新沃基金微财富,http://mp.weixin.qq.com/profile?src=3&timestamp=1503216814&ver=1&signature=wJ5HJFVpeBvOW*sQ8-ij194tUFtqWztCne6uEPivUPQawVAkKYFvn7VcVk5t*1*x4262lKLWgleOJ6Gp2Rq47g==,微信号：vofundinfo月发文 73 篇,新沃基金是新沃资本控股集团旗下的公募基金平台.想要了解更多的理财热点、产品信息、投研资讯,赶快关注新沃基金官方订阅号--新沃基金微财富,新沃基金管理有限公司,美国启动“301条款”调查,人民币会如何走?,http://mp.weixin.qq.com/s?src=3&timestamp=1503216814&ver=1&signature=C2vUz9C3bTEBRCgEZn3IBOu1z7B9MH*Cgfx8dIbYquBBZThSMu61ACynVqgQKRA0A3xoCV-Otn5oZnwgjYrYwxFCt0TlsuyPN8HRWslfvos3HRwgd9bGlHqTVwTI*xlu95BMrRduJaHa2EeT8EvgsUQU5siSQeQX*spQ5qJrmiM=
大爱清尘基金,http://mp.weixin.qq.com/profile?src=3&timestamp=1503216877&ver=1&signature=4dXBdhgBAw3UmkJSoALEyubqbszoTPQHY6hGCs44qCCbnXYBiP9PJcGy1pYErc3NWLy7uLeDU5PD3*zmkqirEQ==,微信号：daaiqingchen010月发文 19 篇,中华社会救助基金会大爱清尘基金,源自2011年6月由记者王克勤联合中华社会救助基金会发起的“大爱清尘•寻救中国尘肺病农民兄弟大行动”,以“能救一个是一个,能帮一点是一点”为理念,专注于中国尘肺病农民的救...,中华社会救助基金会,生命不息 ,我们不止,http://mp.weixin.qq.com/s?src=3&timestamp=1503216877&ver=1&signature=QcbkqGSe1nj*LaZeQ3Li2sjWXAK*J6L2JwobNcxYocgzz0IrdeCHwMRyfayjz9lXMpnNAchxxL6EnBpJAQI-8NVKup9ZxWM0lP4cZgZumSibW8zGeUGoUg7hVxIsRfuOpgVwtGEe2CBL8vvGxg1qOeqG1Cfs2ufytun4RHkPupM=
元亨祥基金,http://mp.weixin.qq.com/profile?src=3&timestamp=1503216877&ver=1&signature=D7pXmRNRok5j1qaU6*-WLDmlU-YXYYsYk7JhA3kLETnpuLoYjxBG*uvYnZHjUKeu5ldRQtJiCqQAY-ZlU0hQXQ==,微信号：yhxbank-sh月发文 77 篇,智慧城市投资运营专家、PPP投资模式践行者;专业规范的投融资共享平台、专注国家基础设施建设领域、专心研发最优的资金综合解决方案、专属提供私人银行高端理财服务.,上海元亨祥股权投资基金集团有限公司,荐读 | 常与同好争高下,不与傻瓜论短长,http://mp.weixin.qq.com/s?src=3&timestamp=1503216877&ver=1&signature=eEvxILxDFfoXQ-lxQ7Wyw4OlXtnogh6ivFaf*YE-kdPtDzR95oH3E*c6AUWUsYzSomeKyAeWK08ODhp98rk2AtmxflFIimraabq1dr5BPyaUWwMnDIEq2JbFwwsRRhvDfmShLK3FDDgqLuobztXk5vLcrg4ivcXlVQw5-oXyk6w=
尚智逢源基金销售,http://mp.weixin.qq.com/profile?src=3&timestamp=1503216877&ver=1&signature=1--lB0p3mCfCvE4YOJglC0iM9FMkE-badcx6*D55bJz7MViN31aGuY6LUpQO7NIsPqXnZeb2A8ff505ytWAVDQ==,微信号：gh_4200e417aa44月发文 63 篇,尚智逢源(北京)基金销售有限公司,是一家专注基金理财服务的公司,2015年尚智逢源获得中国证监会颁发的独立基金销售牌照.公司自成立以来,一直保持高收益率,为投资者提供全程安全保障.,尚智逢源(北京)基金销售有限公司,【小智有话说】银行想拿信托牌照不容易 68张信托牌照银行手中仅4张,http://mp.weixin.qq.com/s?src=3&timestamp=1503216877&ver=1&signature=hMMT8qdVxL403P0Nl033vKr4MZHBnERWPSpX2uXojCbhgubJHkBrRlfc4533*JoxABXMYLSTA-xwNWrWP*6ObjTdP9ONr3OLzBrf3lpz8xxS18LBpM6xQyS1bJcIophsOtr-7PkE8SfylK2N1WEvUqG5GBXfk5hEoYPx7ZgzHPY=
中华英才培养基金,http://mp.weixin.qq.com/profile?src=3&timestamp=1503216877&ver=1&signature=NJnPYtil-m1-d9h-JkgjMAj62tWv4HffIpDbLcKPHtUUev2vZJZW7sP6qDAGsX4pLLqj7On-C87cnNsR4AtEjA==,微信号：hanmenyingcai月发文 10 篇,寒门英才培养,中国下一代教育基金会,【河北支教】最美好的时光,有你们陪伴,http://mp.weixin.qq.com/s?src=3&timestamp=1503216877&ver=1&signature=ecXamnch-eMdwp2AH*GASjcW6jWiDOg5BBCtXiS5raqE3N2P7lOkXBmaN6cQ3cm4RO0rArIj*2bB6Z0LlgZSbdPFDOd-FaRWduywLj6RoWTCFuXi2HdzX68SHdVa2PJ4NTllwwkb68rq7HgiBBam2vzedLsxZvDN34HwuQntGko=
菲南斯基金,http://mp.weixin.qq.com/profile?src=3&timestamp=1503216877&ver=1&signature=dpxjM2LG8*OD7HS4RLZwuvFUAt*MG8m8ie6yevm0-Hf*Ei4hY9bo1Kjomy3BvIYh4GVPEfdD0UHNUM*5uNwn2g==,微信号：FNCTZYH月发文 77 篇,我们的存在就是为了你!,嘉兴菲南斯投资管理有限公司,大胆留言...也许就能泡到男神女神!,http://mp.weixin.qq.com/s?src=3&timestamp=1503216877&ver=1&signature=e7aJR5oGsRB8Sah*nMhmJkyjwjMvxbGxQEQNrl*Y4aYt5QPt1te1MoRfUmVGx9eOlq8YgRVGhfn0hMux07ppRZdYRdhuI4x5o7kcjCLMffp4ZlYxz2f5BqW4nYqXMK6O81GmQze8ZwZ0J16VNYvuLw4khBsOFqW4aMAhui7ldaM=
光爱教育基金,http://mp.weixin.qq.com/profile?src=3&timestamp=1503216877&ver=1&signature=bG4-Pj26AfE0DXNVDd0e6sH7UuVzndrEn2xFHVYS5FxgPv7e32*A3mpENQng1CQ1SstupkGuu*siZwlwV5Kh8w==,微信号：guangaijiaoyujijin月发文 13 篇,光爱教育基金秉承“用光温暖生活、用爱教育一生”的公益理念,关注困境儿童的教育、生存和成长.同时结合优秀的企业经营管理模式,用专业化团队,努力成为一支年轻有活力、值得信赖、有影响力的专项基金.,中国少年儿童文化艺术基金会,光爱孩子的故事—— 考上大学实现了我梦想的第一步,http://mp.weixin.qq.com/s?src=3&timestamp=1503216877&ver=1&signature=Km4SOwkhYfCbbLvKquTiYfjHsZeKXfdjUe7hCJYNyuT9cPhVn3CUeQhi60Db6WPUwGqnWK3001d5QHrBf4riZD22Zc5HY0byDKc1gwGP6HlkrI6gXZ7TKuwF34MpeHwrpYXh*oaPUfkzJGrvlP9qtMZam7Dh8YNVW0Hlj0qZfUs=
泰月文和基金,http://mp.weixin.qq.com/profile?src=3&timestamp=1503216877&ver=1&signature=AN-KeabnM4sD8PQuWdd5Dp6zQLlrxK97IjonZFLkqIOoIfz3*24TZkf2u5vSHIOhh909GNYzj5KWtmnFtdGDKQ==,微信号：taiyue2014月发文 4 篇,我们是专业从事期货证券投资的资产管理公司.我们拥有十余年量化投资经验并自主研发了获得双软认证的资管交易平台“智富天下”.我们将兢兢业业、勤奋律己,立志成为国内最出色的私募投资基金,山东泰月文和投资有限公司,基金经理周观察|存量博弈 节奏第一,http://mp.weixin.qq.com/s?src=3&timestamp=1503216877&ver=1&signature=wD12ly*vnhLtvp9Uj3fSG*55uS9I1rfzpWCnYYtmwbQyDHOt9HJuc9XO5PECtID5PyQp9KelmY*KQntakfHlm2-2KpiBO4p6BI2qa902i-CmUadaboWtvf00kn-2so2eSAIoVq9t464mMfqOE0xTrO8CrlO1twiHCw5nFObp67I=
绿民投产业链基金,http://mp.weixin.qq.com/profile?src=3&timestamp=1503216877&ver=1&signature=NHkLkoypRDm6rp238SaYLFgHJ3n53WIvxS9pHYbNsjVG826aCGD-trhikGXaq6WhgYlEUmNdNKFOl5KyEfaxGw==,微信号：greenlivingfund月发文 1 篇,“绿民投”在全联房地产商会的大力支持下成立,是我国第一支关注绿色建筑全产业链的基金.基金以绿色地产示范项目、产业链孵化器、行业数据平台和互联网金融为主要投资方向,着力打造绿色地产开发平台和绿色建筑轻...,嘉兴绿民投股权投资基金管理有限公司,绿色金融的发展模式,你真的了解么?,http://mp.weixin.qq.com/s?src=3&timestamp=1503216877&ver=1&signature=Ibq1pWsrTWVR5CNTVFAHZ6sgLiuvJE5UNvwZ5E3W9OEnjndr4K5SdpSEMywWdBIwqYU-YCAZevLb9I081yMQKRiXEPPn-DpXUSddu9Q1zACVAU2sUVUDbf3InIET-nV1HgbI55WcqhGYCn-Y0qJ*sUDi4Vx1iqXmPp-0s4ApqkA=
女性肿瘤预防基金,http://mp.weixin.qq.com/profile?src=3&timestamp=1503216877&ver=1&signature=lQDIrTQ*Mywx*w8dzL5kKCtdj4bZv1N4XPkahe8qIQcRYhrXfEeRFNbjSvC9Hen-HPdTtVrRZs6TQrKIBomTZQ==,微信号：cwcpforg月发文 13 篇,女性肿瘤预防基金是妇女发展基金会成立,用于支持中国女性预防肿瘤所进行的科研、教育、普查、健康管理的相关活动;提高专业人员的科学意识和普通公众的风险意识;提高大众的肿瘤健康管理水准;促进女性肿瘤早发现...,中国妇女发展基金会,困秋乏夏打盹?那是你不会吃,来看看这个迎秋食疗方子,http://mp.weixin.qq.com/s?src=3&timestamp=1503216877&ver=1&signature=a87eiVs53CUO2qztvzCGFWx5*KNp7hV1o2MMJji0wa5t0TH5evlKZSzEOUc0FdoL6We-xjJBhnhN6hReJhJ66dhlJeR80OorazyQ3EN-KciVj-PE14rTCoEYaVlt4OAk*xRfReo9c0mIOSaE1vVEkMmuQlbtWooAUNs4ew81VwQ=
中国社工防治乳腺癌基金,http://mp.weixin.qq.com/profile?src=3&timestamp=1503216877&ver=1&signature=RRZymVrj25eawCFDjtgmWKJcGBP44E-9QvR5hZFsMH-stLZycw6fOmnlBV5m5YFnZY0C3V3I8QaKeR846OGPMQ==,微信号：china_cnbcf月发文 13 篇,中国社工防治乳腺癌专项基金是经民政部批准,为促进中国乳腺癌防治事业而成立的非盈利性公益组织,是中国唯一一家乳腺癌防治专项基金.旨在通过科普宣教、公益救助等活动推动乳腺癌防治事业的发展.,中国社会工作联合会,手拉手~心连心~为老区健康助力,http://mp.weixin.qq.com/s?src=3&timestamp=1503216877&ver=1&signature=qxgp6i1ycgSPLJ4WidOm0UtnL317klkA-GzAyiL41yWpTgxDsj5c4ZebWAuuDrFGC7bXS*ovsgR0IkzgxOBrIXaOD3yJ0buKD9lqfuGQlh74QO3vQEyIcm36BlYlmddPhJ3yeNxZX57g262LYXTPzql3KEUw31m2vHwOkkgvXD0=
海上丝绸之路基金,http://mp.weixin.qq.com/profile?src=3&timestamp=1503216929&ver=1&signature=uKHrzrTJhYAXV33fGJ0UgHWhDUPSbxLr-kdG-pjNllljThgwec5laQanPEp6klqN*6DvROTcE27loxdd2GvsbQ==,微信号：gh_8921808f3463月发文 4 篇,海上丝绸之路基金品牌与文化推广,北京市海上丝绸之路投资基金有限公司,厉害了大泉州!各国金砖代表相聚海丝起点,畅谈“治国理政”,http://mp.weixin.qq.com/s?src=3&timestamp=1503216929&ver=1&signature=sPTriDqfLjMn5Ih573X8gLpgL4YenlFY2i3qA6LF84I2dEDf5ldxZCsAJGtY7Ix-02HyK341HZBNbv6I65Kl4GCEb93UEx3wqebxTeBAB9kmSggsbnUdKfxwyIANOf1oo5GkF15thNPX5mGd-iYs3dyKdrfaP-pLbPxd-Ljx5-Y=
阿圆基金汇,http://mp.weixin.qq.com/profile?src=3&timestamp=1503216929&ver=1&signature=0iKqzpNNvZ-MpAM*noQQWlydFXGb6fJQkpDFyBoEPompKfqgixr27pPg4i1YfTKQukfZVMZ4GfmOi7PCEORUKg==,微信号：gtsf201402,分享基金咨询,圆信永丰基金管理有限公司,圆信永丰兴源灵活配置混合型基金火热发行中,http://mp.weixin.qq.com/s?src=3&timestamp=1503216929&ver=1&signature=NznYNWlyZenC-AuJCu82KBljNtOMd4naJvHFO0L5Q8X6wovB5GvSUWqs9jXnBK7TZ2MAhNvHL07Lqj7UcDIF1D6YR1utexYfwf*HSF2zDeGcHwBzNESfQcMQ6vmzgcJbU5rjvSfpoxNAMG8Z6hA4IGOOeVcluivZGNtSVYwvKHY=
陪你长大公益基金,http://mp.weixin.qq.com/profile?src=3&timestamp=1503216929&ver=1&signature=BrLGLx9Oo0M7VZcZslOg*5fh0Di0WI0Tm9RjlGOU-omEKUroEjFQMB81R2dVUFOcnuM0Tr7OU-54vy8FlX7XlA==,微信号：pnzdgyjj月发文 1 篇,【陪你长大】是北京市长江科技扶贫基金会下设立的专项公益基金,致力于关爱孤贫儿童,以改善其教育、发展为目标,陪伴、记录、帮助更多的孤贫儿童健康快乐的成长.,北京市长江科技扶贫基金会,【陪你长大】专项基金2017新增助学计划,http://mp.weixin.qq.com/s?src=3&timestamp=1503216929&ver=1&signature=1OooY-Hsia0PVd3tdu-Q76mngMU59s*zAaLw*DbpMoNl6viSytfihnyt5yF4ysVlLSzN*M2wwlLM0UGc*yIqevOLgO1sD1zCcOph1x5OVo9fdVxYdZ0srXHdMjQbQjf-RGU5ar1*fqwvojjpnBndPTFpVTPe9aLANonhwd8-kkU=
国鑫睿诚基金,http://mp.weixin.qq.com/profile?src=3&timestamp=1503216929&ver=1&signature=tcBqX5rJlMoLzL3kJmRI68eeebN*KPOGiTgnfNb7BYE8v2LdjiwnB2FEsEkOp0uWJDPloNYiao-8p8m1kOwptA==,微信号：gh_a07d0de190b0月发文 23 篇,以专业的视觉,从金融行业本身出发,分析行业动态,解读政策信息,更新公司动态,成为您的专业咨询顾问.,重庆国鑫睿诚股权投资基金管理有限公司,提振民间投资,发改委将做4件事,http://mp.weixin.qq.com/s?src=3&timestamp=1503216929&ver=1&signature=fxtJxagNp143IRT7mHJnFXoLNQy3B6k9enWYfRruB89WZS8YB-0-SWc3z0dyey1qXSMwZqV2x9UQuINTfC*7EHG*UzZw6VHDgWQhYo9YLA-aLo2q3F3DuKPpzbqTGLE2gezhZhDn1Fxbn9s8A3sjawA0ftKQSWJUY0YUlCfm6jc=
谷米移基金,http://mp.weixin.qq.com/profile?src=3&timestamp=1503216929&ver=1&signature=4GjqGKVQD*hjzZhL7XPq1ZgY9d1mAfYZ8YkKXo7YJAf9O-LHaoG12RvVuk2yDKtd-8i-vK383HQcpXUxDyfdTw==,微信号：gumiyi_wechat月发文 65 篇,发布谷米移基金最新动态、行业资讯、产品服务、活动信息等.业务涵盖票据基金、阳光私募、物业并购、股权投资、资产管理和影视传媒等.,上海谷米移股权投资基金管理有限公司,股权和创投私募基金突破6万亿大关,http://mp.weixin.qq.com/s?src=3&timestamp=1503216929&ver=1&signature=tJ8gloX42GPS2OX6t6DIuQwlniYk9od98ZiySIATvjowYSlgKRZG4CsbGP9K-X4uENQPDLDIjrX2Na6mFXleWy0UjOTjWU8EISObwVFRR40NMVPFiz5qoCrb4-zjB--kZzbrcXBNr0zgbps6-**2uxFE3mjhZbfeALwKqnxjq*I=
世纪华星基金,http://mp.weixin.qq.com/profile?src=3&timestamp=1503216929&ver=1&signature=eaHQwkSSRT*lPPwvT9aZ3jNH6qOaLFfb5lIUGEEkd5IeOHBIDHFo4rnw3lmtCGD7sVmViiqaVD7Wc1Y7bO34ng==,微信号：shijihuaxingjijin月发文 23 篇,投融资、全球资本合作交流共享平台.,北京世纪华星投资管理有限公司,与您近距离 ┃ 哈佛70多年跟踪700人一生:什么样的人活得更幸福?,http://mp.weixin.qq.com/s?src=3&timestamp=1503216929&ver=1&signature=2LUWPZ1s-ZU12h0pTny0QbrGWZQGapn0z2B6eb4VDc92mPvgRZW2nia7JrOyvG*X5fpvpn7L7Zvo9qg5AmCvVb*yMagQvVJqpkr3QER0zCvVLElmlGc08*L03Pv3GJBaz8gIAREIlVIafq6Oky-4KuihVC0WzNsm*T2hKSCfWSM=
中廷基金,http://mp.weixin.qq.com/profile?src=3&timestamp=1503216929&ver=1&signature=dOcwrb3TglD0atecJSlMntL45ZsiU54-PLY3GHFFhIdEbuyKu57kMtKuL89bdbuKZXc51zWdjI-kbKTtl9XFaw==,微信号：zhongtingjijin月发文 53 篇,介绍基金知识,理财信息,市场动态.传播金融学理论.提升民众的理财识别能力.公司成立于2010年5月,注册资本(实收资本)3000万元人民币,公司是以发起设立并管理基金、投资管理、资本增值服务等相关金融服务为...,中廷投资基金管理(北京)有限公司,【中廷财经早餐】2017.08.17 星期四,http://mp.weixin.qq.com/s?src=3&timestamp=1503216929&ver=1&signature=kA9NkvOMK5Gf2bNwtpQ5JbR4yDyhsR4LGhOX*qk8k0IEhO2JShTf7kDlpQEqVEMfTILuI-hsHs0ghNAMjI37GAABFlFy1278zYh3cPRAO4ofBgDxdRSok9d7QiBLQ-xcxX*p3PEo*oeEx1ZnwlfvzJwVqR7I0B-DFyxAKw*iVIU=
川商基金,http://mp.weixin.qq.com/profile?src=3&timestamp=1503216929&ver=1&signature=boTJIxJVLmuhvAFM0jz90roBViTBDssRG7SQUzSLaZxREPv9BMtIA2w41JFuEuRZ2TxMQrg7aqsqafJvLkb*jw==,微信号：gh_97fa24487700月发文 4 篇,省委、省政府研究决定,由省财政出资3亿元作为引导资金发起设立了四川川商返乡兴业股权投资基金.该基金委托新希望集团募集和管理,主要开展股权投资,整合优质资源,引导川商返乡投资,促进地方经济发展.,成都返乡兴业股权投资基金管理有限公司,川商基金:与大连银行和四川商务青年企业家联合会达成合作意向,http://mp.weixin.qq.com/s?src=3&timestamp=1503216929&ver=1&signature=hMl4nkE0P1CgFtOLSJGsfvk6aeTNueB-sDFtsPnXFOcau8dz3mv-mtQGn3OzVWhHWKtflDbSUNcGfjK*82YNoKKdmLOXymJmc1to9oRvc0kKC*NvN*gAwogN9kSSGM6KIKZDgjzX*3vJWQyxMNgof0KY3PmFMh18-*XavPSYACM=
时澜基金,http://mp.weixin.qq.com/profile?src=3&timestamp=1503216929&ver=1&signature=l-mnYPhW0AZUhOjOevLvx2HA217-T8V2K7Eb5aw*Qq1fmiU-I2YhKGEgDx-hmtIbFUo9-TAAJO91OFPRy7imuw==,微信号：gh_355620e24453月发文 88 篇,从事企业私募股权投资基金管理,以创新性高科技产业群为投资载体,专注于高科技(大数据、云计算、移动互联、集成电路、物联网)、环保、医疗健康、新能源、生态农业等,鼎翊时澜(天津)股权投资基金管理有限公司,每日关注 | 2017.08.18,http://mp.weixin.qq.com/s?src=3&timestamp=1503216929&ver=1&signature=c5AXBOcX3TuthicpTOCUZlP7SUsUkUZOQXYT08GW3ES9fZTE3CBcRnNchTklWoQTZX*orYCtPd2raSmkADkHMKIviYwN8vQoiC5nJsg0qLUDNgYhy*kqth9gxNic9NaraCn-Uj3vYPZ-lX79dGWxvw-Oo8GCGHE6q0MpjgzgW5c=
泓臻基金,http://mp.weixin.qq.com/profile?src=3&timestamp=1503216929&ver=1&signature=1OmYA2AyQSHBPfuLSIVFg8Ub5qwkM1zJZ-mkaeMTHOJcLMZrEE8LqTdX9jMc67M7KRuhRoK-2G-FLqsDiZ8XMw==,微信号：honzfund月发文 18 篇,泓臻投资是一家以投资整合、资产管理和财务顾问为主营业务的专业投资管理机构(基金管理人牌照:P1017436),目前管理超过20亿人民币的平邮高瑞艺术品投资基金、联合管理超10亿美金的海外矿业投资基金.,深圳前海泓臻投资有限公司,财政部对十二届全国人大五次会议第2587号建议的答复,http://mp.weixin.qq.com/s?src=3&timestamp=1503216929&ver=1&signature=mz0j105XEP6To8jOb5cPiOWH8mC*nDrzJOn6yFs12Oc24sk2k5AVHIw8BDx6gPZzpZ-l16mD5nQiHKb7nZrm*hxfG80rOXwwb*lCYQlapxPruW1zhb0KK1yBB0xe*Yc7JxLyYvHX586u6QuNZvhDTuTeq*YjB2o37CEzMTolrSw=
最美菜公益基金,http://mp.weixin.qq.com/profile?src=3&timestamp=1503216976&ver=1&signature=RqI2I74NiHt19ynhRsJ6GdCJ-eys76j8V7M9PUTWeRKFrKERKuBmvMnreiQ4sBQinqHUjgRfITiZY0KDVv9o1g==,微信号：zuimeicaigongyi月发文 6 篇,最美菜公益基金,中国红十字基金会,最美菜公益获千余斤捐米反馈,首批爱心大米已达红岩,http://mp.weixin.qq.com/s?src=3&timestamp=1503216976&ver=1&signature=e1rEJmFaPdNKdSn28snzI*qtZIytyVi16iWYj6XUOjJD4NiElLRou4jO9h5iaGz-lL5mXtVFaVTcfm0TPVh8JkcDQMV4D0KjJgvKcHy*DaUq1wZmqSHByYngjsrj2KvkfNr25jmjId3mpaQcfZm5EN3qQ4YwrEE4D79v9cI4xgk=
财富基金,http://mp.weixin.qq.com/profile?src=3&timestamp=1503216976&ver=1&signature=w0ZLzsZrlPStcQDp7z*WhzQE5D-A6dLr4rUTf7ZUNNG4og5Z60tZVYptbCF0fOJyuyEunYqYMkrjxGxrXzgNcQ==,微信号：JDTFunds月发文 40 篇,拥有一流的投资顾问团队,凭借优质的项目储备,打造一个优秀的理财品牌,为投资者提供最具价值创造力的投资理财服务.,京东财富(北京)投资基金管理有限公司,【京东资本】私募基金快速崛起的八大优势!,http://mp.weixin.qq.com/s?src=3&timestamp=1503216976&ver=1&signature=Ful1YCmvAq2yFU3tCPvZ1qwJxnSLAxpeM5NEDWOP2P06dUT3ul*ysygr27EHSiB69m-pO9N7QKAQ4SiR8fwjZoO8JJGfEawC1HB6GdJRZjg*2b4OsCkJuu8aNCy*Lna*QlXNzKHaRoTPuuUd0av7lYd93WTG3SPKzvck5QAqQzo=
德合基金,http://mp.weixin.qq.com/profile?src=3&timestamp=1503216976&ver=1&signature=YkNOdVdwvg5MTTqsCxdsKE8OGm22ruHLEyNn9L7WF-idrKB8iu5h6Q4XRYCmbPpcfTvPumrOFsaTIioKVEHvDA==,微信号：DEHEFUND月发文 92 篇,受托管理私募股权投资和政府债权、资产管理、创业投资等业务,提供专业的金融理财服务和安全的契约型基金.,深圳德合基金管理有限公司,第一期德翼计划第五课 ——DISC性格测试及客户心理,http://mp.weixin.qq.com/s?src=3&timestamp=1503216976&ver=1&signature=wqJLWhSQf2DEwdV55XNiANRZPitBgyWeO44C09a-OwQkXW1Gi*HTLyvT3jBYTgLCJ*GQahfgx7oDzRSbm9X5uSAWUpqXLNzzUJ0VP-OHUKCotD3F*P1pLR8bws5BtQzvHTqjHYZYbIset7ZPv0SG-TPqelps0RROElQnjT3dJ-c=
鸿泰基金,http://mp.weixin.qq.com/profile?src=3&timestamp=1503216976&ver=1&signature=R7CahEdqHDSMivDedGnLALqYiNcvC-yWgfnjdBXDM*4iSdujV0du2dnOVzyEgSCR4YAw3668knGgs01r4op4KQ==,微信号：gh_c0fa908b27f6月发文 42 篇,杭州鸿泰股权投资基金管理有限公司注册资本叁仟万元整,拥有一支高素质、高水平的专家团队,是创新型专业资产管理及投资咨询机构,也是您随身携带的基金小管家!,杭州鸿泰股权投资基金管理有限公司,【重点聚焦】等了五年浙江民间投资终于回暖   “新能源”独领风骚,http://mp.weixin.qq.com/s?src=3&timestamp=1503216976&ver=1&signature=XqNpN6kkjT0B*lfbawr96cO0bEOXJe-5m0STNtB7PYTp30TqkZ7usai74gb7QqdV1IRHk7S5e5Zh-G-rp2qiNP1ReZSGFoKO4wOGl4UMCjhNiEJ1tf5gHS-fJLPfwB0fRdGbtEhmK46mHV5glQNkAfzwa8kqfmVBtJyQb71fAbo=
南粤基金,http://mp.weixin.qq.com/profile?src=3&timestamp=1503216976&ver=1&signature=JucyARxmQuLKolkrMh6wLinbz2lSX0JtWP7iMs2ED928GIwiF98LXT6rBiT8dwYwpBFe3npuEhvC4kZi8cCrEg==,微信号：nyfund_wechat月发文 4 篇,广州南粤基金集团有限公司是广州市为放大政府财政资金杠杆效应、激活社会资本投资、推进产业转型升级、促进社会经济发展设立的新型投融资平台,是广州市设立的区级政府投资基金,是华南地区政府投资基金的先行者.,广州南粤基金集团有限公司,山东省东营市副市长冯艺东一行来南粤基金集团考察交流,http://mp.weixin.qq.com/s?src=3&timestamp=1503216976&ver=1&signature=owdvbdHrxdL5oSQmDd6fwqsLPYpLqLwq5hNtsCvrfwgRQOvtNAHG28W4-HRSQ-e5AP6F3DrImQ1AVGNeobf0Vax-WAOcfZLag-EoL7EBsquf8u09CoYrtZ8cCL-YUDz7wmg6NC-gZQYS7r9pVYAHxDm9b5c-IXse3eqsKs2tWWU=
南华基金,http://mp.weixin.qq.com/profile?src=3&timestamp=1503216976&ver=1&signature=z3X5EMkqA7B1j04IPfR*GcoZ9yWTN57*uVW14gk6OmgbleZ7bRVN3Muc0-CxLTBn7xBqylW8U3Brymr8QB3nCg==,微信号：Nanhua-Fund月发文 5 篇,南华基金管理有限公司官方微信订阅号,南华基金管理有限公司,首只产品募集2.81亿   南华基金迎来“开门红”,http://mp.weixin.qq.com/s?src=3&timestamp=1503216976&ver=1&signature=**fxzz731G4BsUvfuz1H*9E3UGD0GH4mqvD0O4zpT-QTP4ZlOm8EtsqKLgvwbeIP6WlNr2DW2bSS*6Ja9vDtkGeOXa6-HJIRi5VHMmiZ4GVrvf8*e3NpIDi2oe18l-4*OzA7qgbnzoqihV6o1QE6TLsbnZfOyPjYMUeN88olbGk=
传承基金,http://mp.weixin.qq.com/profile?src=3&timestamp=1503216976&ver=1&signature=VR1g2uMfgKeH6rB0UkCgnFXE0MSbxKoc8m3jDGu1b**8a-RZ--Wp4g0N6kdvzGzo*487-t1bp0RK-XdxGaXdoA==,微信号：ccpofund月发文 15 篇,传承基金,立足深圳本土,面向全国,专注不动产投资并购.,深圳市传承基金管理有限公司,有一种投资风险叫做:什么都没做,http://mp.weixin.qq.com/s?src=3&timestamp=1503216976&ver=1&signature=NnbQWzfB1L2fuAdsp79qfpF6I3hP6ZrEQp*RyCo2q-YFz4UCZSUg5Twqi61LasJVHt0QpfA0rPcgZXaZQijaM6SoA97IvvWyayBfbvNAff8z2jdWZR2QM8bEwxHe3aY3Meowd14*8tY5-k3-2-WgzrLrkLcrpXL91cX5-a5K1z0=
联合基金,http://mp.weixin.qq.com/profile?src=3&timestamp=1503216976&ver=1&signature=AruSFbUB8ttrok7**INWxqKvhESVVBHIlkmSSlC*otJJc1zsFJ7nUABYczhJXZrcobyJKxF-5hUNt0LJR2*LUg==,微信号：gh_04b780521d4f月发文 6 篇,联合基金官方公众号,浙江联合中小企业股权投资基金管理有限公司,抗战胜利72周年 | 英烈永不朽 吾辈当自强!,http://mp.weixin.qq.com/s?src=3&timestamp=1503216976&ver=1&signature=EzaYPJ5QdV3q0pdf4llJnfxrxulw9-2gzyy4jt6ozkv4uEWXjoLv6tWLYwfPSY5xZg82mlbbtU17rB9sLysw-Q4KcUwc4UnPmcXV9-tUz0vVqYTMEqgSFAAKyeJMErdSKWcEugCx4B9cMalG3ia41WNFWhB81JOFl1eZH2SYV6M=
驭基金,http://mp.weixin.qq.com/profile?src=3&timestamp=1503216976&ver=1&signature=Gx6ivEP2DyHAkLb5z-M21z2oVsAMk0IYO1SU0dZ77vXenC-mJJW4PkJ9--5K2x3Z-K61irVp6P6crlEAlxQnKQ==,微信号：gh_bac85bd12add月发文 4 篇,驭基金成立于2014年,专为发展中国赛车文化.目前正在运营中的“基石会”项目更是无差别的支持所有赛车运动爱好者,让个人也能轻而易举的的学习并参与赛车运动.,上海驭能赛车运动发展基金会,Ford Mustang GT4,http://mp.weixin.qq.com/s?src=3&timestamp=1503216976&ver=1&signature=wEVyN03itUx1hHlCg8uIcpgWvfS7ZDr8NQSNRT1HavITjvGxZZ1tfEAIobrvDzOw4Cvrtlmw70WFRSwZtCKF-0mWKFgmScSetKiHTF6TZbySplzZUjXHmjW4Vl2IA4g2Ehr9UpfodlIoOlBhe3zj4IEFdTuy6NjDGDCkYROqXw0=
汇成基金,http://mp.weixin.qq.com/profile?src=3&timestamp=1503216976&ver=1&signature=xm32zhJZ9MEV2nXGLsbkCn1exWQ-*lPT6qijdxDu8Xu74Ptw3HsWIoVqdIDSls7tKQcvazTo6zaqsyJmsa3o3Q==,微信号：gh_82ec194509e3月发文 1 篇,汇成基金是中国证监会公布的独立第三方基金销售机构,也是基金业协会会员单位.汇成基金拥有全行业最高效、最安全的交易系统,为个人和机构投资者提供海量理财产品、FOF投资交易系统、资产配置策略等服务,公司官...,北京汇成基金销售有限公司,场外基金投资一站通平台在太平资产正式投产上线,http://mp.weixin.qq.com/s?src=3&timestamp=1503216976&ver=1&signature=1UZZWGvf3TFdFng1iIN9Bcdl78yZPjeFcWuQYVWmT-b5pKvvTSEwYUKouWwIrQnNjgsDQtH8RJMZysGauO1w-Sza*Z*blMvsn4ThseGhggBImn28cR3iSMZyYcG7t12YeuNb1KMiGgbaBtYpo7DCRVBAaHzxMiGGlsoVLOLXVXU=
天行者基金,http://mp.weixin.qq.com/profile?src=3&timestamp=1503217015&ver=1&signature=Q3uOcoLZsoB0TOP6YuK0fcHq2DnXxTAMnixq35cJZcX7l55E1JaxFIT2M2FS76-hjwQM-UHjlfnLTmVvNuajeA==,微信号：gh_eed74a78be22月发文 53 篇,财富不是一夜之间可以创造的,更非不劳而获.财富是努力和耐心平衡风险的成果.希望财富历代相传,非持之以恒不可.,宁波天行者投资管理有限公司,罕见!BATJ等出资780亿投同一项目;软银豪掷11亿美元投资这位年轻...,http://mp.weixin.qq.com/s?src=3&timestamp=1503217015&ver=1&signature=yxGAGcUhUNyGHL0Ke1*BlXavwd4dTUDTVmFTz1VtEW5lYjmSq4VFWaBr9tRsZJ2CA8bavrNq*1m5k6bSZCcd8lr4bmL2QTeZQmPId*Uiej1qBmwGu0*43CKi7EvGKwNFqXginevdDYUKo-L2R23af*T1NSTAx7kZZJ-dyaq*vG4=
启明基金,http://mp.weixin.qq.com/profile?src=3&timestamp=1503217015&ver=1&signature=JA6JbvOx6Akcx5gZ3mXug21J2wVxWdwZKxvTlNQT2sbnECxWh8rtyfnArbblysLgxtvFu9Ukh5v9r4bwHWg6ng==,微信号：qmjjfof月发文 5 篇,东方地平线上有一颗特别明亮的“晨星”,它不是光源,人们叫它“启明星”.启明基金订阅号聚焦私募FOF领域,精选行业动态、大佬观点、市场趋势;以资产配置为理论,以组合投资为方法,以投资者利益为优先,以知识...,启明(深圳)基金管理有限公司,【评论】启明A股周复盘(8月7-11号),http://mp.weixin.qq.com/s?src=3&timestamp=1503217015&ver=1&signature=oJ35OwWiDNccfS8Hyxay-gula-Nscjg-FwiY8Ahk7VTUfrN7Y9oI2*tbj4D7m098bkhBGymaCvvZqsCTa2vgadhy*5IYzXdombZChjT58at7d9qani8MQRTAlfvcFWY1LL6HrlqwT9Xw5K4M4qXY6WnETTQejNxHCm7P*mcpudg=
裴鑫基金,http://mp.weixin.qq.com/profile?src=3&timestamp=1503217015&ver=1&signature=0K4oVfkFW6A*W3DS6zzgcRQVt4R1-OaBxUGUg1e7vdxwLRiEfxxDtjhDnjqgf3KD9u-eSKfgVIbJGg1fiPHmiw==,微信号：px-fund月发文 21 篇,裴鑫基金提供的信息服务,上海裴鑫股权投资基金管理有限公司,细看私募基金的强监管,每一条都是投资安全的保证,http://mp.weixin.qq.com/s?src=3&timestamp=1503217015&ver=1&signature=DVujjO1F7C5OD0L1AvmthAKOOMUfZhb-9XX0YcGTyLbGWPTXZBWYzsieYN22TOIwI7Y*fx59jlN3EhvSJxDlr1MqSt5x7GngBzbrvcdpYjHXKNAKvdal6hg-qVKK225LA-GEFrOPYecT1ryORI1Gg40ZYbvsRQz2AIJGze41LQc=
亿和基金,http://mp.weixin.qq.com/profile?src=3&timestamp=1503217015&ver=1&signature=7zPZCQ8Ecy*AE-Fni2JRcskjs7nBWrBu6pJhbUjCzSkf1*cCsaL-Yn9lrYmNEHnmxhh3Gknf**mXFksPeiZqlg==,微信号：qhyhjj2016月发文 11 篇,深圳前海亿和基金管理有限公司(简称亿和基金)成立于2015年,注册资金人民币1亿元,是一家集财富管理、投资管理、资产管理和资本运作等于一体的大型综合金融服务机构,业务覆盖地产投资、股权投资和资金业务管理...,深圳前海亿和基金管理有限公司,我们是谁?亿和人!,http://mp.weixin.qq.com/s?src=3&timestamp=1503217015&ver=1&signature=nU6uaxqptwupeA1XpSSkh0yGw5rZ9gIJQYeeeLngANIPIPwCcTrUExrcb*GD*ns7Bolk7tI3q*4a-5oylbCuiiNhAZURYCqIg7f-KOtykFgYcK8ldBfR1pwEEc7hLt9SGd1IPLKGr0MU84DgDan4N517fZceb4-iFT8wylDnsYs=
中财城市基金,http://mp.weixin.qq.com/profile?src=3&timestamp=1503217015&ver=1&signature=qJCL9ShcGAHDORpXF-gUqFQqdcVcfmMoE26kAW8vtgPXnk3zDBHEKeWeENDMwdYg-oJQWhFhzWPPTZuNXbLcFw==,微信号：gh_cfa343333062月发文 27 篇,中财城市基金是保障全国财政系统推进政府和社会资本合作(PPP)的主力业务支持单位,是政府和社会资本合作(PPP)的专业金融服务机构,为地方政府新型城镇化、城市基础设施、传统村落保护与美丽乡村建设等社会公...,中财海绵城市基金管理(深圳)有限公司,【干货】PPP项目合同核心条款设计要点分析,http://mp.weixin.qq.com/s?src=3&timestamp=1503217015&ver=1&signature=e4EBWxpGnl7HXDn6Wrt*5nge4tQX6xx756gg3gNlF0gicXv8DEiLXywWNxmyuufE2TBzZxjDY1q59R0V2r9KiMqMCHTSzr*HzPLB-vM6SUbj2**qNI10d*A7c8JPJZW2MGYOB9z8MdCQc5egeUD9kv2Z6xJ7ICwlbCL5C7v0MUE=
海棠基金快讯,http://mp.weixin.qq.com/profile?src=3&timestamp=1503217015&ver=1&signature=SXD8dSkP9yG2agi5sGKmDYoJgdjaJSPTieQO6IonyitR-VRiBsTsU3OePpS4ZuijkOk9J7QshCcGZS2QCmYZ*A==,微信号：htjr_2015月发文 49 篇,海棠基金是一家全资产配置的金融集团.作为国内知名的私募管理机构,其凭借全球化视角,科学的资产配置理念,多元化财富管理工具,安全专业的风控体系,为高净值投资者、上市公司、高科技创业公司、金融机构等全类...,金海棠资产管理有限公司,生命里,总会有一朵祥云为你缭绕,http://mp.weixin.qq.com/s?src=3&timestamp=1503217015&ver=1&signature=qTbEydyLGyCHb74Khq3KBX4wFUZIxMJo5tFCb0D6aTHHYkUkDPc9-KlSKHPEH*wdGxbc*vj*0Vhi6Jf*MFAssAZp7QOyATSXdHynMNaCCroyXAtfCwQ39wR7eByHrnC4AOxE4eLXvfYiJRiyEIs2fbSrjh-pAYvFmTGLOAku3i0=
清科母基金,http://mp.weixin.qq.com/profile?src=3&timestamp=1503217015&ver=1&signature=*1KvO49AbBEg2YSoMybx1hCJzdVmEajm2zs5JaC1qvBXD1Jsx-CoR3OdbpBpEFtYyW9hyVsiQ-vInJ7wEaxkrw==,微信号：Zero2ipo-FOF月发文 11 篇,清科集团母基金(FoF)依托于对中国天使投资、创业投资、私募股权投资市场的深刻研究、理解和实践,在业界广泛的人脉和资源,以及优秀的母基金管理团队,致力于成为中国最值得信赖和回报优异的股权投资母基金平台...,北京清科创富投资管理有限公司,“哈米”办公室零食货柜 90天获3轮数千万元融资,http://mp.weixin.qq.com/s?src=3&timestamp=1503217015&ver=1&signature=mTcQAOdvD4vCGrPqR2O5RSki3K*9Cs69kOFXm5q4eAASgvGNh01Iu4yTO23nL3h6cgGJVJHfh2jR*rhoTZJjb9np*QTZcOq1kY1pFOHIm3y8gjzv0vMgvTP7jK7Kbce-Buj3emg8byQqMdY7WOv95RnVQeLyOgiciAa7B2Q02kU=
信用公益基金,http://mp.weixin.qq.com/profile?src=3&timestamp=1503217015&ver=1&signature=UZ48lXOA2Mtn38WBH1ez2DTM9aSJWdpt9PtA*xX1XsUPfL0slo6iPyw3EgoKJDia1PQYZhe2Kqzyba9l6QMvCw==,微信号：gh_2902e6a1b5d6月发文 4 篇,信用让彼此更接近,公益让你我更信用.,上海真爱梦想公益基金会,规范专利代理市场建立挂证“黑名单”,http://mp.weixin.qq.com/s?src=3&timestamp=1503217015&ver=1&signature=6IIfqGJSH1gTg74k3Nl2KeUQ5Z8tIgGzWbPQvdh-HKuuctXIlBCFOMUqPwybBIn-x8TPf6wqBQAp4zI4CC7oxRtojpd7xskjQQy3XcOkO8QRcKp-4lWpfZahiH3laWPdSSN6LxpmYzSqsF8RqWsBDF2bQpipoIbs5wywpVAX2ig=
心唤醒基金,http://mp.weixin.qq.com/profile?src=3&timestamp=1503217015&ver=1&signature=0Y62T8M2zfIVNeFedAq31vFLayheNvpRrMsVkA-X5KkOlkoFT8-7MQSr4S7ECUY9q5A4l86SIb4JkoLal5C78A==,微信号：xinhuanxingjj月发文 29 篇,因天涯社区副总编金波心脏骤停猝死北京地铁的事件,著名公益人邓飞与金波生前好友,联合天涯社区、新浪微博微公益、腾讯志愿者协会等机构和中国社会福利基金会发起成立“心唤醒”基金,倡导公共场所配置心脏骤停救...,中国社会福利基金会,大事记丨心唤醒急救培训走进柳毅社区,http://mp.weixin.qq.com/s?src=3&timestamp=1503217015&ver=1&signature=Gg4oC2eitwD-LtLhOjv2swiuJIbZRKtHDRsPfJTS9RAi6Ggcnbve5fzEuX3CcyaEYGJnqLY9wkEnLnMLLNSYcMrcIHXJrOsmAlOtVkmKmXX4X0UW-usjS0tETU0lx-imgPSlSABWNngdlr0jvfriBmQsKecMH*uvBpLPStyYYKo=
嘻牛基金,http://mp.weixin.qq.com/profile?src=3&timestamp=1503217015&ver=1&signature=xQq7xltPqRVq1WfrRrzmPws6RIfgAijzUXpzTt5Sxyp2yP9puchWFn5ojIGtcdFhVBx0mF*QuAVE4NkaUKjv9w==,微信号：xiniujijin月发文 16 篇,撩我,涨姿势,拿福利!,深圳前海汇联基金销售有限公司,回答这些小学生都会的题目,抢走100元京东卡,http://mp.weixin.qq.com/s?src=3&timestamp=1503217015&ver=1&signature=etwFnmHkOQS2*AdxdAWzJlD8ecDbZ2g*a14tB7n*8IkN0pvMuvybyd-IP5M1JuRTbN6NtLv-ULR1SDWXsDKNMmXDcuiJYNVsHWMD0sYqBPuZrC-SCIXXxGfQ-tq-oxywYnO*05gq8qSGS-VhCGpQTwY9NKcL2NvWdY7R6RgJllg=
钜鼎基金,http://mp.weixin.qq.com/profile?src=3&timestamp=1503217053&ver=1&signature=wK9WIjUIvTZUljj09TlEEpEplhhUlVBRBbqJ7t0POoSuubWwbkeOC0lCkZP*ajzhf3VU1rYPNzwsqXt8Kryytg==,微信号：judingfund月发文 120 篇,专注于阳光私募证券、股权投资、资产管理、私募基金管理的专业基金管理机构.,山东省钜鼎鑫泰投资管理有限公司,如果你没有钱,没有能力,没有人脉,你就这样干!,http://mp.weixin.qq.com/s?src=3&timestamp=1503217053&ver=1&signature=TXzI66Fq-GIXhogRyrZWFXVFJZoBj8c-CN8Sv0*viZoV2uusEckqt4vJ4yAq3TFjaAC*AITh8LvqChfSVz2-qprRQzL92A1VVr76z0WRUNkdzj1hUWJe2sT7zz*njrbb5ijUS*MLsqGtC1KcNbE4Ekte8xqw9iQuKtma6Bz1FjY=
众安基金,http://mp.weixin.qq.com/profile?src=3&timestamp=1503217053&ver=1&signature=Kni60rG8wg2uHKNoEkzuZR-AbGbXsSR4TiXvsU8LzBBe*Bk02YK5H7QGhpYJ6Fj9pgODI3g1*Awp7as5LVoN2A==,微信号：zhonganfund月发文 20 篇,众安基金,是经国家批准成立的私募基金投资管理机构.众安基金于2015年4月获得中国证券投资基金业协会颁发的《私募基金管理人登记证明》,证书编号:P1011164,获准开展私募股权基金和私募证券投资基金等私募基...,众安财富(上海)投资管理有限公司,做投资,有些事儿比挣钱有趣,http://mp.weixin.qq.com/s?src=3&timestamp=1503217053&ver=1&signature=OQODRbiGilG*vKyTNLBRX51owmCOuLHF6J4m*oIdBqobwUxuUAfDQ0GJgdTIgmcT*ohwHwPy4TqcOeo8pYbvB5fM-WtQdX*k7XXODAqlyQElS6WV3KIRjygr*ti5eHGgy5Pklnbmo1FmoTHWAFDZqJGY4eBHIHiRmlWetEijI7A=
大河基金销售,http://mp.weixin.qq.com/profile?src=3&timestamp=1503217053&ver=1&signature=Tt1S4HdLp*c3on1ea4uRSJA4wEUKFOmhxn9y9Qo6iy3rK834GsYZwNgraO66v9KVEsiUgd8DTqC0ODfKp3ikHg==,微信号：gh_52c5f3cf13de月发文 44 篇,大河财富基金销售有限公司,是友山基金管理有限公司的控股子公司,经中国证监会批准获得独立基金销售资格,公司取意“山旺人丁水旺财”,定位于“为投资人提供专业金融产品咨询及销售的综合型金融服务机构”.,大河财富基金销售有限公司,基民们最关心的基金投资问题:基金在什么情况下进行分红?基金分不...,http://mp.weixin.qq.com/s?src=3&timestamp=1503217053&ver=1&signature=rSADPycyJjeXc4-Pnik1i1LpJKVl7muPbWVgobgWJnSzXKL0Nk4hQldBNSQ0wD0jXAjn7bjYeJGGvUHV5ENlQdruC63HBWcU2T93AxrtgSE7a0MAulIvZgyYmvCyXNL9xndgHnFq1KK62Y5jT6wmZYdur3TgW-G1EMmxNdS5gt0=
中恒天基金,http://mp.weixin.qq.com/profile?src=3&timestamp=1503217053&ver=1&signature=rV3sJRJ-ou2Y4tPLDxX3T0PhpxmMUf4pXUSaddKOT62ZIDCp328dqurAk8Ka3lmm*bHcGdmodPoQ*sf0fm938A==,微信号：zhonght-fund月发文 31 篇,中恒天(北京)投资基金管理有限公司是一家面向高净值客户的综合性资产管理和财富管理平台.成立以来公司致力于打造国内顶尖投融资平台,在业内领跑“完整投融资产业链条”建设,被第一财经授予“最具创新基金管理...,中恒天(北京)投资基金管理有限公司,大·咖说 | 李嘉诚的“秘”语,http://mp.weixin.qq.com/s?src=3&timestamp=1503217053&ver=1&signature=304idTwdIwRncmjTmunddrE4dyHH2EyG9VuZo1dPIi-G-DVHi3dwobtya*Ym3jHlemcHL8efAVV0fYS3ACoKhlANTThriidd9h3grMJFFjaS5OvcfSKF1e*-D*RInHM1RsxnRhoBSz3aEpC6PoY5-D1oX2kbGXjbvsduQIdO*Dk=
锐学公益基金,http://mp.weixin.qq.com/profile?src=3&timestamp=1503217053&ver=1&signature=G-ayUU3UydexUwgIV77jTAdueTcWPbs7Tx-vEpiuDNEqZzIwGdgI--aEJSzJtW-h0YNn1um032A0sEFbQTSSDA==,微信号：ruixgy月发文 6 篇,锐学公益基金,是苏州弘化社慈善基金会下属的专项基金,由弘化社和百锐学堂共同发起.帮助自强者,寻良师,结善友,参学悟道,利他奉献,成就福慧人生.,苏州弘化社慈善基金会,周一请吃素 | 李嘉诚、马云,比尔盖茨,一致看好素食,坚信素食才是...,http://mp.weixin.qq.com/s?src=3&timestamp=1503217053&ver=1&signature=uQAm1uBn1OxT50Mdz453RF3ZEbAa6rfg3LUnC-dE3K*eRuqpae2TErEhmhdvN4eGWJIZYyjf8VxoTfto8zqHaY6KYDWOJCH35Z-0QUFXArORqwYJfYBVWO3umpDcllVtH0iukPUD79GDJKdRvZn2e1hDDp3S0RsjSIHXRx-GCP0=
融贤汇金基金,http://mp.weixin.qq.com/profile?src=3&timestamp=1503217053&ver=1&signature=W-tYCL4*SKmMasrBPncRtkyfvyLmbtw483vs5kxY6Wm**QJgy4w-8WsQdlD0kMjZiiuexiD4hLHEThFdUgKaeQ==,微信号：RXHJFUND月发文 1 篇,专业、责任、稳健、共赢,深圳前海融贤汇金基金管理有限公司,,
华谊兄弟公益基金,http://mp.weixin.qq.com/profile?src=3&timestamp=1503217053&ver=1&signature=YOrpptDcju2RDkrcErfspGmJFeRkwhwPwQf*4PgGQJJU*mIK6-J3hiw0xfhD0jX2nYqKzyb0MmQuWHN15lEbgA==,微信号：hbfoundation月发文 10 篇,华谊兄弟公益基金是华谊兄弟的明星和员工共同发起的专项基金.2011年至今,我们走过了全国十余个省份的偏远地区,也携手众多海内外儿童电影人和慈善组织不断推出专注于创造力公益和倡导教育公平理念的项目.聚点滴...,华谊兄弟传媒股份有限公司,点滴感动,助梦成长——“零钱电影院”回访故事,http://mp.weixin.qq.com/s?src=3&timestamp=1503217053&ver=1&signature=GESr6INf8Tmdbg4dUxsVEA63H3H08Q9GR1kRPu1I-JJ7EmYOwcM8IdEzrECeX2roO-LcZa-kDv626O67ZIZk*H5wfUkzGqRRnApVtVWd20jSjvSBYrQWre4pCGRqcj6U3O8OA87elFZ-Le-os9JlNzOoQg7oGhUiSTJEl0XX5OE=
关爱医务工作者基金,http://mp.weixin.qq.com/profile?src=3&timestamp=1503217053&ver=1&signature=OEY9*7vtubIVgjsWRmF8eSouyfuSN-SyCthCQ9PgBFSiKPAl3fWQNRhxIj1Xwq25qArDW5D0ZPTrvXGkp1TqeQ==,微信号：gh_46261de304cb月发文 4 篇,深圳市慈善会·关爱医务工作者基金在深圳市卫生和计划生育委员会关心指导下,由深圳市资本投资研究会和慈善公益报社深圳机构联合深圳市慈善会共同发起.基金以“关爱医务工作者,共筑健康好生活”为宗旨,旨在营造...,深圳市资本投资研究会,关爱医基金之南医大深圳医院暑期少儿托管班系列活动(四),http://mp.weixin.qq.com/s?src=3&timestamp=1503217053&ver=1&signature=ZeVSVaI24dtFGOAvbGRlWECU*Ntt*txw5NN4QakdYV*3DcJzGSXwx*NEIzmKfMOrZ5me0hZjsYwTsOMTD3ia7kCGDMrWnIFEXTDgLaWw8K27U6ZQRshetPuoYd7uDFsyk76tvGpz-BQ26hA*pc73eXV0rJ-KQTkhkiKQxvBWVjU=
大连众润基金,http://mp.weixin.qq.com/profile?src=3&timestamp=1503217053&ver=1&signature=KkhsuFgbyjicN7kCBBuIv5*t0WoUdvJottH1GLfceEE4u9z7ATsC10jVqEYsZb*RPbIBff5tb6gT17ChuS6b2w==,微信号：dlzhongrunjijin月发文 76 篇,众润投资基金管理(大连)有限公司是经国家相关部门核准、大连市工商局批准设立的专业化基金管理机构,主要经营基金管理、股权投资、中小企业金融服务等投融资业务,是一家以股权投资为核心,同时开展综合金融服务...,众润投资基金管理(大连)有限公司,我们只知大势将至,却不知未来已来,http://mp.weixin.qq.com/s?src=3&timestamp=1503217053&ver=1&signature=LwJELmsUMgzBPqjdkLD-MatmreT2ZtVIgtRRnya4L0u*5hSUffBB51KOtHcHQrpQ0C1P8wyHc*W8CFYbSXsUY7LQTa*ZbUzfHj9naCn72UnoniY*GcCQQUwpLFwxjNnEtryyp0feIzUC7HeK7cIB8k9vq8MjiD-F047P7jyZ4eE=
盛景嘉成母基金,http://mp.weixin.qq.com/profile?src=3&timestamp=1503217053&ver=1&signature=Us3clD2DFA4UNRVA2VI6SY*wqdIia8Ar*35ZosQPsADI5cNBkliEc033xBAPSVzmi-iOabIdfH5L0iwVqjbCug==,微信号：Peakview_Capital月发文 4 篇,盛景嘉成母基金已经投资覆盖了中国、美国、以色列一线顶尖基金——高瓴资本、君联资本、红杉资本、真格基金、金沙江创投、经纬中国、嘉御基金;KPCB、Accel、Menlo、Vista;JVP、Viola等.是全球创新事业的顶层出...,北京盛景嘉成投资管理有限公司,盛景嘉成母基金刘昊飞:判断基金比判断项目更需要专业度,http://mp.weixin.qq.com/s?src=3&timestamp=1503217053&ver=1&signature=y-5B6nrnmbREAp339D9BhiX5OBaba5DBEbND4YAxPi71LnuGzZnI-QJupi88b5l0zi0yDMHWbD6G4Z*jN0rq7nqYWaIl3AHnp9FrqUTAJ51N10XHzdpO0xqTPBS2fVVvHXDasVD8pGt0wganK7lb3tzkcKbnn9oIeZdYDo1yMsI=
