公众号名称,链接,基本信息,介绍,最近文章,文章链接
中富资本学院,http://mp.weixin.qq.com/profile?src=3&timestamp=1503128337&ver=1&signature=1u*Ir6eF0WkM57PIduyXpPa9eKnk4Fo3abZvMqLHkqLPtQKHgMAj6p9BfmSt8ern2i4tK73DjnHLqC09DqqSRg==,微信号：ezhongfu,中富资本学院依托中富投资集团近20年的资本运作经验和顶级专家团队,为中小微企业提供实操落地的资本培训、咨询与运作服务,致力于创建中国最具价值的资本互动交流生态圈,打造集教育、研究、信息、智库为一体的资...,,,
IDG资本,http://mp.weixin.qq.com/profile?src=3&timestamp=1503128337&ver=1&signature=UY7AgHhXkxxwuhEPIpa8nCMnrTr95f7CC4j3vaZvwjBawE9DnSaTc9JtqNKG9-4deYu7kWFZTLEdbHXY2d7JnQ==,微信号：idg_capital,不只是VC,还有趣味和陪伴.,,不断接近「完美」的最好办法是什么?| CEO说,http://mp.weixin.qq.com/s?src=3&timestamp=1503128337&ver=1&signature=Xc2yEkPo-tAwpC5cQSX0M2jMzU8Ac7HYAlfVG96*tsMu0wlUuNiyvDvaqIUu0H7mNigYzRRlPoM3Xg10qEetJW9DZQ12F-JrQYqcFnja3N2aQrge1YSCWmyuoPCTNsjzsbz6SyugZfXUifdTthnufAteUh614Yuj9rzYHBMPh2o=
洞见资本,http://mp.weixin.qq.com/profile?src=3&timestamp=1503128337&ver=1&signature=248gCs*on3*7LSIzoqx*ln-b8j8J*34iDrqZvivX*127sIvcbQCidnrUpmRLUTFvQEmBWFN0j7vektE9mTubMg==,微信号：dongjian360,洞见知行,专业、极致、聚焦,用心打造“新三板融资与市值管理”专业落地服务平台! 洞见聚焦中小企业:融资、投资、股权设计、市值管理落地实操服务,仅1年多时间已成功帮助近20家企业实现股权融资近10亿元!,,【大咖洞见】马东:我对内容经济本质的三个判断!,http://mp.weixin.qq.com/s?src=3&timestamp=1503128337&ver=1&signature=bkUvFCIF935df5YGVnrnI8RB38j1TJU317-s4I8oPYiefxglLTwq*sQvSmg5W25V2Qp4DD4wMgzoEfl67hQA7HBh9u57rva9Dj-D-Dzj*OephEarhdmTJyVCXN6cKxGjJncznPG3DissnWmPbQxPADbkAYLAWj62WnpLe65k6P4=
蓝光资本,http://mp.weixin.qq.com/profile?src=3&timestamp=1503128337&ver=1&signature=VsjwlvGkKWmozz-tEmj4vb*PvsD9G*PcYV3XBUb6dGbnZqvrvPv87hHo51BCkYoWqLiPUv6Vu36ulBFOySW9fw==,微信号：lgcapital,蓝光资本根植中原大地,为河南省内上市企业及新三板挂牌公司提供全方位服务,业务涵盖股权投资、融资租赁、股权质押以及供应链金融等热门领域,践行“实业兴国”理念,为广大中小企业发展壮大提供动力支撑.,,孙宏斌首开乐视网高管闭门会:我们在一起,http://mp.weixin.qq.com/s?src=3&timestamp=1503128337&ver=1&signature=LseEE1E27xS-vBlX09LFiIby83DStdgTaOcUBHMb8VkJZE2*6cgAoM5iY5RWSBkp2I7Tuc8hkMKvDTxdqxULEfVRuDhpeDgunRK9XEZuenY0TQRGrIIqyQbtLZiXH7e3f61VQnkA-SiL*oxfDz3xbPXfKJoiwDtBBhXVW5xLPjw=
天石资本,http://mp.weixin.qq.com/profile?src=3&timestamp=1503128337&ver=1&signature=SSewxhhParb8FXllIBt38mdiEQKLRFGsImJ8-K00sIvWhkk50uTOOQx4oLFoL7*ZxbUhT3EG72SePRFzJiBQyg==,微信号：bjtszb,中国投资者一站式服务:学资本,做投资,成为资本赢家.传承资本智慧,引领财富自由.,,2017年最讽刺的网络言论,http://mp.weixin.qq.com/s?src=3&timestamp=1503128337&ver=1&signature=OyrGRJpilZV2vrA3crV3jvOltCNGpBY8Z5*FpjDbpuZ5NFvTJ-4MAK5bHO1hqCNztW05rcXy9b2v6erk8GLwEPGpwNEBQKkV9*LPagWMOhqerQ1EAuG8YBp7R6ISkWaIUojA6ajjQ-ZZdraRBymvS-6S4UyYP2QlBZCP8FVT0z4=
达生资本,http://mp.weixin.qq.com/profile?src=3&timestamp=1503128337&ver=1&signature=XFQta8tTzGUQkCVvtiqpjuVEAAC3U5GJrIOwVtwsH8nsXVe6bhdwzOas9vi7uf22GPPP0SUVrcMOpZQ0ZEUiKg==,微信号：dashengcapital,达生资本专注资产管理和财富管理,持续为高净值人士提供全方位的私人银行服务,分享资本市场价值资讯!,,【视频】看完滴滴这段视频,广告我还是只服泰国!,http://mp.weixin.qq.com/s?src=3&timestamp=1503128337&ver=1&signature=wZlocC3*kagwETaHvCIfgt8BMUgejT59UkbdgZN6Y6qviriPKPb388ZQ-5c2P3zDfwhLq39pHmFAW3SMVSyWzNTFbkgcPSMq5HK-cowbDezvFOJMX5E4PSrRZzHqCQyBegY8O7fum0xTT6uu6hUsjhFJd9zM8Jtni2cy2yTzdW8=
优联资本,http://mp.weixin.qq.com/profile?src=3&timestamp=1503128337&ver=1&signature=bC-OCooyPnt99HZ-ITLujOiSCl6c4TlU5h4EPNhosyRP36McWMDu3DsPWryVKrXMkKngOmsH4nHv1UdVAg1xVA==,微信号：United_Capital,优联资本,中国首家产业链资源整合及一站式投融资服务平台,跨界传统产业、互联网及投融资等领域,从产业链角度梳理商业,整合跨界产业资源,引领产业协作与共赢.,,优联分享 | 9大行业趋势,2017上半年创投圈终极复盘,http://mp.weixin.qq.com/s?src=3&timestamp=1503128337&ver=1&signature=2jBKqB9tDgYwXbjZkTnNZBfOeQ13DRY9nstW2qho3SB29xW9RiTpyijgymZ3LFFEJT9GETKwU2nhopgfwZvRvMlppwlEtNta046GJXNVKvWZsaJGj7v-xGo*LkrWp0E-o02s-Z*qRxdpNt7drBbRJD5v3GPsqc*kSINHjPZpn3s=
国诚资本,http://mp.weixin.qq.com/profile?src=3&timestamp=1503128337&ver=1&signature=DB26aQ8PoLzZPaMc68Epb28R2YaV-7sCey9noHqzcIzI9XWYnBvogTOXRfBtzxy-JUHohnKHrUiUu*-6pXtLgQ==,微信号：gouchengziben,股权投资基金/股权投资基金管理(不得以公开方式募集资金、不得从事公开募集基金管理业务),,这些冷笑话大概只有金融人才懂,http://mp.weixin.qq.com/s?src=3&timestamp=1503128337&ver=1&signature=qBkKva6jPhLgyLL7*n6Y6mQR4p-ILTGqW2Yux95ahpwCY2j37H0JFJPEBrRpgBRzDB*MRRpRBIjFoslbuxrsTgD3KJSHsoLQY9QYLYHPJWSz05VwQGCSCnDy2O89byvgqX92w3LzaQcFrotvNSCufMvz9wjoo0wtkCZTKj-sVRI=
资本实业,http://mp.weixin.qq.com/profile?src=3&timestamp=1503128337&ver=1&signature=zEvnTg5555iRLwBJG9HoDJZJ4xQP*AeK7eOJ8cZqyzTcLmS20BQ915g3XiAARTQIOFX5J1MOb8ry2wWsDfb2wg==,微信号：ccvgcom,开拓财富、品位生活,,中資實業財富 | 拍照失足 香港25歲健美先生墮樓亡,http://mp.weixin.qq.com/s?src=3&timestamp=1503128337&ver=1&signature=nNuCUeN5o05-ftWs7m60erhjKLnAS0kWnA*8Tj*qWr4mJ0VWZPCMoxLW0qwc-owit-dMzdKT6TPHMpylw40WdE1a6cIOwOQDnCkKQPXa1MgwNYydTDOBv*n1CBbW*-d0Ju67p23s1OLXehYBfjm5rBvOFikQa8tz6mwcj2qF*uU=
创亿资本,http://mp.weixin.qq.com/profile?src=3&timestamp=1503128337&ver=1&signature=60vOWWrbropFLaxAd1Ush28cYjJwoNMI6n0e*-dnGD24i3B3SvPJs9hyTgTMbT8e4q-DqfdLvnvYR*6DdVhpZA==,微信号：cyzb1919,中国顶尖的私募基金机构,专注于高净值客户服务和大类资产配置;每天汇聚业内最值得分享,最有信息浓度的投资知识,提供顶级私募理睬智慧,您身边的投资顾问.,,索罗斯增持 13家新三板公司背靠大树,http://mp.weixin.qq.com/s?src=3&timestamp=1503128337&ver=1&signature=Wp6bys8vnELnFOSc4vAJDtBMUBvCwE0IJyzX*ctIsBAPsI6USqUK*7xspBZIYasyJk0GLfyyXTWdb4RUuhThRyK63mXROtshLuEFhRKxxdoh92tjwnsyLVW1WK6Pz-lwPbc4RSTLW6HsL5SQuABO7X5GrAgPDgXgCBPpsnFVjUg=
长清资本,http://mp.weixin.qq.com/profile?src=3&timestamp=1503128348&ver=1&signature=AkSHee4N40MmjIfbFuUIvjmjOdoMO2g*W1fDorsijayKAH0bLcO9nG*aJvoJ*-G-YyHadstuCzjPf7Jfv7Mgzg==,微信号：gh_4a1438e0f801,长清资本是专业化的资产管理机构,集股权投资、基金管理和精品投行业务为一体.本官方公众号致力于为投资者提供最权威、最及时的投融资信息.,,德雷曼:逆向投资的理论基础,http://mp.weixin.qq.com/s?src=3&timestamp=1503128348&ver=1&signature=vxx5KHgBJ59jpDUK52ai3ygWYOiSSaX2u0yKInoEC9d1GDHM3DwHJr2HxWIdxa7ToSlHJ3Y5o4fAJGOZg5X5XiqEBUUa1FNuu8Vp90u5kJkNA1NSM-AWBL4g8EAuIdh8*d7nXexUCqgG91uZMo3hQ1xeYJ2nBmhnAU4v*264TLg=
股道资本,http://mp.weixin.qq.com/profile?src=3&timestamp=1503128348&ver=1&signature=Sj7w7sUv1I1SzTpE6MUZyPLUBz-fPJ6tfpVIed24jmid4iGJfnfLsXBr20yX5iWEC*5v2LP4TD*0f2WlyQ1hmg==,微信号：gh_b65a276c9474,股道资本:提供金融市场最客观、准确、及时的资讯分享和观点,SKTWO交易系统为你的投资之路保驾护航.投资朋友必备的公众号!!咨询电话:0755-36535111,在线微咨询:bovey619,,【股道资本】2017.8.18大盘精准分析预判,http://mp.weixin.qq.com/s?src=3&timestamp=1503128348&ver=1&signature=ShRPhbPBEb*LgN6yiIS6*KsluUxCeLKu1CgClPMRY28lnJrbtcHbhwxyY2BWRilLU1nlbL7u-pkBpz4-HqcnTP4yZAOyEGUkEw-bMmmt4BiQGRwj223Xwun5**DMk-MeqsMHFARHsamKz17WgFzWzudKPQbjtdaJRi7DQhCuaZI=
青骢资本,http://mp.weixin.qq.com/profile?src=3&timestamp=1503128348&ver=1&signature=gwnkarttscm6xePvddrl-mGsn3EtA77BZWGV94018RdyYWliBE02*KQpUswdDTGpMRisw5kVS5QXeV286tJUbw==,微信号：qc-capital,青骢资本创立于2014年,总部位于上海;一期基金专注于投资以互联网为媒介,以O2O模式经营的消费型初创企业.,,17Hi获青骢资本数百万天使轮投资,不止做精品酒吧版大众点评,http://mp.weixin.qq.com/s?src=3&timestamp=1503128348&ver=1&signature=NupgVG3tvad2eCd6TSjVnQHYKtx5OYestZ29ijUmDLysp726JhPzeN2OL6t3rW3sDWchr4qe-ZQWBwOdfYOE0yRW1d7McMOlWjsve89A6VL4UoFixPYchDSPTVyLgzIY9Lj0zePl62dweBLdQx1hZ5s0m1Yt2mg4mnzL8SmNFcc=
同芯资本,http://mp.weixin.qq.com/profile?src=3&timestamp=1503128348&ver=1&signature=KNqpsYlyMqV6tvuZPKm*bxWYt-ZZ7KzpUmxY7S98gWc7E-GEjAim7qa5pCnS04J*AiflTEcb33XQXAFoGSO0-Q==,微信号：tongxinvc,同芯资本是一家新型创业投资及服务机构,由资深投资人、企业家和连续创业者共同发起创立于2015年.专注于技术创新、内容创新、应用创新等领域的股权投资. 同时提供技术、商业、产品、战略等创业服务,旨在帮助早...,,内幕交易保代第一人谢风华,重出江湖再被罚丨同芯周刊,http://mp.weixin.qq.com/s?src=3&timestamp=1503128348&ver=1&signature=5Qm9h2Z9oMAC4VWbJh4hdqqKZihhi1Rcq5U6n2L3mYbdnhKL4xh6xx5gHLI3M9QCd0Oxza6RZ3MnCl1OVOOFnQQDs7p-bac0luLwYuIFvkh*h5ZhprNHAjLPPdQbSHU6tuj1W3VANcgjj*Nx*QkKgiK3SHqLR9gsXdwbLdSrzyQ=
风云资本CLUB,http://mp.weixin.qq.com/profile?src=3&timestamp=1503128348&ver=1&signature=roohfQTmtnZ9WSs7JMQnsCjaD0QCD7XDbgdFUgokOOgBuSn98xesa1q3XqSCf*sTB2XR5hnBD4Gb8WXvgL-cTA==,微信号：FENGYUNCAPITAL,风云资本成立于2015年初,由投资界、互联网界及传媒界资深人士高燃、戴科英、侯继勇等发起.风云资本下设风云天使基金和风云成长基金.,,新经济浪潮涌来,政府监管准备好了吗?,http://mp.weixin.qq.com/s?src=3&timestamp=1503128348&ver=1&signature=292eME-YbbdnjX-RN7IqesbWCXHVJf8J61kal0CIrkIPPh8GLfjHuNRYlFRFUZcO3Put3hnzkzitj3Si9Bcxbqi8PZSAzSGIxOFr6wR8ckx*ifzCCs6X3SRmb1zqJrz6foRDsXmK-aubv6BtWsEKpZVCjMR*cjb4ESaj7JTp5Tk=
君创资本,http://mp.weixin.qq.com/profile?src=3&timestamp=1503128348&ver=1&signature=4gdItLP5mecGG-9sKsoNm0b-L1Yzz8ku3TG03YDFjCiGR1aGLWdVOuyvna4uNVy-3HURWvWsDET6In30IYXCEQ==,微信号：Echo_Capital,深圳前海君创基金管理有限公司(简称君创资本),由多位金融机构资深从业人员发起成立,以最专注的态度,最高效的执行力,以及强大的资源整合能力,以大TMT行业为主要投资方向,迅速成为了PE行业的一颗新星.,,互联网医疗行业研究报告2017,http://mp.weixin.qq.com/s?src=3&timestamp=1503128348&ver=1&signature=Nt01nPigHJrq6upQsB2P8LpeGEN84iEclxLhvUxmDCRVHxHGEDPY*rXlX63IEc1hNNcC6c44DybE9qL4IPGnNFMWgg0MgLSl0ezSNofEx0H5QS2p*QJXLAHuHNUzPnlldEMWKQGUtKz7HvQrp14HsXmCEil8l2dagmwgesaZeOQ=
成达资本,http://mp.weixin.qq.com/profile?src=3&timestamp=1503128348&ver=1&signature=ihDPVrpCbrzoUr5Gh7Sn*zaXqLcSTuYAZNCFsvnDn6uzb8gSIpIsaFYeUPmiic4C1026f4Z6fj8QyegIecJbqQ==,微信号：cdjjgl,秉承“创造价值,成人达己”的理念,成达基金投资涉及教育、环保、地产、文化等多个行业,致力于在资本与企业之间架起一座桥梁,为资本创造一个良好的投资渠道,并获得丰厚回报.,,特色小镇的前景与疑问:什么是正确的“突围”姿势?,http://mp.weixin.qq.com/s?src=3&timestamp=1503128348&ver=1&signature=z6KIycctZyFynD6*47G9tT*gqxyFwk19jTBwmQLN56gYLNIluFHqNpXskDVcbY2qGyUwcOyP3uEI9sWkI1SGBlbf5ZNCfhtPH8lRGftxVeBAXvDJP1r-7wP-tG3Im14R*VXVWGZSJYuW8BUTcdNk9l6PMSm9mps-4gbWQyKyR7U=
睿立资本,http://mp.weixin.qq.com/profile?src=3&timestamp=1503128348&ver=1&signature=02iGn5c3lXd5LCfq5KlQiXinpSm*O1ZoCQ0RN1Le7uD6xtSCSbFfhGQn4sGH7-9tsvr4*TJhjB0XyWXy8zarUQ==,微信号：Real-Capital,中国一流的私人投行,专注于股权投资,企业并购,上市挂牌,融资顾问.帮助中小企业打通资本市场,实现产业与资本的高效对接.,,2017年IPO被否43家企业名单:主办核心团队、券商、会所、律所等排...,http://mp.weixin.qq.com/s?src=3&timestamp=1503128348&ver=1&signature=1VsigQgHY0lL3Nfca3FcJZLohVsTYWnKKTED4Tv5AX01-70n*NnI3CJG761jFD4w06rEeV9Plcvdqac9OJZwLCEUhuu4BYRUYecO7gR4NToozYT4LmbgjEzixpaNE8eDrlBVa*bcspnmiaakDTEJbXnS1WvljripMreu-4JySOw=
申尊资本,http://mp.weixin.qq.com/profile?src=3&timestamp=1503128348&ver=1&signature=4lTjlUu*AxbJ2cItH*KhccyBj7J0oN-NfzIZihhlCr6JuqBVtYMAlIhmm5Od-UClrtOxarQMEsHTTiwPdMUMog==,微信号：shenzunziben,申尊资本是一家专注于量化对冲及股票二级市场投资的私募公司,投资对象包括股票、期权、期货、ETF、分级基金、可转债、国债、信用债等,我们将在风险可控的前提下,为客户实现稳定的投资收益!,,大视野 | 国内四大类金控平台模式分析,http://mp.weixin.qq.com/s?src=3&timestamp=1503128348&ver=1&signature=dPHeW9g-qsWpFD4WGGIEq5Raagisp5dJ77eudjkXWLmzUccwkF5tFpw01I-OI47HKsNqMmMpJdQYN8nAcY3VYeQc2ogMxAUPE3o7YFfoOSvyRI5ZLXk6Ot9r4QHC6zo4boYwCgh8G-c8Xj7gDk13MwefQB186KvK54XtKPgterA=
诚毅资本,http://mp.weixin.qq.com/profile?src=3&timestamp=1503128348&ver=1&signature=B55TW604FS**TteZnSmR9T9ywNh4cJMFsjKrXYBLoHIdJasMqzHkZBAOgmKhM*T7ZJkAJCklW20qIwIloLszLQ==,微信号：gh_6fd1cb8c2549,诚毅资本致力于成为金融资产配置与投资专家,专注股权投资,定向增发,投资法律规定的证券,期货,债券,现金等业务,为投资者构建最优金融资产投资组合.,,投资中善良比聪明更重要,http://mp.weixin.qq.com/s?src=3&timestamp=1503128348&ver=1&signature=CbYsPVL2gyEbDdYwQueNwqI6FNBr9GgnDCBL9m0WCnClR0GL-Lks4OesjBx527Cf1VL16koYJd3FCPffADDmlGTYkWkoRew2FmgYkHJq4Uj-y6hRNy1T2gzmcclnoM3c3k1d4XHAJx*WqVIPtnnikAXJZEpm16l-3EyawWvFNH0=
神骑资本,http://mp.weixin.qq.com/profile?src=3&timestamp=1503128358&ver=1&signature=2*gDirXREn6QEl2T7rBHH6n*w*c5ctj4*p*Ax0koSnh6IGI28Poy6o7-pXdtwO*Mqgs22ot1JxET5w47iAdHdA==,微信号：SZSQZB,二级市场资本运作、借壳上市、重组并购、定向增发、股权投资、财富管理,,啪啪声响彻宇内 还能好好玩耍吗,http://mp.weixin.qq.com/s?src=3&timestamp=1503128358&ver=1&signature=Un2xaDElXx*f4xUXIjwXw3vTqUuFdW0uEK7TnOfP5hciqRXLDkZE09G0ffFfw3TQghHeSwX1c-sfNI*CLX4vrj-RZnnpb4ucp9JyJWiyiCLI0hGYc4-FZ7RI8sgL-b3MH4phOnr*iUwU4abFkNFM*xnr4YlO*xrEV5PXwq8PvzM=
元润资本,http://mp.weixin.qq.com/profile?src=3&timestamp=1503128358&ver=1&signature=Y3Yvq24l5A0z2q5P5M32JEePmodhvwZ5qKol7SHcyXa*3blaYbZY0rhX8zGXUioih2DmJGg5azTVDuArzx8TGg==,微信号：yrzb8888,一元复始,温润而泽.作为国内首家联合国有金融投资机构的投资平台,元润资本致力于成为中国医疗健康产业融资与发展的领军者!,,0首付!0利息!0手续费!生孩子、坐月子、产康分期受追捧!,http://mp.weixin.qq.com/s?src=3&timestamp=1503128358&ver=1&signature=jxsKHIV8CM4lymh8QXR4o4cxiBOb-QzsOsmQb6ViXDRxA0RKJpLvnZVY7rY92G14sFkCqWiQPYreGF6-u9DLDbAuMxz3ZvXgDV*28qmRBfBOkk9VKafYG1mJcHxtM1a5XOCywzl3otsNCZoUvTx*zx*2KKhhqPhBkoqHjsACiJY=
华众资本,http://mp.weixin.qq.com/profile?src=3&timestamp=1503128358&ver=1&signature=*i5JNEXrOR2Kc0gzarw1WXdvvoOOg7LHdTtqhmefjsYp9y9rnVo3A2G4u3m0bl0xPQkNUEKpzUuF3bTWewaltg==,微信号：gh_06aa4d6a8f44,山东省华众经科投资管理有限公司(简称:华众资本)隶属山东省经科发展集团,成立于2015年5月,注册资本3000万元,是国有控股的的专业投资管理公司,主要从事以自有资金进行投资、投资管理、咨询及中国证监会许可...,,【天风宏观工作坊】一文读懂宏观审慎评估体系MPA,http://mp.weixin.qq.com/s?src=3&timestamp=1503128358&ver=1&signature=pU-6uty0SaW2On*21-bqEQoY429ycOLw5ZKNZwQxe1U0VTvv7fNOSuDXfTa-6fiV9nLAazqCBFe8lbsgnUQ7KpbkQaWto2IFAN9xAtZaBROGkZYoY7mUBvmZgMYPqknJXWseBu3EhU*gwYxSQWC1fKySf1SKoHgIshhtJ26VQ5A=
飞维资本,http://mp.weixin.qq.com/profile?src=3&timestamp=1503128358&ver=1&signature=ACzDieg0scWe4TtPzy11Agj0ODWbq4GZk*jDXLZ0letI813Cb0*QacNdExTsjwWlG4pPnMIMvFXUb80aU3myzQ==,微信号：fairwincapital,覆盖股权投资基金、基础设施建设基金、房地产基金、证券基金等管理等,,教大家认识股权和股票的区别,http://mp.weixin.qq.com/s?src=3&timestamp=1503128358&ver=1&signature=ZJ1NbqcsSXmyfaHdr2fkXZ5Uqtx0OrKvPCHHcNhY2to0uJzPd1Ket2BRnFFRuqf6vtGobNnxX0oXql9OBRtXnzaTeHMD75V2LcY1LcbWjTl0H69op8D2DZkkg-z9-2anBoJ3TkMTSa*LbchaW0ar7I*ZooDMiVG1B7NFqokRgNk=
原时资本,http://mp.weixin.qq.com/profile?src=3&timestamp=1503128358&ver=1&signature=02oCv8dwzdPE4Hv4E26jTSbocE8ujRlt6zM*EsYaU2liDyk57NThV-C0AY56S49XdqnGrdBHECCToQqFPpgQ0w==,微信号：propertimecapital,北京原时资本投资有限公司(原时资本:PROPERTIME),定位为面向未来,致力于科技进步和新经济发展的另类金融机构,将围绕“为新科技、新产业、产业升级提供多元化资本支持”的核心价值进行多元化投资,提供投...,,,
凤凰资本,http://mp.weixin.qq.com/profile?src=3&timestamp=1503128358&ver=1&signature=Frr370UZqum5SwS*7-ff6ks58*72DilW8ZuyW-3CqFzfrodhz7-oXD6gxp6NKgAzt6fakugaOvpHRs5Vxj3hJA==,微信号：Phoenix-capital,凤凰资本phoenix-capital 通过联合北京交易所、信托、银行、证券等金融单位,主要经营财富规划、众筹、私募基金等业务.公司主要面向小微企业、创业创新者、合格投资人等,提供全面的、可持续的、有效的指尖上的普惠...,,【暖心】这个世界上,总有人偷偷爱着你,http://mp.weixin.qq.com/s?src=3&timestamp=1503128358&ver=1&signature=9*L5Vw4Tqi0XwJ4pTQ*Jy8jVazHVVVa5uxRXTDYbVspq49CpspaRsmdnHPLNd0RtJgksCV8GvI8eXD6klsXDYVICGRna93c-yczTFl5gTn1ivSmItXBKDSc*JL6Gf61A40vdR0mbWN7-ZnMRfmvEx2B6xDeFWL8o4TtWQ9XyCI4=
以太资本,http://mp.weixin.qq.com/profile?src=3&timestamp=1503128358&ver=1&signature=e0Wlt5owYbCv90nMdy*suo5jWels0-qooPTPGOA8YYGBQqqfP0EjwcpO7cbsp9ityMUo5qoV33LKsFF*D7tp7g==,微信号：xuetang2014,以太,全程陪伴的融资专家,专注为早期创业公司提供从商业故事梳理到资金入账的一站式、全流程融资服务.最专业贴心融资服务,最实用创业方法论,最前沿行业观点,最靠谱基金资源,尽在以太.,,,
天鹰资本,http://mp.weixin.qq.com/profile?src=3&timestamp=1503128358&ver=1&signature=NVK7CXZy3bRTkTpxqvzQvKnd2vgT32Vwo4YFdC1DhAnbHS7GrA8mCfPBmfcmXtlowO*rmrFbvzlLh8aVrJ6tvQ==,微信号：tianyingziben,天鹰资本(Ying Capital)创立于2012年,专注于早期、成长期和成熟期的投资机构,重点关注技术创新(人工智能、大数据、云计算等)、企业服务、文化娱乐、工业4.0(智能制造)等领域.,,“快用科技”获数千万Pre A轮融资,天鹰资本领投 | 天鹰新闻,http://mp.weixin.qq.com/s?src=3&timestamp=1503128358&ver=1&signature=MlunVvX0Vz*i3*9slk8DNOVeyb430I6tEiDAx1GEtjuHsWbEVi0rGJEcjsdw3Rf2bsnF*bCZy0Ac9i347xGxJToVh4U3slEsx9J3DWUExgOLLFFM-sOrHKZohqwfKQIy-rVanqD4VwSRnNPDqePT2pYm1JoV*EkkQ7ifGav6CkE=
呼啸资本,http://mp.weixin.qq.com/profile?src=3&timestamp=1503128358&ver=1&signature=uGgaUNWCmAQsxPJt3CgKsqTaYP1iFhWdoJoqTQ-3lEiLjrXcrSEXYeK2LiGNSBhzOorQqXH8ifJT1b7jm0oQRw==,微信号：HedgeFundOnline,公司宣传、信息服务,,呼啸财经视点,http://mp.weixin.qq.com/s?src=3&timestamp=1503128358&ver=1&signature=ywfBvzfxwgrJHzWvRcHgKIv-1i7zlNtIO2QAbEgfPVAtT0oLrveRPkzqbTTNzfBtuI6Os3WPXsuxtvRO*HMXH2H-fsRBtUovDOGxUbIiZSiQtvDKL*2ZQCuYF-n3Pn3EYg0xPzuCeUmApniGFv*mGQw62BQwcar6aQKX9u8smU8=
新板资本,http://mp.weixin.qq.com/profile?src=3&timestamp=1503128358&ver=1&signature=fR8iCCylrSLUN4bmmeZ87BVOIUzsG00w0pgMPu6IMmjTh3E*MIKV0jHMahUgt9dx3JPef*CY0ldyYT2LOaZq5A==,微信号：gh_5643378e5a62,助力创新,实现梦想.新版投资,一站直达.,,新板资本与未名商学院签订战略合作协议,http://mp.weixin.qq.com/s?src=3&timestamp=1503128358&ver=1&signature=9Hsl2AG2bvlU9An6KO5ouNWcgKGGRduUsgDYG4fQUOpQxSr5xZ1G2Bt9UhC3rEWNVTM9cFP-W7-Yjh0b2*OOD5OIzFkEDFuQwtKmRfH2-LoUjlvveYtXCV*skeYjXsujrB8MRJGh24IPxAKBsxmDnqn36hdnCtvTwH21RRPBnEg=
昭隆资本,http://mp.weixin.qq.com/profile?src=3&timestamp=1503128369&ver=1&signature=Jwi-ZpKSp2bq2L0icrUfecIuKhcSpPZDOhG1B3G4weQ72vFl41HEqZJS27ak3EwIe72Y4AUEId*QvMZlS-DPfA==,微信号：gh_183f8838c2f8,昭隆资本是一家专业性创业投资管理公司,主营业务:新三板私募股权基金、海外资产配置、海外上市并购.,,癌症最怕的6种碱性食物, 每天坚持吃一点, 和癌症说再见,http://mp.weixin.qq.com/s?src=3&timestamp=1503128369&ver=1&signature=O0dnqO5qP5NVrqVxAXNrHtJGI8pgYuyzvRbUoq3U9BrV8i8LBPAA0ZomZE-W-3dv5yvoHlvK*bA2uzD*6ZTFfkaNR4pJ7oc5*uBJHJT*5u7Ub6BBM*B7lAYmJo9ubtCsCB1SG5PbcMVMrq6kT05bpsd776gXRL7h5wpElJ6aSy4=
慈航资本,http://mp.weixin.qq.com/profile?src=3&timestamp=1503128369&ver=1&signature=xyb0fHXaD5ZrjoZmT9**PO4ynol92Y-0Hor4WTDb2Y3qxVjaFKIO47y1ZgRwx*hABfermq6-QYSgevNNz1qSwA==,微信号：cihang_capital,慈航资本是中国私人财富管理的高端综合金融服务机构,是集成“全球资产配置、家庭财产保护、家族规划传承”为一体的综合性、解决方案的财富管理机构.,,激荡十年,中国富豪变迁史!,http://mp.weixin.qq.com/s?src=3&timestamp=1503128369&ver=1&signature=fGvYBllHltv5kQQhf2Skcrdg0Sl0tezfi-PtTOOEsuc8ExNerbqxnZ4KjeVEy9thfSuZobhrHY0hDhs2wemcQCpp5MhTtLzLeMlPd8B544Eytba4t4BJxjF4Wlc65*JsIL*DhhCmxTYQDCSFYTERwvn04Fr5mb1xKoj0xmkBfIY=
鼎亚资本,http://mp.weixin.qq.com/profile?src=3&timestamp=1503128369&ver=1&signature=VgiolSmz9WAS-JhYTuyk8DwbDsQtWiH0EkgUYg8JKiZOH7w6o-rljHy*i1pxgMlyRNHOe5nYVHGLqlATDUJCUg==,微信号：whdytz,鼎亚控股集团是一家全国知名的综合性一体化现代金融服务连锁机构,分公司遍布全国各地,注册资本1000万元,拥有证券投资基金业协会颁发私募基金牌照.业务主要涵盖:中小企业挂牌上市、原始股权投资、二级市场定增...,,新三板500万投资门槛:跨过去是门,跨不过去就是槛,http://mp.weixin.qq.com/s?src=3&timestamp=1503128369&ver=1&signature=pEWw7QpRTzn6TWp27OJNnuCGH3YfyIu-YwMx729ahCQdeYujmqV6xR3vMjArCYZkwpzfiLDG67KH0aytFEKxjt828qYgDGYKH99ygcf31W3zTcc-zcqJ84xYgHYdT0-FtIJAUlk*2THMUe5rv0-*LG58qG9zhCvVKY3S84wbEkU=
九沐资本,http://mp.weixin.qq.com/profile?src=3&timestamp=1503128369&ver=1&signature=7JHuahdsRML5*WCrtFwBevkyWDP7rgy0W2yOBWchEHtB64kpINqMjraSGvm0xQl5xAk9TgJN4cJfEIXl1nzZ9A==,微信号：bj_jiumuziben,国内首屈一指的资产管理、财务顾问、企业管理与咨询的金融机构,主要为各级政府、企业、投资机构、个人投资者或已实现财务自由的人士提供专业定制,提供一站式的投融资管理和财务顾问服务,整合资源解决企业上下游...,,九沐:数字的模糊性与突破,http://mp.weixin.qq.com/s?src=3&timestamp=1503128369&ver=1&signature=Ur*Q5RvxY7cIh*KACnyXBjEOuFFKaEsqJOAPg5cWwW5aXvZnX2CVo-w3hlzLCWTVrNdz77exikaTVIC8JI-ry0tJHqjK8dYY-pqRA1z8IpllvY0WvlQQSAI15WpkgK3IkLHotGLBFUrNPjjsI6cZ2z7V4KqHsHR61mgJpuSReHo=
盛门资本,http://mp.weixin.qq.com/profile?src=3&timestamp=1503128369&ver=1&signature=iv7lUTojcZONzoPM*WkIoCVYit90x4MrWdcqtIsWDcpsgDtyeUYjq9tzUvUYG07teTfdXHAK5OCJO-Gp1nORRA==,微信号：gdsumo,盛门资本(sumocapital)唯一官方认证公众平台. 盛门资本是一家专注于资本市场的金融服务公司,汇集中国大陆、香港、新加坡、瑞士、德国、台湾等多地优质金融资源,在私募股权投资、投资银行、资产及财富管理等领...,,为什么犹太家庭教育出的孩子不是精英就是富豪?,http://mp.weixin.qq.com/s?src=3&timestamp=1503128369&ver=1&signature=q-z3h2s6jQVLZeltzcrk2uk-55OYVR3dORr1IiJmwGcTUVna8z9p3fP5pcAmy8GphA62-GhvgynSyM51BzVMAQr91RhPoks20Y9gCGoh1FijMvOuV2gnIieh3F53xFE-2v8GU0-PWp*ENr26u9rY70VACidSSJRTsLuByZTFBqM=
前海小康资本,http://mp.weixin.qq.com/profile?src=3&timestamp=1503128369&ver=1&signature=0ejHEwt*k0upU40yZecTvW90eWGgn2rRJIidIEiAwNWkzy0wiYA5HNSLxvgnLTgWdRrQjM8rI4NsGyVUkNCfrQ==,微信号：qhxkzb,小康资本,在您心中,伴您生活,,职业引导,赢在起点——小康汇泉新人培训简讯,http://mp.weixin.qq.com/s?src=3&timestamp=1503128369&ver=1&signature=1bzgwTrUIwL7tbNzXeJZb4PYfRK2R-M5ovCHTfmXtpSch3bdneft7TqotxKJhhxBqUbeM4C5CpDqwaf2VmrYcGVfsSDrHwZRjtmi*mEP9QzZn7IyQd0H2Fp9nnRpUj2Bi36dBgQWnQDT*MipYOwf8RCsaRru-rpyRfX62teCH*I=
资本内参,http://mp.weixin.qq.com/profile?src=3&timestamp=1503128369&ver=1&signature=ZwnqdSAspwnMraskJrMx0GQPDNeOUzVscSLDW8pmZEmcjv8ifv*Cpe37I-bM1gMZjyRuqYnnDlAoJBHQGikVJQ==,微信号：Hlz-feng,资本内参:传播金融投资智慧,树立投资服务典范!为广大投资者提供外汇实时资讯,深度挖掘外汇市场新闻和行业信息,帮助投资者更准确的把握市场动态,洞察全球外汇行业发展趋势.,,少和这种人在一起,不管你是谁,http://mp.weixin.qq.com/s?src=3&timestamp=1503128369&ver=1&signature=xvlqOtziVRSPhSRdgE5bS4p*D05eA*pHf*doAORwAI3bFpa6v8IdmWQOOw33IBN0ldq-7aev92M0zjYKJzimBLPUpUi4nPiKR1Q-eC0qJ0sea0WsaLmCPayPdBfp6yFPLbWKt0JI0SMK32qrFIYVGJUZJWhGYioe6mDsxSVfaQY=
资本笔记,http://mp.weixin.qq.com/profile?src=3&timestamp=1503128369&ver=1&signature=amJEWRr8XRGC1SBNY-Mp5YhLG*hIhIjdhaJgIApQhKt-X1dX4umXssCS3yHNufybxE4XKPTcO*luiP7jzuq0Kw==,微信号：zbbj888,一帮资深财经圈人诚意推出:专注于有价值、有趣味、有情怀的财经新闻.,,很多红酒都是假的,教你一招搞定真假红酒,http://mp.weixin.qq.com/s?src=3&timestamp=1503128369&ver=1&signature=GPs6yjdLSqLRr3CcY5Dv3qZWZxaRffuO0FPknJr42vrMz73gaa7l*B44J93FHmMHlCHD1AGTb65O0vFnYa0z8yupf8VFJv0DcI19-FxOM4N5EOPZ8WVON4uzFNruAGiwK0WX1m7gx-qzozIybAB7OSVshTqaOgiFHjtDXndiPJc=
资本蓝图,http://mp.weixin.qq.com/profile?src=3&timestamp=1503128369&ver=1&signature=TZBp*CBoazK6No6CnmEcKmjQZtkeydSW6XBMF*sloeC3-CcX0Fw52IfYvHVBSGZdi5PPu6Mr2oQsobuCwrGfGA==,微信号：zblt-1,教会企业如何通过资本运营把企业做大做强,真正的解放老板,成就员工梦想的平台,为中国经济加速,愿祖国成为世界第一强国!,,中国教授一语直击印度要害,原来印度这么恐惧中国,http://mp.weixin.qq.com/s?src=3&timestamp=1503128369&ver=1&signature=p0uWwDf-LtpxUKQxsKpWG0GpI08d56xcr850XvPCU7xkHw673LY3UHtH9SsisHt5ATdMTbmek0ULiV3QlBQsYi17SRzLx50AYpbSRzErCLqNxbMnL4f4FePP73IP4XGh0y-vCjFUbQzK8mvZWEcLi6jo5H2HWemqqZqn2VeCDSY=
资本逻辑学,http://mp.weixin.qq.com/profile?src=3&timestamp=1503128369&ver=1&signature=DXyl2u*zZvU5X8GV7G8MjFqvFJdh2n8BoZAGfsXdV1nTA35smDJ9P0llUOGQKLSzBNlCOD3cCFnSluxK*H5ENg==,微信号：Dz_capital,一眼洞悉主力成本,底牌动作了如指掌,未来走势运筹帷幄,“资本逻辑”决胜股海.,,【8.18涨停大宝剑】:混改持续酝酿,主线或将明朗!,http://mp.weixin.qq.com/s?src=3&timestamp=1503128369&ver=1&signature=ivjpdBBM2pVrTJxwutS9i0rbY14EXXZBQ61LyT4LgpRv1UD*bc7-0KRFCd0Dz1eGdyHcr3aMrmmppmPkZTu0YTHXG0zFkKwd9hhB*Hs9GqlH-09Gzcykewa94HrnyPxYgf9RfnviHsCdZK97COCvnNBO8vFHtdD5Yab-b9JMemU=
摩天资本,http://mp.weixin.qq.com/profile?src=3&timestamp=1503128379&ver=1&signature=QwryDWxklQ83N1Rxpynq6E5XTnKPvJfXjOptZFkLo9CC-NW288QphpQEJX4hGXmTaKdGz2KSX7O8bUM2barODA==,微信号：MTZB400,每日分享全球最顶级商业智慧,助力中国企业成就梦想,问鼎世界商业之巅!关注【摩天资本】能帮助您企业解决股权融资、行业转型升级、上市辅导、企业运营各阶段辅导落地.经过几年的快速发展,已成为中小企业领先品...,,重磅新闻!中国90%企业将倒闭,一场破坏式的连锁反应就在眼前,http://mp.weixin.qq.com/s?src=3&timestamp=1503128379&ver=1&signature=EjwxYIZWcz1DrLtVavJMzxxV1zXeP7zDBm6y8KNhge-59oQetEfI7sXG79SiOXu4KB1CbWhwxqhEb12-wsV4FfhlRtoJfbRAx*JgPnMkGzI0ZyJ2wTlsnJueFpXflimfNq7oghoYpDaFjwUDSs--X6PuWoukIxKN*5RVJ440m8M=
资本发现,http://mp.weixin.qq.com/profile?src=3&timestamp=1503128379&ver=1&signature=NKQ-nnFPbkiN8c24x89yMB0ZXe7-Cf85VfdUmwFSqT82RSNs6TwoXH1N87rFWXKB1tHv7LxPese64-T12AddWw==,微信号：zbfx715,每天分享国内最前端金融资讯、普及最新鲜主流时局、洞察现在与未来.,,刚刚,重要文件下发!楼市＂多米诺骨牌＂或将被推倒...,http://mp.weixin.qq.com/s?src=3&timestamp=1503128379&ver=1&signature=J0YR-5JlnSCkKGq4Cl-kuNOGBmkMOuTIp99ChT-3Twhmz6DSlF50EJFqM8AGIRWKB7NFLKi*qU-FWRAqI6eNH4*2UjPBwsQ-Khvxrqje8bFKfExHPHIUsnd-eXdF0gvUgBVlD2q9w7gTy4W91wpf-PKKY36HyxrJeeQYsJe5Ow4=
好奇资本,http://mp.weixin.qq.com/profile?src=3&timestamp=1503128379&ver=1&signature=6cGDffQSc2eEQ4fCJbNo6GVYQMNU7RUUr-BGC4WHNw*PdAVsH8LV*rMTnkCO*n3UrxjDjqnWKAVNBXnzE7rCNQ==,微信号：CuriousCapital,上海好奇资本投资管理有限公司(APEC高层论坛2016,世界互联网大会,中国风险投资论坛,上海浙江商会,浙商总会,中国高层发展论坛,中国中小企业全球发展论坛,中国浙江投资峰会,中国中东欧商合会...)投资贸易...,,三十几岁,职场黄金年龄,你该有的(深度好文),http://mp.weixin.qq.com/s?src=3&timestamp=1503128379&ver=1&signature=ufPisLXNUNhckgBvDfdwwQHxNe0524l1u3lddPKZ5lZkOzUix-YmW2lExJiOS8kwvGULD6DoBQwNC-XgyBMde1BOwmbGPhLLvUMnUJIK-sPPJM4KJbZ2Frlnd63naNcavzDtaXrQUOCFaC9U9vUhvkLg78idMaLm4bEwhJs*vkg=
资本联盟,http://mp.weixin.qq.com/profile?src=3&timestamp=1503128379&ver=1&signature=DZgzNY3nBgMUXfjuiey5UOldUbcc0OAQIoLsRq5zRpPwxi992Vx5SqNKmql4dDOfkFqbi-8pQ9X4W-lu7gjNeA==,微信号：gh_5ca968a1aa50,为什么要关注【资本联盟】? 1、学到精华上市知识,教你对接资本市场 2、找到实战上市高手,帮你迅速挂牌上市 3、每天分享实时资讯,国内外最新动态,商业,经济消息 4、传播正能量,分享智慧,弘扬积极的人生观、价...,,精神层次越高的人越善良,http://mp.weixin.qq.com/s?src=3&timestamp=1503128379&ver=1&signature=LfkQ*fnx2-T2Dt5Gocccbg7AW-6KIusLLChtd7-08Ud6vRynqDZE3RdZM8*TzmLk6DwgbnTtFw3CvjrAvKy6vuv8CEiFRRKo8p5iIM7GA1ehEhObDKaYj52xsO3OgXqU1bWoLXiM20tZlsiu31Ra5lsx277PKqw1YMSKA35gsSs=
安澜资本,http://mp.weixin.qq.com/profile?src=3&timestamp=1503128379&ver=1&signature=zd8T-k53l6DerqEFZZsMUJVsuq0do1cqqNJplTE6Q6h0aPskx8MyZEieIzIY2A2NXA187PH8BRU8qqNdLfqwNw==,微信号：qzh60866,企業家智慧聚集地,接地氣、夠實在、真分享!關注企業家想什麼、做什麼、看什麼.,,重磅新闻!176000家!不达标工厂9月底全关停!新一轮涨价潮已开启!,http://mp.weixin.qq.com/s?src=3&timestamp=1503128379&ver=1&signature=zG6xKVviJB-M4N*PxuV9qoIlvPpjmgKhmiINVvzQHHzFRYVShnl8mDIc*Gndl46irASUrlLkZm*nktJh9y6-IvRVlaK8BlLUttuQb6GSJjnkXdojkkA4Ck444OGwehpCxKM2rVK3b7Qve9zOuDWJv51HZPvgJxfUK6DtPC4njDo=
恒丰资本研究院,http://mp.weixin.qq.com/profile?src=3&timestamp=1503128379&ver=1&signature=YOuJUi14TQ46WJn6Y2lAU3s6f3ceLbOuAOYOQ3Ay6ZwqytAcTvmwzxgOMgWVSCIt2w2XKv6RwNi2NDpvAo56*A==,微信号：hfhqgc,本公众平台是全球500强企业家、政府、金融机构的必读平台.本平台以全球视角,实时输出最新的全球政经动态、产业动态等高端资讯.为商界、政界、学界、金融界等各级社会精英提供每日必需的高品质研究、资讯、论坛...,,朝鲜用中国援助都做了些什么?,http://mp.weixin.qq.com/s?src=3&timestamp=1503128379&ver=1&signature=loJ0-yUfLP1usF42lbWUapGO*Km1N-EihUjO6Y-XDybNvWQsL2Y7aW4NskmJqohzrwItoUcixnufzPw16kINAk3s1Z2an5ucBh5BUo9nIFMTSCiBhfw3X1W8vNUSKc9IlvNBUuMIjWsW5BWshOtWqbJIZ7lLQAeW*eMou93YePg=
將帥资本,http://mp.weixin.qq.com/profile?src=3&timestamp=1503128379&ver=1&signature=KRVWxac*drHVnTXgFm-MWuOf7z-GetfuzAX14sT*oH0q5MUsmVmOIarDs-Ikxi10Sl9Bdf1l0Yu2L4VSzeVfuA==,微信号：gh_191cce147971,提供金融市场最客观,准确,最新的资讯分享和观点,解放老板,成就员工.,,共享经济成为下一个P2P?,http://mp.weixin.qq.com/s?src=3&timestamp=1503128379&ver=1&signature=kB1TRuIcrtq8W9awDN3TujOVoea2F8PiBuCFmUS1sSxlRwRlOW8awuQ9ewi752LkfH5EfBzOgSd9bQxlLPdg9Y3xSRvGHmqBbr0z5P8gzXYSZ5wIHeRBODpAyHaZFTaxL-6Vtm1kFoMz5AMK8aVc22bTjBrGqWT0HRAyD26cGy0=
资本博弈论,http://mp.weixin.qq.com/profile?src=3&timestamp=1503128379&ver=1&signature=9bVAZLUehVswnitmMoEHmExkxLBweDMZpVdHa3juHAyzC6JmBv6QjCaLYKwNVHqFKaMwxOKI3Ne1eu8tRdRuuw==,微信号：gh_5d5e73a0010d,企业的核心是什么,如何定制企业战略,如何通过资本四两拨千斤,以柔克刚,如何通过股权众筹资本运作来改变企业的命运,关注我,影响你!,,我是一名销售,我一个月的收入顶你一年的收入,超励志,http://mp.weixin.qq.com/s?src=3&timestamp=1503128379&ver=1&signature=vnPBvNZM1y9eZ4GMdTWw5bVdAQiBWPUfy0ta6pYAuewRFWR-eeLpBiJi34-aEM7lrVXvD6dPNR*XyvFn7YvK4NEzbxTawOfbNbzWPLN4rU0hU8dz-V7RWCsv*GBaqBzEq80Evd1V603dko4TcoI73mdtuiQ3yt35j4PFvaI8ty8=
资本战略,http://mp.weixin.qq.com/profile?src=3&timestamp=1503128379&ver=1&signature=FHRGPvMNA1ouSqxyE9Ejd-mK83La0CmQQR8crp7oO6qXF59V9JE0TTWeo-NFfT-m*ZtXUxUT7RSvcOOzG3hXCA==,微信号：TP2454556455,致力于中小企业投资,融资,上市,资本运作,商业模式梳理.突破传统企业瓶颈,转型,升级.,,西游记团队中需要裁掉一个人,你会裁掉谁?(答案令人深思...),http://mp.weixin.qq.com/s?src=3&timestamp=1503128379&ver=1&signature=RLJnm1na2cTrEeBs4GSZEOgK2OrnczPkIjmK*T3xvHpOt2WVr9jADtFnK1iNQHJ*2CyB5kFGbz4*czGUtLEOgxI*DqgDdAUttIzR2UU4kvWNiqHV5vfeNGWvlRnqIbUpj672YwXyc5igg4rUgdBDEnLKDWmyzqsqbbBatU7HVVg=
资本教父,http://mp.weixin.qq.com/profile?src=3&timestamp=1503128379&ver=1&signature=1oVpTc1wpcJGoOlNCJ5O9KDjuQvCRlMyeTRZbxFPo7QkIGYhvtCoQEir6Ws7CwLlwKsDt2707TP*EOcVBhhEIA==,微信号：gh_b21b9ec3ba47,用资本的思维帮你解决资金、技术、人才等问题,,刚刚,欧洲宣布用人民币替代了美元!全球轰动!!!,http://mp.weixin.qq.com/s?src=3&timestamp=1503128379&ver=1&signature=8I6Uuihs7bgWcRdNS9SSQMX7H7V-cni59rvNE3Rf0RvuZC4LYbJ2VB2M14WnWvVIbWjwoeBuWTureoDPTQ139Z28eweu5VZk7MfAhrSijvkDxJmoHyF6CC789GRVBBmpCo0dlBOLSWAeJRsXT9LtKFBIBw3*PZ4-qW0ylvQcRwI=
迪泸资本,http://mp.weixin.qq.com/profile?src=3&timestamp=1503128390&ver=1&signature=Xyf25O6iw-tY*dW0H4egGq4EnDk-qktbBamMKRt*7vy6XyV81qlu8BNjJvHoFR3ywBqA4Vu8d6do6fI4dCaqSg==,微信号：Diluziben,旨在与公众分享迪泸资本最新的产品信息和研究发现,发布企业信息.,,迪泸分享 |   推出首款Mento机器人,子歌能否在儿童教育机器人领域走...,http://mp.weixin.qq.com/s?src=3&timestamp=1503128390&ver=1&signature=PidDLJBdM4U1IYUkxvGD1TerrMMpwYzgmm8a5HHVpV979Lp4TIUlYdiACjWjCVMwZFqEIX-hq1OOOBJPlI3tpD1x8j6FbTRuyi71wbhmY1Y12XOv*Xtx8VmcqeYca-b8HEmlb0sNVImZ9RNfm8mILUdsNu0fXrNLvJQaMrlsehE=
中小企业资本俱乐部,http://mp.weixin.qq.com/profile?src=3&timestamp=1503128390&ver=1&signature=FzIDfTJdGWv77*QMHVHbtp1AHFC6MD3MZfoqVRJahraG4yhZFkJRtnhYFzWPAqfJ35OwlYRhMz-cmM66VlEtIw==,微信号：gh_520baf85f657,《中小企业资本俱乐部》旨在收罗各类有价值的资讯和消息,专注于商业、科技互联网领域的相关新闻,关注各类学术知识,定期发送知识理论,学术研究,人文观点,励志打造看百个公众号,不如读一篇《中小企业资本俱乐...,,为什么很多有钱人的妻子不漂亮?,http://mp.weixin.qq.com/s?src=3&timestamp=1503128390&ver=1&signature=NAefHEspuU780urg7QLUUB2MXKOocURTah37kN-STA9xUHiNUXbkY6-ALkjwwrv22LbKImS4b-ciXs6hTdwg29atnW0KskEPV6VWvcC10hzMl*UGflASRqXneMGdMb1iRKrunDmaOcr-TFUEs-yaj3u--DfLVHsuFN-hfOK0Q44=
善利资本,http://mp.weixin.qq.com/profile?src=3&timestamp=1503128390&ver=1&signature=1TFAyd8YyzgbmH*ksF8nYxPRbjvwH-wKLPlUPx*YO1hY4VN*dahSMocqiY4QA7xxuF5uh-6kK2sO*9gFgVBtxQ==,微信号：SanlyCapital,人善,则利聚,,荐读丨公司不养闲人,混日子伤害的终究是自己!,http://mp.weixin.qq.com/s?src=3&timestamp=1503128390&ver=1&signature=vHyvNwbdYBkjzJM9ueE-Kj78EpWw1YNJFCmrgAu-FdAMWbzFpbO-ZjkCHXYxNAz-odNK6*jAbwznfhZIz4I1JYnnBs1FuDLdq3XfCu*nvy98LqGd1s6GN2Yn4wUXhVnATsDZ2OTuTwfBcXWQc71cEy759CajlIXuzMrpBZkmMoo=
资本走天下,http://mp.weixin.qq.com/profile?src=3&timestamp=1503128390&ver=1&signature=4uA-RshZyMh3xo5zN2nubz35ArKPSkyfjN5aTHr6h9d26FA*q4Wi52DmR0evQK2I0SlCImZnEsWc2oAWiTDu4w==,微信号：Linaqianxinian620,专注企业投融资,项目PK,上市辅导,风投对接.,,刚刚,印度先出手!另一大国也喊话中国:周一见!,http://mp.weixin.qq.com/s?src=3&timestamp=1503128390&ver=1&signature=6NOZHUcq7FKx7x4BfmbgID8toU*cmba2NkRsmAXKBEPwKBbRVD7zcA0ReG9jlRkWjLeUtVq7vAV6sbKDrkIMmydr5LqvDfASSkzfebwL3-IV7kdf3uJR7bzgaaoiwXiS--G33rLWIAM4v3jNI2p0fA*a8NE4v7HDRuZbJnv2yd0=
资本演说,http://mp.weixin.qq.com/profile?src=3&timestamp=1503128390&ver=1&signature=zM4RGSFrE2TdKKe8is1pVadrKeKSsweNfpcUuKAMabdGcihJvaD2Vd1vEna9UaPnSLCkgNevCUztBYdf0OvMpQ==,微信号：gh_de2eb5947ef4,提供从融资到改制、充足、规范、辅导、上市、发型的整体资讯培训和解决方案.帮助中小企业转型升级.,,员工没有业绩就是在剥削企业!!不要找借口,是金子请你发光!(经...,http://mp.weixin.qq.com/s?src=3&timestamp=1503128390&ver=1&signature=5sjh1EV781sbuP*w8hxFUGrN8Of-fhN9fSia2NIsTjQYryM1TB*ISjIusdLzeHwVPneeySaz9u7gzaGnXT45eKO-tdahB3T6Mwm4Xj7LFYuhBpKkqKAKlcBSslwPgC0V7Q181*-2K*LEgWQrLQlLaNchGlKjlKDCOf8XexGZxUI=
华易资本,http://mp.weixin.qq.com/profile?src=3&timestamp=1503128390&ver=1&signature=t747Q*iBM4raiIL2bKcXfZIcyarrB9uMDjK4xQxhCapuQqsMmOEwGA6LfnpEJIQZw28zUIV1dkFLmTbvUGq79Q==,微信号：HYZB-26209,资本de力量 ...,,红罐是王老吉还是加多宝?最高法判了,http://mp.weixin.qq.com/s?src=3&timestamp=1503128390&ver=1&signature=rnc89c9F3gB2m4fSYbyIcIaCA8EU-hNSHeG8yY0HnRbXSYOgXbt94ZHs*IFklWiXkUOw6SAHxB6s-oU8wlqLRUUgKDyc0*ZlBSG06qz8Mv0o40H4DlQCd*ya5EcOhKr4gJoT7l4pYCMiQw3rX2bVEHTwFhlRfT4P0pOCxaYPtcM=
资本谋略之商海经,http://mp.weixin.qq.com/profile?src=3&timestamp=1503128390&ver=1&signature=HT5dnCBftiBXP10xJM3kvEoJIMauMM0ykyKa2reI7fOhRcZ4Rwr0RYh9Fijgr*7J1MJK01Y02*gKjH6xFMyg*Q==,微信号：yxq19890312,《资本谋略之商海经》——本平台将每天为中小企业老板推送关于团队管理、营销策略、股权组织架构、企业案例分析、实时新闻、正能量等最新智慧文章精选!专为企业家私人订制!欢迎关注推荐~,,吴京的震撼演讲,献给所有倒下的人!,http://mp.weixin.qq.com/s?src=3&timestamp=1503128390&ver=1&signature=szLdl*II7xNzi8PpQwNcDVB9g7SkqTpLKA*1StHxTqf8xxK7z*wOeIl8xszBAottwuQub9KcXzbkv2RS2K9RycxV1VbRZUFzcSc3eEeYyQzvgHKLvDtKl60B4vnFyeFfhFMPPCrObLVp5rFopuuYRZST105YaOcqwdt8Din3QOE=
和智资本,http://mp.weixin.qq.com/profile?src=3&timestamp=1503128390&ver=1&signature=QykldAPFOVvbiD-pHTPpmoCWMAPyNcXl5kef-gNDakQHUCL1sk3KwJm1GK1YvZh*o1kyBECB4sR3lgdBBgcZ2Q==,微信号：hezhicapital,和智金融控股集团:一家集投研、投资及投行能力的复合型创新金融平台.本公众号将定期推送行研分析、投资动态、和智新闻等.,,乐视网任命九高管,欲改名改logo,只为“去贾跃亭化”,http://mp.weixin.qq.com/s?src=3&timestamp=1503128390&ver=1&signature=UETJWCgvewn1s2HpA1RpF7T*zy1rhjyBHhXiRKEcjPsoBRo3lQJldvuinV5nkXnlapgk8kLY9YHMRVBEYrfZJGhfGEYrcYlj5AxgsL7CT5zmYEicZSl5W50f8oFrcLx2EHeh1nEO1VjD3HBJT2gQ7OHLamS6efvrZY*qRsVjkMY=
资本谋略平台,http://mp.weixin.qq.com/profile?src=3&timestamp=1503128390&ver=1&signature=dHR03mHHmnJGe5oKauVENkVss0TARYUiHfxm6tv3MPwWLLM9pDotZlFLpRwTAqjIoMv46HT0n5k-wdSYcY6COQ==,微信号：lv871549224,当今社会,无论学什么,有两个必须懂,一个是互联网,一个是金融.不懂互联网,就是新时代文盲,不懂金融,这辈子就只能挣死钱拿死工资.不会钱生钱,钱放在银行只能贬值不会给你增值,更追不过通货膨胀!唯有互联...,,人民日报:强者忧心、弱者绝望,中国中小企业的残酷真相!,http://mp.weixin.qq.com/s?src=3&timestamp=1503128390&ver=1&signature=UvpKG4nazFd2FluCismtjoEJiJGyMnQw0nuK74Oymrmv-dURkDW-2UNHqVqRq7-kAcrRSqAlJsBVX4rl8dKxIMl0gDltNAokCG5*1aRqzgeReR-uaiAO7stgF2O*vpCG-kqwQqlZgat8ZQYBoG*d7wFgKEpgz0WKzKnsPzUewF0=
A资本股权之道,http://mp.weixin.qq.com/profile?src=3&timestamp=1503128390&ver=1&signature=AuYFAE60XSDZPb5PdkWWvF9uR8xkmYdScThZT7grCTirCKIVeuDP5YY9c5ZkXupfAqVbVyH1QCiBOSrdezyLNg==,微信号：l1196472824,本平台将每天为中小企业私人订制,提供企业管理,股权分配,企业案例分析,战略定位,亲子教育,家庭幸福和谐,正能量等最新智慧文章.帮助你改变思维模式,引领商业潮流,已有80万经营阅读关注.,,华为离职副总裁给任正非的辞职信,太震撼了!,http://mp.weixin.qq.com/s?src=3&timestamp=1503128390&ver=1&signature=8IweUKv-tBUMVKN1Ivjce0xyewMrABd4s1BwzRFxepwQluw9Mk99-aOXFzhx4gUoIGrppuctDkEY*gudfiesgN7IkAORCclcyrKMZYP9aH95-1J4GrZ5pB5xLuQ7eXzIryBZ9hJkL*sYoVsreIrdFJJxUhX93ciFrclbm04*vdw=
资本壹刊,http://mp.weixin.qq.com/profile?src=3&timestamp=1503128400&ver=1&signature=1LIG7gZD195fTEIXnSkpRTqS9MrglI4lilGG3e4jgdo8Lz0bXGTwq1HuKAEupFBMFF8kVGliCJny-WgDDKEmqg==,微信号：zbyk6868,证券、资本市场信息交流.,,每日复盘(2017.8.17),http://mp.weixin.qq.com/s?src=3&timestamp=1503128400&ver=1&signature=NY2CyZiR7WYHSO5C6IbVw5YAaI1N8w0WWOGPJ6o8X8hhEwTM9xDripSsJHGEc-cB4HdmJ7LtEr4h3i2rhKkxjt3aIk0Ay73bHABVZJFBA*fFDXdKNXp5veGwuVZoCrokEP*7AqaHFetZTuIQKzunZvkZ0TPwQT2vvyBku7HOS78=
财税与资本,http://mp.weixin.qq.com/profile?src=3&timestamp=1503128400&ver=1&signature=XgUSCbrKN9*yXj1FRCTwdRnP2kKgL6y2VUVYPMP5VXWDBETmSBCN7F10ogr09k60qOR-PR0nc8tIVeoeAklv2g==,微信号：gh_21d15bf230d0,感谢您对“财税与资本”公众号的关注!,,评估人士必看:资产评估机构备案程序已经明确,http://mp.weixin.qq.com/s?src=3&timestamp=1503128400&ver=1&signature=Ub127PZ0uGiOf3xs4ULrxL3jEXCyOrkm9SMuF2iUwTp9zB5SW4wU2WkftGnIke-rCH7l3CkEy18qI0-HitiKRfdaEHmQhQ4ab7f9*idzGjCNyTmr8Yyip-c0OffSFUbDl4XzxdCSMRuDFtU-MX-C*gM*1fTFuU2kV9wD0frXfic=
环球资本产业联盟,http://mp.weixin.qq.com/profile?src=3&timestamp=1503128400&ver=1&signature=8cM1*yFhrUDKluEXiZYEJnV7cLyiDNIdj4sWkX9S3QS6ZyCl-b0TMXSp8VZMIgRruxBpr*-uuHqS3qloMMAs0g==,微信号：HLL870726,全国项目,股权投资,债权投资,并购重组,对冲基金! 挂牌上市,招商路演,政策导向,产业动态,基金扶持! 孵化产业园,新三板后期融资,财务顾问,商业模式顶层设计!,,人生有四苦,你断了几个?,http://mp.weixin.qq.com/s?src=3&timestamp=1503128400&ver=1&signature=cmpNqY8nydUu*v5xGCswlkwOrPj6h*V9pKPx5nHQnWB-C8pSN4oUsC9RFHwkfhkUz8T5XETrYRG4eB6cTEb3mcSQWsjdTO-HC2DLqHO-xZ1bES8WKdJwBwrbtwLqrI3fKaVEp85HvlQJ5jG8Osb6L26QVhSpemDWCkUQnqV4Sfk=
资本风暴,http://mp.weixin.qq.com/profile?src=3&timestamp=1503128400&ver=1&signature=hkhj3WgspEWY8op35chga7sJ9ZQcWdmyJKUzBdbSKR8V*YVUrJSeB7sbc6vTzbdTxaIoR27RXqdozCTVugVMRg==,微信号：ziben-fengbao,关注资本、共享资源.;;打造全球最专业、最具实力的投融资服务平台.;;通过培训交流、信息互通等.;;为企业提供项目资金对接、股权债权,新三板挂牌、资本市场相关服务.,,杜蕾斯败了,滴滴这个神广告让我受到了1万点伤害!,http://mp.weixin.qq.com/s?src=3&timestamp=1503128400&ver=1&signature=r7U4U60EUP5uYyig8Z9Q6V9O3X1nrjc*D9w65A9mJqGNKA3nONKE8yvfkF3JpntYUWc1tL4AexNYwmBmwhwWN8FnErZ8iEMXCIKkusvV6E6Wxr8K1NPBsb37U-j7XdQeSHf0Glt5NweiDMhm*vghQNRuEXmEGRJBt7InZWEHmCM=
资本大智慧,http://mp.weixin.qq.com/profile?src=3&timestamp=1503128400&ver=1&signature=9bfczoehIsKg9pG2tEW79kNe79MepE2CD*YBbG8bi1971DcbiK8R3gJB6S6YLlr9rEuupDq*GOq31NoQ6DA5qg==,微信号：gh_2fb6f694c74d,商业模式,资本运营,辅导上市,品牌打造,企业转型升级,股权众筹,股权激励!,,“无人工厂”现场曝光!被彻底的震撼到了!,http://mp.weixin.qq.com/s?src=3&timestamp=1503128400&ver=1&signature=uhlkQ3XlRGndPL2AvMKWpnAOc02olfRKt-nYc8WSScRxw6LiMiMvMWPJ*qFRPoKzhwdMnkd9atukSzIW9JXtrAqmRWyb8UKtg9hFrYXff1xwkbC28iVXsxpXxGA*pXs5GyI2v-mCo4nwJRM*6x5kLswNe6Ff8v43YN0lfd7I4j0=
道资本,http://mp.weixin.qq.com/profile?src=3&timestamp=1503128400&ver=1&signature=-5Lxb21PupgxLd84nHzMdjPB2*9Z6PtgeMjJeqbOAOkzGM2bUE6G*fsCHvM5mwQMS-iOH*BNjxI-S3t9ykjqMQ==,微信号：DaoVentures,环保和社会影响力投资 中小企业国际化 跨国合作和并购,,【道思想】| 比较中美公益行业的启示,http://mp.weixin.qq.com/s?src=3&timestamp=1503128400&ver=1&signature=k3a-k*qlbkaskURIz89pAhIEDhzJWvuxxPG9psNs1TH9wjyw3mxsHNfkXYFIB6PiXjOrWwTBqpYLL6xOJ4dBmLnRymfTlTzrm7Dp1fZCLW2ODbctted3FvBMbxEvlVoEueAy2hOwSlD3E6nT12jUvo52zc4jGOFvL3aSKosRr7I=
资本商业核心圈,http://mp.weixin.qq.com/profile?src=3&timestamp=1503128400&ver=1&signature=ZsrgSLcAzXuEek49k7hSb2haHq6FqJYjJDUaLDyc3Ue9p8jlB71Og*eHTpkMvGCZ6Pg6YBSVLrflHyQ5V1moUQ==,微信号：gh_54a479d6af09,每天分享实时资讯,国内外最新动态,商业信息!,,真正厉害的人,遇到大事时都这样处理!(深度好文),http://mp.weixin.qq.com/s?src=3&timestamp=1503128400&ver=1&signature=NMkK4RTig1e8K6jYrfTO3v1LOViDb8K5C58UpgaF9-Le36ciASal7*G5XI9Bz9qkb9UHcmqgeIblVyjIK4Xs8*9xt32iO4ee8F*Ack1dibSxtfLQmG9rZ3IWst*5x1kOZp7ndkB4kKJG4HNUfKRgjaxmklSVc81zB4TuCcTM7nc=
前海资本,http://mp.weixin.qq.com/profile?src=3&timestamp=1503128400&ver=1&signature=sLbywzN1QfWOq6-MDLqBuG7aPvfAMT4ffxyoRi*Y8NOooVuNxeEfzaJw4DQnME3cbTg3r0hGdmtlLy4KbOZIVw==,微信号：gh_6e18cf9e2e8c,推送最新挂牌信息,股权信息,分享正能量,,国务院正式宣布:10月1号起,企业这项开支全免!不允许收费,http://mp.weixin.qq.com/s?src=3&timestamp=1503128400&ver=1&signature=WbWKazv3V0VYUut6e6Pi5F5tKzsjN0ztXyNQSbmw0BoPUJNA8hclCzpEWLt7F7SzYpC*kadouw4bOVfFAizJ2K3IfcMFR96mNrty-rUIZ4FOPTAuGGvHT02dK7-7ubEEy5EUNMB1I-Wve-WSRBjay1wvHH9B0MMUXEZdlrkzd3g=
资本洞见,http://mp.weixin.qq.com/profile?src=3&timestamp=1503128400&ver=1&signature=H9hiUfSq27WYf0NtzktJd4fVyqg*w64v8xyAKfdMONNGDv5qp4FS6nQjN4dYM4bWxSpH1eve7LFhwGDh*FlOuA==,微信号：CEOZBDZH,关注资本洞见,获取行业内最新的企业融资、资本运作、上市辅导咨询信息.传播企业运营智慧,解决企业发展瓶颈,,杭州第二中学学霸操刀的“高考满分作文”红遍朋友圈,http://mp.weixin.qq.com/s?src=3&timestamp=1503128400&ver=1&signature=xJYZU0k-lZKkwSXewPVy8LGohzPEt6doA8K6H2YDzPwK02drVVnidt9ZctcXml08rbMaOgPAYAbIh7HvEFaon5N0FKT*QZiMjHWgoqqGiP4k*CrCjoLA2-OcLBa3LfKPy6FuccWyxj6CmuBfmsqj44433G5R9pWB-NlvR4PHFuY=
军刀资本,http://mp.weixin.qq.com/profile?src=3&timestamp=1503128400&ver=1&signature=aPZHScLBo6ppsxWdEL8tmIGXrVwTvTbWvj8mYDCyHrIOC9Obktx0iZ-sfZdrUiMfv1VHfyVsOSrihZs3yGwLuQ==,微信号：jundaoziben666,游资,职业投资人,股市实战派.原ID:伯纳乌南看台.欢迎关注!,,注意节奏的切换,http://mp.weixin.qq.com/s?src=3&timestamp=1503128400&ver=1&signature=0fWJnIjgznlKd4JS5bfKxqTbvXaubb0PHHQ-NR0AMptjLLtyH7j1Fbok4vntHxOaHa9WPUCG3vpO5KwSepRSBCI62NZ9ZFyCzFFxBJUbpvgE4WlVlRsWNrrgIaq0pQJdKGSUR3*xuWYkmhKhIHERD7N6du46o2mAfKB8VTpJiRI=
汉卿资本,http://mp.weixin.qq.com/profile?src=3&timestamp=1503128411&ver=1&signature=tUZ8EFEGD6f7SDqC1DcmTFvfg0yYxn7yH7lT-txlmWEGTHsjEsD8qqz*8NTeBOhCVOmi-NYfk*KX89owjKj9rw==,微信号：hq_capital,汉卿资本旨在设立私募股权基金,债权基金,产业投资基金,证券投资基金等多种投资方式,为高净值客户提供全面的财富保值增值,资产传承,个性化金融投资服务,,,
长流资本,http://mp.weixin.qq.com/profile?src=3&timestamp=1503128411&ver=1&signature=usX32eNi-rfxK*OvaQ5UmZVYmaFZlkj-8s0nHlQvTwbSed6JT-m*71UoVe6W43pfZt1*oYnC3DMhvBUyTgdisQ==,微信号：szclzb,国内低风险投资专注者,传播低风险投资理念,研讨低风险投资品种,提供低风险投资理财服务,谋求以时间的积累为投资者创造稳定的收益.;;聚水成川,渊源长流,长流资本, 感谢有您 !,,长运一号净值回撤千分之2.3,http://mp.weixin.qq.com/s?src=3&timestamp=1503128411&ver=1&signature=at6bD9seNU0BZqgtqlvzgpu-PdM6HJdo0AHBZ8ZaBufITwd*R3HzrJ27Hm5-gymAXjVg-PQmd4F7H4q7hcZJiVwTz5eX*ojJk1phwJqPowpTmOcpg-udWhHom0CTRCPQeut6SOdvHuc5Q6e6-34CIm481bRDM6Teqel0KnLvAHE=
资本经济商学,http://mp.weixin.qq.com/profile?src=3&timestamp=1503128411&ver=1&signature=AXwCpX9NpCAGqnbtSFTVNGPmAp8em*FaYYZD7rWyJaPV35LLHUUpswzmjYEXA6vLrZtfrwqtBbKKV0UqbFq43w==,微信号：LXW-72,欢迎关注资本经济商学,股权众筹.融资第一公众号!/鼓掌每天为创业者、企业家、投资人分享品牌战略、股权机制、众筹路演、风投对接、融资上市等第一流的资讯和案例,已有32.1万企业总裁关注资本经济商学!,,,
资本港湾,http://mp.weixin.qq.com/profile?src=3&timestamp=1503128411&ver=1&signature=xRv7iEpOyW4Ap8X5y12SAVhBKHKG7PW7X1lIONh4AM*LcVIgibbb4Fb4JCfgYFnwag8Q0qNFDq0NwrmQBpl5wA==,微信号：gh_acfb0c1adf8b,资本市场风云变幻;这里是资本精英的港湾; 资本信息的聚集地,,原创| Follow the winner-优质基金的两大杀招,http://mp.weixin.qq.com/s?src=3&timestamp=1503128411&ver=1&signature=4CyPpA5c9gd-he6ifLuFVz1l6nWWyLKdNMW26j6Z-WoOSm3iAo4eWSlRoCiEEs986BZT3asUhEFKe*PPPhwzLUjsBasyJh6DlDBicXdh6Ejn*osGVUZ0KlyQ-FXXnXC6n1w4mTRN*TC9-lkn*p-aPqqZ4DHUOvF0N7ECVvJ4IRw=
黑海资本,http://mp.weixin.qq.com/profile?src=3&timestamp=1503128411&ver=1&signature=lDSDzgc157LC*rO8gFfFO*v7mpTxGOYfmstVu9RLuOHWiFsj7mRcioaE3pxfE5S2B4KWHXTx5FY2nnUfi2Ma6A==,微信号：BSC-HHZY,专注能源、矿产、农林牧渔业、医疗制药、教育业的融资、股改、挂牌、定增、承销、上市、基金创投、资产重组、大宗交易等服务.www.blacksea.hk,,,
融成资本,http://mp.weixin.qq.com/profile?src=3&timestamp=1503128411&ver=1&signature=MJOuW3WeqjCMR8HUYAJY*chZ06UT0S-CIuuLxiVVP1tjLutlHiuUEFy1L3t8Sfde-Ppo0m-hqqu91lm9rjmyFA==,微信号：rongchengpb,企业融资的专业设计师 投资银行的诚信合作人,,,
资本大智慧PCVE,http://mp.weixin.qq.com/profile?src=3&timestamp=1503128411&ver=1&signature=NBbJ4k4UVHlIahLkTLvPOAxasLy41GqouTj-tcDx1gfSInV*qgzH1Ijdqmpuyo1UzHRBupVhhl1YhuodnXMY4A==,微信号：gh_6f6c3a4ba365,企业经营中借鉴,融入金融思维和方法,手段,跨界经营模式创新.企业与网络,与移动互联网跨界商业模式与创新.西方管理与国学结合,移动APP与管理跨界结合,让管理更高效.,,马云千里追寻的80后美女富豪,终于被追到手了!,http://mp.weixin.qq.com/s?src=3&timestamp=1503128411&ver=1&signature=wwvQdpfI6Mr84vT24WsHdkypcWIT20XwPeQ5hEUzUsPfF84ys5a0m0FVLsxqU991S9upMawIUTW77j2iHcyJlVa4nOjdTP90iqadyMiVJLqGURM0FgVArT7c*kI7HFvDVZBXLVZWOlqkX7EmsBJ3I3Q*UGIs1t5EN13gB5JwpW0=
汇川资本,http://mp.weixin.qq.com/profile?src=3&timestamp=1503128411&ver=1&signature=GnJryEJZqItc8gAPYr7u2pfVVyyaJSj7ROtZJdpOGpszHHaBYv6jR0e*u4foWkydwQl*9RxWfliMEIG1vYfB1w==,微信号：jnhczb,汇川资本致力于为泉城中小企业解决资金需求,便捷高效,价格公允.打开汇川的门,还您一份惊喜! 地址:济南市花园路107号鑫都大厦11层,,别买车了!奥迪算什么,几千辆宝马也来了!,http://mp.weixin.qq.com/s?src=3&timestamp=1503128411&ver=1&signature=5SbvRmzj-EB3H25RWncpqu97AmiVrAw5sqREFyTrH*AAqHaV0wXqji40E31WCP8mrgwilxgjGxjoy*7wJk0fDAh*dCgy6B8omf6-tg7dFsSfXBHOJRAm8ZTCEHF5acCQ4mRrTGVZLpqFkfS64NYePXr2iOtr5nfAhkNVipTc7BI=
资本论坛,http://mp.weixin.qq.com/profile?src=3&timestamp=1503128411&ver=1&signature=qEnp8wuN13LEMOc2QoL8vH8*DlUgK7JjhZ1tXHw1f*ba7L4uF6uSkO0f0cQjmkVethUVjRxvVV9JgfcF5YdKkg==,微信号：gh_cf8e712f4556,证券投资咨询,A股、B股、基金、港股、美股、期货等开户指导,咨询服务等、介绍企业资本运作,IPO业务(主板、中小板、创业板);新三板挂牌;债券(企业债、公司债、中小企业私募债);融资融券、股权质押融资、...,,《我的前半生》:中产阶级年薪多少才有资格谈离婚,http://mp.weixin.qq.com/s?src=3&timestamp=1503128411&ver=1&signature=y5RDBTJcRlSmUPW8s12s4EiaMlhevimKnCyQi0xWcGXahSao-ryyK5Un37tCvkvkdd9OloLIU0gWFN0MxsZzh2AYjCCY*21H9Ju21FEIFW1IvEM-uhLQQGtksfL85fI*fVc7Ii0ne1*stOyRmyIeExKSlNVqzrXEad48RQjtjVY=
企业资本智慧平台,http://mp.weixin.qq.com/profile?src=3&timestamp=1503128411&ver=1&signature=hCiwvYQtd3MRXXb2WMkykR0U8JSGrUwdvv2ncEau-JfqDFVMltjo-C3rRNlctZJtXeIhfGL2F9wvZYgl*BqRwQ==,微信号：Ma___520,定期分享资本运作小知识 :股权架构,众筹,商业模式,股权激励,管理励志类正能量文章分享.欢迎大家关注,,产品越来越不好卖了,搞不懂商业模式创意,是改变还是死亡?,http://mp.weixin.qq.com/s?src=3&timestamp=1503128411&ver=1&signature=O5I4xCcXPOnlHitkqC6Kmpl4-xIl1zpND6CMGQgfJhXK6IMF45R4rCycJaW3JIJstIZo1SLzAzZHuO7Zar0fQqk3tlbYVrZPZR7isr0E-qoCAiYT3RLIHRz22i2pjI0LzdL5O4EPklmU8HwZuwq*iZbQHd6bBKg9i5Zqa0e*tb8=
3浪资本,http://mp.weixin.qq.com/profile?src=3&timestamp=1503128421&ver=1&signature=GCB3uEqbEKX4G0mcA3c*UBF-CbuOmO-J-HltdkM7P9ciUOhiHhoMJF2BvpJmI3ggmZga6nDXTtV*Ay1gCnXdtw==,微信号：sanlangziben,股票投资,,8月18日分仓1号操作记录,http://mp.weixin.qq.com/s?src=3&timestamp=1503128421&ver=1&signature=qFkZ6Wv1h9v*qnyaKQey457E1c4J4mC7Q747wSHdRvXiLd2dvm61pnze5vlwm3LxGC0zWkB3tk4UXOlbwY804*QiRmn3MyqSfaPDXtsvLK6CFsH*ekQEoLHb6Bi0w0fes7CFjMBrqAToUhRBIPjk1zfY*etEG4aBLGEBt1yFEJM=
陆诚资本,http://mp.weixin.qq.com/profile?src=3&timestamp=1503128421&ver=1&signature=eswttSTvO9eV6w*Jx7WPskwJpqkaRLd3D6MJXlLF9t1ffujH3aGj4JKx06P7oSI2di*4ikNJbK5sgF89IcdJ1A==,微信号：lczc99,致力于打造一个为中小企业提供综合性金融服务的优质平台,为中小企业挂牌上股交Q板、E板和新三板提供推荐服务和财务顾问服务,通过股权融资、债权融资、股权众筹等多种方式拓宽企业融资渠道,帮助企业登陆资本市...,,关于“1推5”活动更改的公告,http://mp.weixin.qq.com/s?src=3&timestamp=1503128421&ver=1&signature=Giz38GofS-1J9IEsS6adf6bvceiYlQeFP8-EOqp*G2Kt7FoN9FQScGSKJJD8VzdZlt*1W49p88UlU7HnCGt*Tus5kppoQZ-Rn2PMFQlAEKE4z1-hdENvYvwYh7r2acuKT2YJmU96E0HxTGP3xXrSiIM1jyX5S6txDU5Fg7FoHjM=
魅丽资本,http://mp.weixin.qq.com/profile?src=3&timestamp=1503128421&ver=1&signature=*5Rlw7-h8HuzRd14XSgJ28WULC93aTtaFmcbqWv9xkhquhT039**P8maZITV47iQWPVPrSIxVPaZr*zB6ZqfHg==,微信号：gh_0dd7165adf23,中小型企业投融资对接平台,天使投融,上市辅导,商学培训,资源整合,优化商业模式,顶级设计.,,,
慧杉资本,http://mp.weixin.qq.com/profile?src=3&timestamp=1503128421&ver=1&signature=G*5YZePBeQHPsnpSBuKLGp6y6sVdqAwZ6H*e4HTKVvVG-XF-1nDpJayaAX3G56hWwASMhgxjxhyxOjVKd0gtPg==,微信号：hui3zb,慧杉资本—帮您慧聚财富.我们始终以专业、诚信、务实的方式,竭力为客户提供全方位一体化的投融资服务.,,,
佰润达资本,http://mp.weixin.qq.com/profile?src=3&timestamp=1503128421&ver=1&signature=XtUMjQ7U5Zy6N6FQoy0TIi6jbaBZbT8evYL7zvkpmXu3h0f1kTZyXVs5IuS2Ul15J*BONY*eTZC9PoUXpAA5zA==,微信号：bairunda,关注房地产基金、房地产金融相关领域的前沿资讯,提供私募股权投资基金的金融投资服务信息、全国房地产基金及房地产金融的联谊平台、业务合作、互动交流圈.,,,
澜业资本,http://mp.weixin.qq.com/profile?src=3&timestamp=1503128421&ver=1&signature=vk04MZ4R5vQZ3ZJTnDgPIEUAWJ7NSdBouUzr*3H6wRP1ADaUcIq*xnU7pq7LmZgg8NRoRW1DcCsPaO8b6dPKLw==,微信号：lanyechina,澜业资本专注中小企业股权投资,主要从事企业境内外投资融资、澜业基金、企业孵化、新三板上市辅导等业务.,,【澜业 | 干货】财务尽职调查的逻辑及重点关注问题,http://mp.weixin.qq.com/s?src=3&timestamp=1503128421&ver=1&signature=UcruDQNFTbjho2RxXONrkGLSlbdF97uDCB2XbC57olPZBgGD5AJRAC4Ok-uVfLGArGXnroZIvWP1SBBA8DEppvcawBX5o8K8ivbMxQ1jFIlDfJXKg*Oqu*o*dQz4*IMPmYpKIOUfAQJEc0-tNELxZ5wu74EKNZDVln4SizoaijQ=
亿洲资本,http://mp.weixin.qq.com/profile?src=3&timestamp=1503128421&ver=1&signature=niaEnJhY7125Ndvx3wzGNV0wDxuA9I4eeedoGzTT71aDyX8bgSLSmF58wfLGqTBIBijYWaGspWfHhdvhxet5pQ==,微信号：yzcapital,股票私募基金、PE/VC股权投资,,本周行情分析,http://mp.weixin.qq.com/s?src=3&timestamp=1503128421&ver=1&signature=z3hDNZksSZCsqVQ3*am5zKrUqMNwa-ZzaSEfgkfPkhXy3N8pw6fy2D77j5XvCmKqu7YoYLwu9A*7YJ*oYHQaWlIFp9K2LAp5uBiTzoznmftvU0wkAFpl9gAQL4VeNSKPicMg0I4jefOvytE7HFpC*nNEnNIm-6E7DDqfoRXq060=
善鼎资本,http://mp.weixin.qq.com/profile?src=3&timestamp=1503128421&ver=1&signature=E3W044GcSniW8TQ-3XdZv3J*TzuNjNJ2Wo7ZDX5Odm8nA5yVy6RL-YCoNrP92CfAYS3fntphOYjaOdbCXLd8iA==,微信号：shandingtouzi,帮助您了解更多金融、投资领域知识,了解善鼎投资集团相关服务、产品及理念,助您实现财务自由.,,早报  诺基亚起诉苹果侵权32项专利;消息称爱奇艺拟明年IPO,估值...,http://mp.weixin.qq.com/s?src=3&timestamp=1503128421&ver=1&signature=ufrl3uTetQmOjMn0xuUIOXwPnM0bshJdGZ-4ordpp68i3cNtn*x3UYtCu7FGFWcupZO8E3uQtMwNa78ZdJ0MKakf7DBfw6w9fLdVfjmDQqaJGb*x3YSXHKT*xtYZvBEJT4uLEt4y8jBMMgcRgdxQP3XhyU*RBmn3*1R2jMMr1Bo=
凯邦资本,http://mp.weixin.qq.com/profile?src=3&timestamp=1503128421&ver=1&signature=-usbQdkvUZAO-sM9dMrvNQjXuSNRrkrx2AqJMGUdH7AUVzyVbiKVoQ7kRuK*W2ddokCjpYSouV7HqlJ1s*UJ9g==,微信号：CABON518,凯邦资本是一家以二级市场投资与投资银行业务为主业的金融投资平台.以专业、严谨的投资研究为基础,运用各种规范的金融工具为客户管理金融财富,以管理资产的可持续成长为己任,致力于成为国内资本市场上有重要影...,,青海省中小企业发展基金(有限合伙)第十八届青洽会重点签约3个拟...,http://mp.weixin.qq.com/s?src=3&timestamp=1503128421&ver=1&signature=aNhFnx-J0dtao5Rb9SBPL9B7BmHAcEKejDdXGLQvQNKIr9mrdcDvMH74PKcu1DiC1jQWB0zWcQyhKBTmzDKlPcdsSak*byNQKLzfXMK4Nsrp45zhXx6d4YKyfuL3*4mGuomDnPUjLsztpdrEzTE96Thdw30kBV5JzUfXgkH5z8g=
金隆资本,http://mp.weixin.qq.com/profile?src=3&timestamp=1503128421&ver=1&signature=657UlcLH8zQgbo07e0ZE7Ucs75n68MzxhmghhLp1qYl9Cmor-xXMNYd*9hCZavhJeiOa3JHtBJZMp23uzSAlQg==,微信号：jlcapital,金隆资本专注于国内资本市场,以市场化、商业化手段运作,专业从事股权投资基金,实业投资,创业投资,投资咨询及管理等业务.金隆资本通过强大的智库系统、成熟的产品设计流程、完善的客户服务体系及科学的运作手...,,,
资本金融圈,http://mp.weixin.qq.com/profile?src=3&timestamp=1503128432&ver=1&signature=wc7k0Z6p2lHWwenSKjF6eeUi16h7y*bMn0mQPdGfFEJuw*r*zv9hWcQGtVh5M4uUmepssGDQjORL4nRlDxX*fA==,微信号：gh_9429b3e62749,大数据产业 众筹上市 天使对接 风投对接,,,
宝泽资本,http://mp.weixin.qq.com/profile?src=3&timestamp=1503128432&ver=1&signature=vfZKxT7KqvDMOE5EiGYIetR3SV9xL8aB92cI4Os8aaDPx11zViNrtAI*vWd5S0dEqjU2cFUxLcIXmB2aI0AgTw==,微信号：gh_6a56985e57ee,宝泽金融集团创建于1991年,是多元的金融服务及投资集团,业务范围包括房屋抵押贷款,资产证券化,投资银行,基金管理,房地产投资,高科技投资等,,,
琦迹资本,http://mp.weixin.qq.com/profile?src=3&timestamp=1503128432&ver=1&signature=qEJS2xsA6InY8pnGOpMFg36izUzkTDh88SBC00C0uMw0fbluNF6FAhQbnGbGvjt8bkQGlDAH-hWah7wkOfJ2ng==,微信号：Miracle_Capital,琦迹资本主要从事天使投资、收购兼并顾问、私募股权融资顾问等投行业务.团队成功协助40余家企业客户融资超过50亿元.向企业方提供:咨询、融资、并购等资本运营解决方案.向资金方提供:优质的项目资源及解决方案...,,琦迹资本走进东部软件园聊创业那些事儿,http://mp.weixin.qq.com/s?src=3&timestamp=1503128432&ver=1&signature=I4X1N0ZiuRjfJHezYmDf3Ww*tlsqagUYNbSxaZ1i-fRNNCfJy6LgtyasoZ3YMnWstNvMl9V6lrfw49lwSfd5yxTKQKx1d2NenVlHj-cAaPoKxnf4nCovxUBlaubM1-YucrJWTT5ZWIdoz2G3vFN4Y4otkFD2I16YUSlE3sdk8Lc=
杰盛资本,http://mp.weixin.qq.com/profile?src=3&timestamp=1503128432&ver=1&signature=zS1i7caEMkmC2rTMOnUC4qTpunMHOKJ*Hxn6EEglzM7wAvZ1NqsNQTvRfKWXjes-WvNIQtp-3*h4HYoLjsgzOA==,微信号：gh_9f01554b4fa6,介绍公司业务和宣专,,,
中融长河资本,http://mp.weixin.qq.com/profile?src=3&timestamp=1503128432&ver=1&signature=-wHtdnOGsAa9llNPLlAAe4a0ZAADZ4dJ2TbbPokT5tuU6m8Z8q*7LgQo2fKa-AItn99HW0NoZV3hTECE0RiBqA==,微信号：ZRiverCapital,中融长河资本为中融国际信托旗下之全资地产并购基金.,,北京中融信托广场荣耀启航!,http://mp.weixin.qq.com/s?src=3&timestamp=1503128432&ver=1&signature=kSOEq1zwt1Ai4b7BJ8s*EbDKGPueelIGFB2clgaSTlluTyTY935OJ1Q6w5uv02MYklaB2-F0YJymXm4Yhk*Bp3*uT3s*djl-yQU5BTZpcHd3npBW9dDfwDo03LmmuT-712QusjhoXqOeG*CI8LjwXacjEjKH8eMNZUeNuAA8k5g=
资本说书人,http://mp.weixin.qq.com/profile?src=3&timestamp=1503128432&ver=1&signature=WlWl**x*4U7IcEU74YqKegY1F*ftcSGF8k2HrMj-ghErfJbqULJlhuisg8Op9i3M6drg2Zzm*GnF0Bq75F1PUQ==,微信号：standup_capitalist,对硅谷顶尖投资人的前沿播报和原创深度分析,,,
联盟资本网,http://mp.weixin.qq.com/profile?src=3&timestamp=1503128432&ver=1&signature=punR5*RYW9AruxXPsmCzGyKfb2db9wE-fItuByAOpLiW3N2LVM*hpkCkiiQSzJD-ZTiRRSSBbnG7diI-DfQlxQ==,微信号：kylziben,全联齐鲁杰出资本联盟系由全国工商联现代服业培训学院为迎合我国资本投资政策导向,由学院提出倡导,由学院下设的“51实战培训基地”之一肯雅隆基金作为主发起方,成立的大型服务平台.,,新春贺词:恭祝大家新年快乐!,http://mp.weixin.qq.com/s?src=3&timestamp=1503128432&ver=1&signature=mtFZyODaAswUdiN*odlARB7qLgiwbDN6jRPxQBhl3U1Ecmp3iN9FoWiZo-eNV*MmHFzFnMX0BCyqqBUQk*WXYMyv9UBIhqb8T1sSyuClSNI9Prc8d5h4tO5FU*gZE2X4EPqMHsWVr92EmMddQXLHPZ7JZAs5mzlHmFU4lC5Z9pI=
爱氏资本,http://mp.weixin.qq.com/profile?src=3&timestamp=1503128432&ver=1&signature=zIO*IxMHo9HfoRtSiorKDfhjF4k*4M2zKIISn*UckyvfxRozMj2SLSXli4PAYnmYl9eHVGEdUJgK5fr-g7y6xA==,微信号：gh_82fa18acd1c5,为您提供股票,基金,债券,逆回购,阳光私募产品,新三板,资产管理等投资理财咨询.,,8月18日涨停分析,http://mp.weixin.qq.com/s?src=3&timestamp=1503128432&ver=1&signature=Be9wnzI4Nh1JZkSC6fPTcMOjQd9iUlrBTc-Tc8WTZYBIV98NPlFQ0g4e8jbu3WQ2TcBclEjnMF3blDEvIp2hVkrhMYSzfLLVxexsj7n0JtRt1WhYmKzoJW-WZYxKAzFjUEaJgMaUIMm-cPyy-ky7oBCwZM2rocoflwSs5fuqDSI=
比莱资本,http://mp.weixin.qq.com/profile?src=3&timestamp=1503128432&ver=1&signature=9XXhiUUa34FFJxM*t4dbE1-OTvL-7vOyMybKINx-JCu843nph2-*GxnwVesMPOjYqa7I5G7FtyuusRwo0xzyYQ==,微信号：BITLIGHT,比莱资本是国内首批面向互联网金融和数字资产相关领域的私募投资机构,是专业的数字基金理财及融资创投综合服务的孵化器平台.,,妈妈的岁月 —献给母亲的诗!,http://mp.weixin.qq.com/s?src=3&timestamp=1503128432&ver=1&signature=HcwEKrC7z3IFGFQETFOCMUc40VEjbGbwDQGqiLWw6G8-oYIxPsfiS*rPlggwaehRmrXcAs0rqY9bi3JJm9TWdOmRgTps2NeCqyiYADbMSkVDb8GNuan*zY2j7vJZJcSU2mlhHpIWuG16hG6r*7lUjagNesA5BA7I9NVeZS5l0Q8=
琛海资本,http://mp.weixin.qq.com/profile?src=3&timestamp=1503128432&ver=1&signature=PBfwxC05UPwkhlBqJdENZjEYDC9Ijnfk4zfFTbPvKIMJpWpN98FQFXudT7aa0hXk1aqATYSWm03TcLtqDn7sww==,微信号：ch_ziben,深圳市琛海资本管理有限公司成立于2013年8月,注册资金1000万.目前主要经营业务为资产管理、投资管理与投资咨询等业务. 公司秉承“规范经营、稳步发展”的经营方针,“诚信、专业、创新”的经营理念,努力提升...,,,
资本内刊,http://mp.weixin.qq.com/profile?src=3&timestamp=1503128442&ver=1&signature=hlCqWU2rMM0*4tgRFVtZhA2L*XhRTLZ3vohMSynB9OVOeg0s4xwCO3ejdyfwSw7gg0mLDmpUPgc34Hdh-oosMQ==,微信号：SYLBSD,资本内幕,您将了解中国资本市场最新的股权融资、并购重组及公司治理的资讯!,,新三板转IPO竟是百分百通过!有何玄机?,http://mp.weixin.qq.com/s?src=3&timestamp=1503128442&ver=1&signature=91SmoWhngZ9FjQ8K7SkxzAJSmyx-wY9XMUfcmDzPLaPBnEoHlc-RO2KxgzD6tNM*5S6xpm15o8MPcyq8wydkDIbZjDLvpotvmHwgWBEDHFB0Q5K0ZigFzbPKVGuxuKjJgm5rwA7BHlI0P4v985TbBTd-viMsOhzhROmQKhYk13s=
资本监管,http://mp.weixin.qq.com/profile?src=3&timestamp=1503128442&ver=1&signature=oy3G-dhu0caw5HTvwldbNBdnXLpWu-gJVb33R8FYMbdCq6yyxtZThT6CjduUdtBGyBVqsn*Q-8IE*jS9rOUOzQ==,微信号：innovationlegend,金融监管是指政府通过特定的机构(如中央银行)对金融交易行为主体进行的某种限制或规定.金融监管本质上是一种具有特定内涵和特征的政府规制行为.,,神剑股份董秘离职:原来A股有个亿万富翁“兄弟连”,http://mp.weixin.qq.com/s?src=3&timestamp=1503128442&ver=1&signature=Us3v6qrLduQEcSz2KY3IA7M3GPM85zw5TzucL*CXdulCmW-k8tY1tdBfIcu2Ls576rlKsHU*KJpvEND*PpZ1wbTR3UxhYCVC33MG3eyTwj6FY*TRQ3ZRpuq2FVCloxoGOPkH6sDf7q1fG7wSIkieRaYxaqf9gvmiDcEzrXO61jE=
资本战略平台,http://mp.weixin.qq.com/profile?src=3&timestamp=1503128442&ver=1&signature=2tfQHuF3nggVuiZv22Fjatsr7EGZrqB62lIdutoz9Poz2*UCvw-TBWIh1-W4NijIYJoX7-mlkm8KK0HFBxa6Rg==,微信号：gh_e241c588e1f8,“努力”人生的态度,越努力,越幸运!愿每天都能与您一起学习,成长!,,历史上十位“全才人物”,你知道都是谁吗,http://mp.weixin.qq.com/s?src=3&timestamp=1503128442&ver=1&signature=bvGGcCAb*0RE6Frw-TTBlCY7P0TAefMjMRZ4bW2U6oKbdM9o*OqsLe9NCEn2vdQZqR7Jon4iGUWjAm2GsKouOfXOJrzhrPRpmeKKGpgEVcBRUGoR9iHmkdnVPOjJPu15fE7r5k31vXqBiXwCI6yzAQ*t3snBFcOKqTGDPSh-Mf0=
罗德资本,http://mp.weixin.qq.com/profile?src=3&timestamp=1503128442&ver=1&signature=BSkf8eyI003yZsMKkpWEIKsQhT*Kszv6pltIUXxMBSOFcxJkoImiRbjXJ6v4T7yf42eZiC*peXso-Oqm8BodqQ==,微信号：rifund,投资要成功;不需光彩夺目的多头市场;正确判断和坚持信念是获胜的先决条件.拥有判断力;可找到好机会;坚持信念;可在别人争先恐后往某个方向跑时毫不动摇.金钱不是投资的最终目标;在投资过程中提升的个人修养和...,,,
山东臣功资本,http://mp.weixin.qq.com/profile?src=3&timestamp=1503128442&ver=1&signature=DWyARBI4-cyk8RfsxNzBUrBtyZ388msTptKroEbETXTNTorYy9i07ilPsYSHZ9Yz7Am*w3840uHlDp1yGnSwKg==,微信号：chengongzican,资产管理 和证券投资,,,
一方资本,http://mp.weixin.qq.com/profile?src=3&timestamp=1503128442&ver=1&signature=6ZvbOCQYjkpU8Y4Qy3NxVLwO3xwFABIWpoa3E9z6J0ZLAYiCBUUwZyCBSpYxEmJD8DRzIL2mLVRBVBNXwgP3LQ==,微信号：gh_85cceb794ea4,产业并购重组,债权及股权融资.,,,
快牛资本,http://mp.weixin.qq.com/profile?src=3&timestamp=1503128442&ver=1&signature=GlDogNAdTbd3IZxMAd00ALbDNDxk1X1MiWfsl2Pd7Yyqv5o6bn6EXJYiIS2-k6uUTkndQPurQZHiRWOZmb3dXw==,微信号：kuainiuziben,简单实用的超级短线牛股战法,每天推送精准热点分析和涨停预测,现在关注立即收益!,,把控全局的买卖点,http://mp.weixin.qq.com/s?src=3&timestamp=1503128442&ver=1&signature=fxBVAfxjVDn-e4MNtSIlNII1B*nT*08OaftZcPNtzgKvaNGwKhif16aXDzm7KFHyAEUHecKkk9VtQyA6zmzEYPmGcOTPDZVs10ZFGR3dORhdNWUPh44ZeNtPcNTofPA8XdlYtODP9emtseGm7WyNIesBp8Y5By8qCuYBvMuf*JI=
解析信用资本,http://mp.weixin.qq.com/profile?src=3&timestamp=1503128442&ver=1&signature=62Idk2bKpyhcJ2jgLMzqLqvKp5TBCyB7jLGi0rBwiMvlsjjAMV1rzJEfi1izGkCpM6cdShZB3uV9ZSSpcvspow==,微信号：zhongxinzhicheng,征信和金融资本行业精英交流行业相关的经验、项目推介、活动发布、知识普及、融资路演! 公司主营业务涉及:企业信用评级服务、企业策划咨询、雇佣忠诚保险、职业信用管理、辅导企业上市、信用资产梳理、股权投资....,,猝不及防!共享宝马横空出世!每公里1.5元、不用掏油钱、带wifi…有...,http://mp.weixin.qq.com/s?src=3&timestamp=1503128442&ver=1&signature=LNPwPR3qY5TBTkhMzhV3AfQjGig46KIqQL48dqZYholGInJ0BsrSr7d7bctRIEqPLPty9OOndu634uMwWhOsj914OWynkdNQIifgWZPvYaebyILEXrV8pxuc9G-IrnsJBL*al2wsJecdA2mgLDJcjVkiDFgdabCo*9TKLrtyw3Q=
高松资本,http://mp.weixin.qq.com/profile?src=3&timestamp=1503128442&ver=1&signature=dSQKamU4J29TChtYE6od1scfxbvmAyExXDkr-ojAJWoA31PTHYAryPSCuUE999zcq3yNXnxdL*3lzA1Yd6ROIg==,微信号：gaosongziben,苏州高松资本管理有限公司,主要从事证券投资及股权投资的管理与咨询业务.我们秉持诚信经营,专业高效,稳健发展,互利共赢的发展理念.,,,
国合现代资本研究院,http://mp.weixin.qq.com/profile?src=3&timestamp=1503128442&ver=1&signature=XOs0LD9hhRJ9h9qk9ab04RnJP10JsP7cR5ZF0M6zCtWL*zi*A34Fv6yaRy6Cbt2yuWY3vX9J3gGU7aIsZWYy6Q==,微信号：china-icci,国合现代资本研究院由国家发展改革委国际合作中心、中华财务咨询有限公司、北京信泽金教育科技有限公司联合设立,由国内著名财政金融专家、国家开发银行原副行长高坚教授担任院长,是主要从事财政金融政策研究、金...,,重磅 | 2017夏季达沃斯:为实现包容性增长探寻“解决方案”,http://mp.weixin.qq.com/s?src=3&timestamp=1503128442&ver=1&signature=Y3-nqR3rzZ-lHlPelIXmyi3w6yJVnb9BmSOn6s6TWy*jXf9rR*iq2ib7MNAxNjftzMHFXqefJwZvH-gzV9bR21dAXxeOl1PAoHmVrUgiu7oTe3suS9HZf5viL0nSvvPsE6*uc6YnFddot2-hEzD68sGR739HBCV8k*EviwySNCU=
华太资本会,http://mp.weixin.qq.com/profile?src=3&timestamp=1503128453&ver=1&signature=zwPKJlmoLAh8h5KR87TCzpMG6iLDf7XkRGOdpd24yo3N8ePh85pS0TdZQOMdBFo1HLE1ewMXnGBPyLasrSR6*g==,微信号：gh_c67ad9b7c88f,《资本相亲会》是一档青年创业的励志节目,一个资本角逐的竞技舞台,一场华丽酷炫的财经盛宴.谁能获得资本青睐,赢得创业资金,谁能识得雏鹰黑马,获得优质项目.敬请关注《资本相亲会》.,,,
猎渔资本论坛,http://mp.weixin.qq.com/profile?src=3&timestamp=1503128453&ver=1&signature=zneFTMEYYKp7xgi9RnDfMwiLMntE1jkDK57rmsxhAuSMR11*tv3bMiO7T*P7hhrU04ti1BtS5azJxU8wSF-gsw==,微信号：lieyubrothers-MBA,本论坛为广东猎渔兄弟财商学院共享平台;我们将以平等、开放、协作、分享的精神为企业提供“互联网+”四大落地系统(商业模式、KPO管理系统、020电商系统、B2B2C运营模式)以及企业上市辅导、股权众资、融资及...,,,
盖伦资本,http://mp.weixin.qq.com/profile?src=3&timestamp=1503128453&ver=1&signature=rAQXUcusW3yxlA3RNV1YAyOVwWwV7b8FDG68o1R9oeP52k5BRcSZNZGRoUgkrAX2tUxpioXlMMvo7alZRZPT1w==,微信号：hzgltz,盖伦资本-汇聚证券、期货 、基金、国际期货、信托、外汇等各类金融产品、人脉、资金信息,定期组织金融圈聚会,打造金融行业综合性平台.,,北上广深齐亮剑、司法部全面叫停!这是对炒房客的致命一击,http://mp.weixin.qq.com/s?src=3&timestamp=1503128453&ver=1&signature=aEcy3GiTdZPjwZ9o4ghPjNNzHF7y41*KCqOIimdgShPF9*ORgqkKjKdx7BY3ztB0f-ls17dvbcxqh1GD5ZEg8u3vB1XooD2tIjZ5M22j6d909IZIp-KZ9Cd16yp3Gg64Efa1p9KPP5xP0*93uDu826zNGVOzhqnYmeUbkXhrS6k=
弘卫资本,http://mp.weixin.qq.com/profile?src=3&timestamp=1503128453&ver=1&signature=*1NHb5OxHEi1EyHzBOtPXUaCpFLTDKGE3zfRMI0szbfSpu1szw1AMFsgI3v1GLvIHSZbH5401hF108QwuV3s-Q==,微信号：gh_057f9cd08a3c,北京弘卫医疗投资管理有限公司(以下简称“弘卫资本”)成立于2015年,注册资金1000万元人民币,总部位于北京.弘卫资本的业务范围涵盖非上市公司股权投资,致力于为客户提供丰富优质的投资管理服务,,资本市场激荡30年感悟:伟大投资者,都有这10大特征,http://mp.weixin.qq.com/s?src=3&timestamp=1503128453&ver=1&signature=fnm0zmhMMUi2aMTWeZkUsGKUk0jQyeJBgUbo54zAFANnPqPMaDaTMDAikhLReFzePUYz9WZSoaP9onpMP**wC*CsuzHEQvapiokZXzh7BfNO9P4evliB7Bhhp3hyZZWkSF4WPT7tApS96ysAHVxf9SScmBDqMBhN8BsWknBrCWw=
资本投资论坛,http://mp.weixin.qq.com/profile?src=3&timestamp=1503128453&ver=1&signature=rfE7aow6c4o9jJWaJn9-PbxTljqdxNu7fgdiSqEMB7zOulOUy708LZcuYwxHhXkEWyLZyikCSwFS7A3Zmf0*Ng==,微信号：zibentouzi888,专业资本投资家,打开您的资本投资思维!,,不想穷,就花几分钟记下来!,http://mp.weixin.qq.com/s?src=3&timestamp=1503128453&ver=1&signature=9AJnFpqKB7pPFjhws-u9hICmObymMgTIRgOOAp79jm13nVLuAXEaNl2v2V8BBzmoCwTi8pROMOZ6o7OODZG8LX*FoncDhLbH6HAP1yZx4vVQvUo8TkZH68X3HdnStXneomvAkq9GFgPmJ8bCQFm-*m8NcX2acRWDm2U27rSAeXo=
秉尚资本,http://mp.weixin.qq.com/profile?src=3&timestamp=1503128453&ver=1&signature=9lC7Urbpz9sZWOGIK4-YWnk6NOJHZFXshH9I2SVJYPlLtriLQw3XTfWGh3cNxaLnjy6-JttF6Y9NaOuFDvO*jQ==,微信号：BingshangCapital,秉尚资本是具有私募投资基金管理人资格(P1017884),首批获准开展私募证券投资、股权投资、创业投资的金融机构.专注以产业资本视角践行价值投资,注重绝对投资回报.,,,
京匣资本,http://mp.weixin.qq.com/profile?src=3&timestamp=1503128453&ver=1&signature=HHMglB5r927Y*bs1kcF2UjPG8sUbMMMxI05UlakojNDtgD5Txrmy7cNQ7lOgy24eTioWo7Vt2Qzj0tEGIja5gg==,微信号：SH_JingXia,京匣资本携手上海市商海律师事务所,为您提供一个全面、及时、优质的资产资讯平台.,,京匣资本 | 宝山区郁江巷路129弄(三湘海尚城)241号1201室(2017...,http://mp.weixin.qq.com/s?src=3&timestamp=1503128453&ver=1&signature=cxaUuR6T7Up34chjh0i8Vkqty4Xy7csPYKTJsJjKOIZ18kvtqpX9ES5wMa8*k1oTBsMm0l0Qs8e9Ov-s-v7BELCmLhh5rrgMBvj3zqFHg0GHLnq4NEBC79CrYTk7J1u0Rif3t1xuVQ8EPkNdoBo5RNY4mCYXk1FHf8qFFe-UA6w=
源星资本,http://mp.weixin.qq.com/profile?src=3&timestamp=1503128453&ver=1&signature=gfDtTt8rj0xfnhgTavybGwVmu-7tA8nAzfjBga38wStEU0nRQ-dKutnofs83OL2tu*0Tu8qSqmhywRJz2jivIQ==,微信号：VstarCapital,源星资本 V star Capital,,亮风台获近亿元 B 轮融资,将加速AR商业化进程,http://mp.weixin.qq.com/s?src=3&timestamp=1503128453&ver=1&signature=BKuOkQ9Kxv-EfRAI4cruaSBijbFy5FH5QPZrLD106xeffMRpOSinJnC83nontkjNhXAjfSp0AyW2ufnJUuCGIQiBJzf0vc*qJOXS-NU4gwVpWtvMaqAAumkq9rg4iqNQmhpy9kFx51ecsuuVrlKvZZg9MbYtrM5fmQtQresf7Mk=
通江资本,http://mp.weixin.qq.com/profile?src=3&timestamp=1503128453&ver=1&signature=DnCa*eijCL64KwKUp2kAzSDVieLkuYES*PEOrUzvxpvpwHXMtvq5B88i8WVMLWtJm0uBQ7UxnN6ZL8n-mP0bwA==,微信号：SH_TongKongAsset,通江资本是一家始终专注于股权投资、风险投资的优秀投资机构.投资领域主要聚焦在大消费、大健康、TMT、新能源及新材料等相关行业.,,脑机不是黑科技,但一定是下一个影响生活的实用技术,http://mp.weixin.qq.com/s?src=3&timestamp=1503128453&ver=1&signature=vqcZ9QyMrX*pCAO3XaaBE526x47pvZB7sisJzSQfZl41FmXHRsa5M9RpVPrp7R4MvG5-*o26MI2uqlbzkWFB6l-fG3XIcJvjNJvXHmKFXfndTG9yydyEG9pNZNljljiOhZZDzvE9Pokkzl9ObwerZubdK-298-TOCWyDGmzIBDU=
有道资本,http://mp.weixin.qq.com/profile?src=3&timestamp=1503128453&ver=1&signature=un-fh-dzQw9XoomwFT*h95GaKs1pxagPRqUu5l*zeco6M519eQ0V4bmZch9KMdxvIGPSnr0DrYqIrKijWNmJeA==,微信号：youdaojijin,有道通过二十二年的努力学习与实践总一套简单易用的股票和期货实战交易系统,本系统来自于连续35年来稳定高速获利的比尔●威廉姆,将自然法则应用于国内市场多年保持稳定赢利,培训了一批交易专家.手机15576628889,,节前最后一个交易日的秘密!,http://mp.weixin.qq.com/s?src=3&timestamp=1503128453&ver=1&signature=B7Q6vVAtid6M0gm29N3wX*quYT*F18yMKwXfO322jo2SOkAK29q59YbKSEw-iW-3fqyNIQZWBx5SCCdLCfM3th6SUw*HvPDeaG2FpoHlJBBa1KF1Wq4diS8txVA-JxO4RLoxdbLPDmOAdAPUHNYYrwZc0EpVsgb7F-*mkM8xp7s=
塔桥资本,http://mp.weixin.qq.com/profile?src=3&timestamp=1503128463&ver=1&signature=UdwrjdRq4JYnMojC6zFCDz7XclGTq**uU6ePlDFj541XdJ6Q0KrZlkTkGLmCLqZlKhxpMk4g9bgVrn8mxJwd6A==,微信号：taqiaoziben,西安塔桥资本管理有限公司是一家创新型基金管理公司,,塔桥资本  今日解盘7.14,http://mp.weixin.qq.com/s?src=3&timestamp=1503128463&ver=1&signature=XlawAjG*kuEkvhpVCjkT0-fpoTdIGFIolzKrxUfIM2CGUxuCT8FEx1ab9uGXq3uK0d*cVEEY0QZUWeXBIzg2iaQqSPSJ7Ooy2BuGLDVqyTxlF2sQg7J*JbWTjZXt*U4I1oYSjAH0SuoihXHu4ntzFkLKlGZ4gy7WiTYnX6QOYZE=
直面资本,http://mp.weixin.qq.com/profile?src=3&timestamp=1503128463&ver=1&signature=YQ7XQW-XaMAJIqgoOn6Dm6-PZ57nRyOf7GvHkgZGfDR69aamxKYZuuCADqp-W5KZanYEriMRm1Nk-K4XyVKNGA==,微信号：zmjr1108,直面资本是新媒体《直面传媒》旗下的垂直行业性自媒体.专注金融和资本市场!,,直面关注|财务造假 紧急临停 金徽酒强制退市风险加剧?,http://mp.weixin.qq.com/s?src=3&timestamp=1503128463&ver=1&signature=MKMGdrtN5tcURLnOFuuX4*xFV9apvxnIhwD9a-LvB8bH8DaMv1*WKgh7XaBK0zI2oY5ziwFGufzQ8qs8GvY2q9WASrd*x0WMpqcFUNheSUcoSROP6S-BbWk-CO*U2DFGG*EparUHqjf6Il01AgbCblk4zIO--4fRimZqnKnnrKE=
马腾资本,http://mp.weixin.qq.com/profile?src=3&timestamp=1503128463&ver=1&signature=3XpAejVTjBPSBiBRcOHVcrrrmgtHGjVaiNTMFd-Jliz*o0Vqqp1kR9XEXAo3*P2dWeov91vU-A09Ka8HqVIgQA==,微信号：gh_7bdfa0a93e0c,马腾资本是由工商部门批准、具有“金融信息服务”经营资格,是政府认可的安全、高效、透明的贷款金融服务平台,目前本公司已经与国内六大商业银行、十家著名金融机构达成资金战略合作.额度高、放款快、利息低等优...,,小额贷款究竟是不是高利贷?,http://mp.weixin.qq.com/s?src=3&timestamp=1503128463&ver=1&signature=0ngylj*hyL5b4hvzmoWBERyBH7-YM2pCR1CHey-qit0E4a7Plv0SiGcYA2MS2KVUdnQnVavn3--EqLOSBoFjQFtkUHjg9huJyonR7gA3vO8ithmLqfi4Gce9p7epvIRj2rgfmJpkyKIquOhGb-etS1d7WpN*s68hRpzcuBJ1Sbg=
汇丰资本,http://mp.weixin.qq.com/profile?src=3&timestamp=1503128463&ver=1&signature=5tlvEYAYD6Dtg2NzZYdIzf-Q7RBsTLXUJPelJ8AF2kAhLMOn7VU2DkgOsiQfNs6Cp5TsRJHjFEk1FI0f4yL6*g==,微信号：gh_cecf441d57d1,服务中小企业新三板投融资服务.,,每日财经要闻,http://mp.weixin.qq.com/s?src=3&timestamp=1503128463&ver=1&signature=xKPbfMgzxliDy36gGEpKqGDh3ZDVzuEuZeGE47hG7hV4sg*-1j7iR91erkQ5hpigal5xgzEs20qOxQnAK3-I3qfKGwYzszx63aMeye9mW*q8raxYilkhdccEQA9u3QQCF0sSpKjv6ZNjnMVXTG3JIo8rQ-GmDPAwImTYV-eQYig=
资本点金,http://mp.weixin.qq.com/profile?src=3&timestamp=1503128463&ver=1&signature=zOmrT-Bv6xyJqOSoX2LEoIRlfkpheXJM*s-ivLxbyR9n1IZuMH8SkzXY3-TyUOJU8JcrpM4BjK7tptUnzqG9AA==,微信号：zbdj518,资本点金: 传播金融投资的智慧,树立投资服务典范!为广大投资者提供外汇实时资讯,深度挖掘外汇市场新闻和行业信息,帮助投资者更准确的把握市场动态,洞察全球外汇行业发展趋势.,,全国政协委员、华东师范大学教授黄泽民:依托中金所尽快推出外汇期货,http://mp.weixin.qq.com/s?src=3&timestamp=1503128463&ver=1&signature=k1lJWcr1wJNNqoZpczVVUrQN37GjOfca8xcVCT*spioNrTlSlixgCJyyiMZhl4yk-25p2bN0caTemYboizWIpyIUApkhj5nPo6SoiJnsrMJxBE*jn3EdK12NR*hL9BjX8B3tI-gK1Cg-D2F38UCxBhA5bsVnaFa1HEIk73nfAgQ=
源鑫财富国际资本,http://mp.weixin.qq.com/profile?src=3&timestamp=1503128463&ver=1&signature=xj2D6zS2ED5SR4a6xHTfd1mAl5lIsVV886Geh-m675aG*82-NGiwoGFdReyP1JlxhdIFopfSAUZsTuIw81F0FA==,微信号：gh_11f0336dda1f,私募新贵:专注成为全球最受尊重的私募基金.,,干细胞技术:造福人类的科技手段,http://mp.weixin.qq.com/s?src=3&timestamp=1503128463&ver=1&signature=9N9mukbQJzU0Rd-8XvZjzPAaVVJliuBcSk7df3kssc-ugmB3wuosFHTek503BkRmiC2lBTLVjHl1lqU26pzWcLp0oNxu8cUOewGxMpg5yvY4RolyFnLNOXbvKzbRqJVbaBqw32RQiWrBFPLFVfQL9OOhaiFbx2x4eO9R-z4QELk=
博德紫金资本,http://mp.weixin.qq.com/profile?src=3&timestamp=1503128463&ver=1&signature=9N4slk1dSSL0QhFNoN8RCIAc5jIa30tw0Q6RisMihHA074SLcwjFZS6F6k2WqJwLkuaAKn5N*6NZE-WOtNxCEw==,微信号：bdzb-99,“博德资本”是博德控股公司旗下的品牌,以提供优质的金融产品投资与实时融资对接,理财和服务双赢为理念,提供发布企业,个人供求,项目投资融资信息等服务.,,凤凰男:你的房产证得写我爸妈名字!评论太精彩了!,http://mp.weixin.qq.com/s?src=3&timestamp=1503128463&ver=1&signature=Mn3zBBZlRSulnUvlOhwqFE2LiEAAvoDgpVbbJeOBJaWodS3f3trcRZuRI6UYzYlGvcj1vNNRaMDpcTnfJ06ptw2khuuNHJpSf*RBusQPsTrItjgYiz-tqWNjpoZ4GNJXD8ZfvH1LoXTAtRe7Yvkr9h2vkT6PstYKbE2b56Na-TA=
域贯资本,http://mp.weixin.qq.com/profile?src=3&timestamp=1503128463&ver=1&signature=0BfLrLd9G110fdkToRIh9jTuqgvS9G491qpdJMsYG8PA6I9doZ53eMt1Ft4TW24Gehi*Y3AvkV5J3IjtxUPwBQ==,微信号：square-capital,上海域贯投资管理有限公司是一家依据中华人民共和国法律设立并取得证券投资基金管理人资质的投资管理机构.,,我们是谁?我们要什么!!!,http://mp.weixin.qq.com/s?src=3&timestamp=1503128463&ver=1&signature=0CN8IQ4YlobuQqzeG0*ho93jiYLBd*tLXcYb4BPG-aqPYBIF1uiTPFYHJp4*glWmRsoISswgkNKJRgqsL6k-ElWH7BSHgV697UMppFHzXXdgW4NaCapcxcWjugSHMqlWd3l5DavSE26KC3DAxZWyETPFIrnNKu-EbHA4MGupbhw=
浑牛资本,http://mp.weixin.qq.com/profile?src=3&timestamp=1503128463&ver=1&signature=IMxTVCx3sF-LK*XJ6QSNKcinc4Bkxs7IaSrftOIljYJNz7cU6ZRjbLmeDcxrjSlUnghx2ZxgPPXvVae0TZ-EZQ==,微信号：hunniuvc,浑牛(www.hunniu.cc)是国内领先的互联网+金融衍生品服务的平台,为全国提供大中小型投资客户提供一站式的互联网平台服务,为全国投资用户提供证券、国内商品期货、国际期货、外汇配资等互联网金融衍生品服务.,,活成我想要的样子,http://mp.weixin.qq.com/s?src=3&timestamp=1503128463&ver=1&signature=AIhrKSJfOdEHdFY1g2S-7ae5DpKlcADpVoOVaGWl7XAN9u-ZhUDiEV9U*zQZvG*NBPyiAMxceKLE-8a7g*7MyO6VkoVemm4hto58vPR81FfK2*OWos7qydjTM2U4xeqoD8RnmabRumae1Is7SDjDDIKK*cKfjRtS-zfa*RJviQg=
凡麦资本,http://mp.weixin.qq.com/profile?src=3&timestamp=1503128463&ver=1&signature=lAAVhTY81Z6s0SPsbfi7eIwlUSa8ccmClp21SLw0X0Y7XAttYyBzHMBNSl6Ccfa-aoZe-6EGHcALIhYO4ElYWw==,微信号：finmine,凡麦资本以产业投资和资产管理为主业,已管理超过七只股权投资基金,管理规模超过20亿人民币,旗下凡麦资本、中鸿资本、鑫游资本三大各有侧重的资产管理平台.总部位于上海,并在苏州、宁波、福州、杭州、成都和洛...,,2.39万亿!并购重组已成支持实体经济发展重要方式,http://mp.weixin.qq.com/s?src=3&timestamp=1503128463&ver=1&signature=RSTOxh98sQJ*JlK3*ZJAlSqTQrwzbttc2*NPk21BBv5cro6YMzSgkJRi2Z1wQDu69Vg0rRlCKrlFg*vzrZ1RGvP8tl294L0oiamo3qQCbp5RNY*bpP49UtqpXlM5FOv4QXdCCyraptIGrENKUIvd48gwhpHBfkn*mDmB4KiPeCc=
信达利资本,http://mp.weixin.qq.com/profile?src=3&timestamp=1503128474&ver=1&signature=gqPW0W9AOIUhQUYSzDtcIpzEVaaNOVasX0F2*JJ7jtWPqc*6bsPgN48uEvYjLOn8AjrGjLgSivOmgDxNihatvg==,微信号：XDLcapital,智慧人生,投资智慧.信达利与您智慧同行.,,货车帮和运满满之争的启示:投资人尽职调查敲响警钟,http://mp.weixin.qq.com/s?src=3&timestamp=1503128474&ver=1&signature=yBYxNsLfxZueZUh5XpXnsyusMW0iVsd3GUKBMJWgf49PhtTt5H53*BHl84a-ekRNNJKstaOjagZ*v8nrujPh656qLvw7tYGALUjNRIOuJ2EVhfIKiio0qiPL5xZnGyjt-y8TFcNB*u*zsutHsbWaZqfyqOdLosY1r3oaCMoEYUc=
酉辛资本,http://mp.weixin.qq.com/profile?src=3&timestamp=1503128474&ver=1&signature=cKftvyGjggbSPJp6ryYBeuYFvxFHxhSgHqqEaAbm64pXWTo84uebOfxu6l42Rdc5ylXInbOfkNlZzAO5IN3b0Q==,微信号：beijingyouxin2016,提供独家的财经观点;分享前卫的经管理念;打造全新的产融服务平台—— 敬请关注“酉辛资本”!,,“手表定律”的五大启示,http://mp.weixin.qq.com/s?src=3&timestamp=1503128474&ver=1&signature=WA*4XlDlnw1EbSkDg-T-bpz*W9sxksf2A*vCHWktq8xOoHQb78WZjlp43YJ3-VDzNMgA*QQ0NMoQ1mrGognr8CWamnM0lThgm7QzxL4lvfcs2NxE94uKZnQDoc0kxekk-gW*he3ZfH1yxqidzki82HssPLMhzQ*vQmljOtnkzR0=
名川资本,http://mp.weixin.qq.com/profile?src=3&timestamp=1503128474&ver=1&signature=*bLcRssgjR-*tzdg14JhDa-2IINmHHYSVbaivr4e4QewdTtl-yiHcu3nChw8yNGNfUv8buz5MdJn-uV*lGfDTQ==,微信号：maintrendcap,极致追求,用心成就,,名川资本王求乐:投资就是在不确定性中扣扳机,http://mp.weixin.qq.com/s?src=3&timestamp=1503128474&ver=1&signature=QF6PSHNqLxZiPeVCfCPcoUeDAbcytHe5S3zysiFVra5lgoBRGgS6SWjHfMhH-Hwz0TJL2zKshMDLUgVz6ntWBXs*csWM8hj-iIio8Q0u4hgQCF*WigMV-QCFtxbToBQ*cv8cymjO76w9OXmt8vG*1or9kiMvChgWoYA0gVO3ToE=
中微资本,http://mp.weixin.qq.com/profile?src=3&timestamp=1503128474&ver=1&signature=vWYyN5XV*moWQu2uqQOkwuVDBPENxJ9ADgV0W7YiqDfu9q-IXmT3OQhAoqC4Z74J-GGuXDgLSI3E-i274C5DNg==,微信号：zhongwei_08,专注于新三板市场,以投贷联动服务于实体企业的战略思维,大数据服务于企业投研的战略方向,信用评级服务于企业风控的战略方法为新三板挂牌企业提供包括股权质押融资、股权投资、供应链金融、定增并购等在内的多种...,,中微信用参加北下关街道党建工作推进会,被授中共中微党支部牌匾,http://mp.weixin.qq.com/s?src=3&timestamp=1503128474&ver=1&signature=YSRsnbb7BnNuyi3GF9FpVwHtCBIejOSrfn1ykCCbppbKx13TvHFWRx9cHLKwfOK65LIjoHxcMspWZG56MmjFRltbtqiczDzs0WIwWZ3lDkmQhBfEZRatLSab6k-5uaqrQnHsVN9ROjDp0rznWDrNz8BEGGGfIiyVpZ5tPXb8mDI=
创虞资本,http://mp.weixin.qq.com/profile?src=3&timestamp=1503128474&ver=1&signature=VkpSB-9DxBDNDPwluwhs6n9-Vv9RZwikJTtJhwfl9R*Tp0uPqxD9oBZCbF*DMeOB-*cg7EQesJ1oPsH1NI6ysg==,微信号：gh_d2c83b7075d6,主要从事新三板项目投资调研、新三板优质项目供应和新三板投资咨询服务.是目前国内最专业,最具实力和规模的新三板项目运营商,,不动产开始淡出 新三板股权投资或是趋势!,http://mp.weixin.qq.com/s?src=3&timestamp=1503128474&ver=1&signature=aQNM4vOvuU2K0siocQM6I*PbsKXAKxajO9LE0NhUiC-19gkB81LBuhI*cAQm54IBWJ64uzd*IICT5BsOul9EC1IssBttpvefkEuej8tvL-bfzCmbBH188in2YemBqJoWs*hdiNEzesEh*p0-DzqnL6aUAALiFnJjoN9-Gr8PT9M=
浙庄资本,http://mp.weixin.qq.com/profile?src=3&timestamp=1503128474&ver=1&signature=KudACinCiQDpTRX7LD7*9P31szXJfYlFqmp3SPUB-Y*NKAijuk4FRJuQwewl7xIWpMeUmEebqyvhWcc-e8DmvA==,微信号：wwwzztzcom,浙庄资本是专业的新三板股权投资咨询平台.我们有专业的投研团队与销售团队,为投资者提供最优质的项目和最低的价格.在这里我们会为您实时推送最新的投资资讯与交易策略,让您享受到最专业、便捷、高效的理财服务.,,汉瑞森——新三板潜力公司研究总结,http://mp.weixin.qq.com/s?src=3&timestamp=1503128474&ver=1&signature=7sHqiH2P8-k*0UvUYf34Ehhjjq8XqPizsUw86*5VHZibKl2mIFKpYmnF7-AwxZwzqrPsflcn*GkxzcUNLK97iW4EYsDVwwi8IaFCLMjAP36Iq4uCor5YaaETzW3Wq5TDs7cEPq39Jk9cNXNHJeDIcHxlKD9up3UlhNQ4vOU4JhE=
明泽资本,http://mp.weixin.qq.com/profile?src=3&timestamp=1503128474&ver=1&signature=busIsd*FjPTDcgv2DYP8SRGjrohB9a9SKpISMvdEE00k-FYuvI69JXUPjx-Tx3RkGDhNlAVEqaD0Ppq33FlU8w==,微信号：gh_76549b7ce949,明泽资本订阅号,,明泽财经早报2017.08.18.Fri.,http://mp.weixin.qq.com/s?src=3&timestamp=1503128474&ver=1&signature=k7oeAfOnSuJ-hPsVi5ZHQJzJQPGfJNHqlJiYQBKahj5gTrs8g0iTQaIPtBvLx-52EfYsJ3EFB*WDnLaT3tX5kPDHPz17sSxmMlgj7Zs6OV3aVyOM4GFwUFwzLf-XbYPIpDEmYxmjSrlpJukKFhGzoXoS6TazqxTO2egDMtE09y0=
臻诚资本,http://mp.weixin.qq.com/profile?src=3&timestamp=1503128474&ver=1&signature=PptYnwbqa7ssonaVpRJjLMPpu3-wcwreKLtZDXFZmk8Z7efqimJEYgSaX6-ss565xZIYZ2GANFFLFbkTRJkn7w==,微信号：gh_ff6f74f93d35,聚焦金融热点,为您提供第一手的财富资讯,助力您的财富增长,专注打造专业金融服务平台!,,恐袭重燃避险情绪股市再遭殃 欧元现“过山车”行情只因过热引担忧?,http://mp.weixin.qq.com/s?src=3&timestamp=1503128474&ver=1&signature=wLsp7jhAvi9BJUkFDHLI3Onvz0iboW3oMxcX8LYNQVOqkxlk2WMI*gZmfJF1om82trtShfJeAh7AaQRhFqqFc2hPpXrTE1oI3J7RHyeCKp8wniJMgnNU6hDO95Y8WgK9gJBnhoQpQIdTTPesJYva74DhJuv834ijLaXWkxgUoec=
民诚资本,http://mp.weixin.qq.com/profile?src=3&timestamp=1503128474&ver=1&signature=TNH2rmiLjcQHXSLVFcv1Aoe0UaFg8lTTIn8LYcEXrOTGeqhurJOqX2z8P0r7DQAvsv9wNT76tr403IMIjvITAw==,微信号：mcziben,缺钱就找微贷,一分钟申请,5分钟审核,最快1天放款,通过率高达90%,凭身份证就能贷,,花呗被骗找回以及防止被骗方法!,http://mp.weixin.qq.com/s?src=3&timestamp=1503128474&ver=1&signature=6GlepMHxPGYJ7b6XtzF3M*FeW073lFsIRixlaGEdALQRpoCFW25D5lTkrYHmSPVskZHQbheBCz5EVkev8*V*EP0tYfpjLQZVvIKRnlNgDi*0oAeaIN8TGBj9d63rKPOiHmXG-qimB7W3TOelzjD-lK1DlefrtLX15bf4xglTyOY=
邦宁资本,http://mp.weixin.qq.com/profile?src=3&timestamp=1503128474&ver=1&signature=OTgpwLSe6JcnQEJQNlY6iSKl*8s2aRCTihXVY-njnCLwabmb0MBXcAxeuVEjnhZDf*FW9SGwZD1TATED3qdLvQ==,微信号：gh_516f01f87341,邦宁资本,是创业者背后的支持者!,,壮士,创业路漫漫,干了这碗鸡汤吧,http://mp.weixin.qq.com/s?src=3&timestamp=1503128474&ver=1&signature=5d9gtiYwcVj1CPcfUe8fZZijVoo6IDERP3UEyqcaAimSc8ISGJ4qNKePLhGQ4wJu*oc7tJUDf2g7kdB-dVKw3siYEGKHxeViHiRZcDaT2LmiFwbwzYUZkR6ky6ABJEi2ta6i3kl9ILMD7g2nCs6koyYMqrC-pZJyZDLyB*R0UmU=
环球资本文化传媒,http://mp.weixin.qq.com/profile?src=3&timestamp=1503128484&ver=1&signature=GDHjVLftKDsokImdy0a9jieSDyuUjnfiDZW3GY2x6RnfWmqoXQBCiiVB7p8HbmS1V6T0HIOr3nfWuM4vlStV4Q==,微信号：gh_d6acd55d1c13,我们希望最终将“环球资本”打造成为一个“有影响力、受人尊重并且能够创造巨大产业和社会价值”的品牌.,,环球资本锦囊|【一条星声音】吴樾、吴京,千万别傻傻分不清~,http://mp.weixin.qq.com/s?src=3&timestamp=1503128484&ver=1&signature=sdLxBWmNCEzerfaDOU34kuuetpTrt0wM6jSXJ7uningBb447ROpdCiRkHw9PIjdP-ipzE2FyurSm1dhlVF9Il8T9yTDiP0bmnCJMc1qwD2Iz1fMgAJ3vfA0jQFqWKwLL1RO34pQjHzgMTaD5*K54Z*6mXGo-v*g8YNyW63MaVDA=
谊资本,http://mp.weixin.qq.com/profile?src=3&timestamp=1503128484&ver=1&signature=ZXKpN*y9w7aRu-2hDXEF7M2Y951WM8OuveskSCOlg5IK5aS7u50yWyEm4to7wssUR0msckotZfJvqfIDK4G**Q==,微信号：yiziben888,信任是前提,友谊是基础.关注谊资本,让您生财有道,谊资本为您提供独特的投资眼光.,,雄安新区规划编制工作加紧推进 相关配套政策正研究,http://mp.weixin.qq.com/s?src=3&timestamp=1503128484&ver=1&signature=K3tq5J3uFyrAq536g*umrta8t4-doibXZUhh-hbfQHE2uB*m1LEhaHnkzO*uUUZMeftMV*O9hJ6eSolPEgXzB5kHkZqxb5DfhGMjSBudnneQSssBxo8VxiZwXOHzO0wTU4Dhx2qaD13HhnSeZkAxM9QuJIRxB*7lsxlcBnqfsso=
漉金资本,http://mp.weixin.qq.com/profile?src=3&timestamp=1503128484&ver=1&signature=m6j7DhFnkHo7mu4l3fwZNr9WfLoffzT1U6839DxFeoraG-s6ERfvAHi0gAmebpnx1yh*hgx9F5Akm2egzKxdmA==,微信号：gh_5b3593649c5a,漉金资本主营方向有两大类1:帮助中国境内注册的中小企业在美国纳斯达克,香港联合交易所,全国中小企业股份转让系统(俗称新三板)等国家级交易所上市挂牌2.帮助已挂牌上市企业和拟挂牌上市企业进行定向增资,协...,,吞得了多大委屈,才能拥有多大格局!,http://mp.weixin.qq.com/s?src=3&timestamp=1503128484&ver=1&signature=7Z-cp3vqUYt9jBXM2BSaIkj4xTqYWzsC4LNU2tltkb-OOWBHwcu4pVC1pe634JG5oQdioYPTXUX4e1Y2n-4l-ZpNVyBezzhT4cNt2nCc0gUX9GbrENSGOR4IKA*EA3IUISX7S*OKZOlQcmdEaChFEiT0WURzNi5*DzV5WfMsvQU=
资本商业奥秘,http://mp.weixin.qq.com/profile?src=3&timestamp=1503128484&ver=1&signature=a6rqEO3hoeagXM2q2pb8dGAAMCcACHJdGFq4KM2RWta5b-RUP-Nao*rxcNCv1GyIStTrsCTPzTbIe61hGA38Gg==,微信号：CEOZGZB,关注创新,传递价值!聚集全球一流商业趋势,以犀利的商业头脑,与您一起把握未来趋势,洞见成功之道! 最具智慧,最前沿信息:经济趋势变化,经济发展趋势,国内外国家大事,企业最新动态及思维!,,成功需要:高人指点、贵人相助、个人奋斗......,http://mp.weixin.qq.com/s?src=3&timestamp=1503128484&ver=1&signature=CsBVlNVQNrBY-kHgVRPCPkGBnw-DKlEXBzkLFLfbg8k8VGseip1TmrNRKXRBI**zGqnsUtuMa*WpZsXrAvRZ524nOYTPIq7Y46jIlZ4YTwy6whK1YFUDvmwEM-z4fVfshPbQ4mOddgse6Kvh6-XuQ*4kxfGsRJIBa8k*XJfql5E=
资本黑帮,http://mp.weixin.qq.com/profile?src=3&timestamp=1503128484&ver=1&signature=83Zs7jewuaQITYs*paAOxMuZ7k1MAi2VwV*LtnzLJlQiKSQNPRyVXy*IWs1cn8BZRwSgXWaeLUNo4BKMWcyIdQ==,微信号：GMRJason,我們致力於為投資者提供最全面最完整的投資策略,普及外匯知識.我們的宗旨是:不動用客戶資金,不代客理財,不託管資金.我們要做亞洲一流的投顧品牌,與客戶相守相隨,互惠共贏.,,【黑幫有禮】最後一天!你的黑幫認證禮包等你來拿!,http://mp.weixin.qq.com/s?src=3&timestamp=1503128484&ver=1&signature=l5EHcPPXINVUiYvKmw*W9a38sLXHkVz1Eb07aeQIEFCqHa*tkAu4mL6aX43f1afiiazhho-ceD1VtuLntzI4cFicLLpVp6SfRPXc79j0Yy7c2xK5tvEHQbTGZBGuO1TS2uBRwRQnHNQ4YimP-AO3FND-TVKjZe6Bc89Jh0VhirA=
资本大佬汇,http://mp.weixin.qq.com/profile?src=3&timestamp=1503128484&ver=1&signature=wRUumYZmLOrBDaC*XFJAA7aa4vRJ39F0PuaBFM9N07N2IpTdbL3f3iALsjhLn9ZYIFPM8nVHRluLLpTS91AqkA==,微信号：ZBDLHYN,投资管理,财富管理,企业管理咨询,系统战略策划,企业家顾问,企业经营托管,企业上市辅导,企业孵化加速器等,,千年大计!今天,国家打响第一枪!,http://mp.weixin.qq.com/s?src=3&timestamp=1503128484&ver=1&signature=laZH21mLE2V4irTLf4DT0-pe15nJCBY0O7o5KMIwcb8dcsgZJNPNv3NkxMW7*a8eHpH7cU4EVn3k0xDy9QLazHXMUnlv*6yx3sPcYy5-S8cfnlwdhcWM0FndbPdqLkOfW8LiUdBC8-vzXm1-ArqgrFDPThU*bQyxapJ52zDOl7g=
浅蓝资本,http://mp.weixin.qq.com/profile?src=3&timestamp=1503128484&ver=1&signature=GkmqrCMdj74qz5RrfB2DoZCJYZNbn8UbyWT8CaiwzphxouBNB0-hinkkjDAhSsvICS-YOsiWbpLZgPKYiuFz-Q==,微信号：Cpr1998,“浅蓝”管理践行者的自媒体.内容涵盖最新的管理思想.商业评论.演讲实录.著作连载与人生感悟. 感谢您的关注,,任正非向习近平汇报发言2000字,字字珠玑!(全文),http://mp.weixin.qq.com/s?src=3&timestamp=1503128484&ver=1&signature=lQ5d0stJqua9Q*shx0wXeYLvCANcv3l**hTX8SQyI1yfNnmCt6RkgsXkamexeUdxucgSG7KQ10ZKgSQiaBkwhl0U3wnmwPcHSzUUjKD9SxeeeZPADYmMzF0DZoarqEAV4M1Z1J1GsaPhh6uKDJcAvmTJF65a3P155e3QNqr8UsM=
智慧资本,http://mp.weixin.qq.com/profile?src=3&timestamp=1503128484&ver=1&signature=2LdZO7GegtG*20sXqoQDrvfts5LOH5eoEFJk-wu7ofJ6xukGvZZK39fPrdv-rPW4Sf66GJpNH1k9wUMH9wrlaA==,微信号：zhzb111,资本智慧第一平台,提供为企业解决资金、项目、人脉、资源整合、学习的平台,不断传播、普及融资和上市知识,让中小企业更有生命力,为打造更多中国品牌和世界品牌而不断努力!让五星红旗插遍全球各地的证券交易所...,,千年大计!今天,国家打响第一枪!,http://mp.weixin.qq.com/s?src=3&timestamp=1503128484&ver=1&signature=hlIuxBuj9LldR2*KuzcljXFiGj2IhBTFYovEPQq1Y8NIrfygpZWbhchhk4wd84J68*E00Jx2Tc22aRzmDYtqVHvb*BpMRbftfoJ0ud4nWE8qWJqLx4DnMSmf18c9mFmVGEH5uVS*iARpPy8jO-*s6ZswYq8UIA5f*UxSArIZMg4=
徐小平说资本,http://mp.weixin.qq.com/profile?src=3&timestamp=1503128484&ver=1&signature=-8MB3WUN94kSDnprPjaCTE2Vq*Wp*CDL6bI9M2wNUhsL6*0NJSg0U0g*HHsTB*p13tdcLGc9njEroqMusnPsjA==,微信号：xxpszb168,中国当下企业走向,,没买房的要恭喜了,楼市再曝大动作!,http://mp.weixin.qq.com/s?src=3&timestamp=1503128484&ver=1&signature=SkC8UPp0MIGI43QIU8rp76CsDTEMfGHGoWCRJ4xSG9Ork2v5b4QAhTaJABW5ZbHcFolMCgR-uP9gko-j4fmDGtDq*EQ9xOaBO7ZIZQfubteqtTJ7ryB8YR7rhFkhvxzI1st8EBoPRvG3DIZnLXDvx89cgxE6mJNWc5xHtAyy7-0=
资本商业客,http://mp.weixin.qq.com/profile?src=3&timestamp=1503128484&ver=1&signature=BkWnzp05L4kLOAO2yQPUjhmEbVu6iVR4-Owx4TEgnPhfwOP8Cm8IRkd9j-yFNlNNZ*pbZxZDMQPMn6CnlEBarw==,微信号：gh_c7d832ce97bf,关注创新,传递价值!聚集全球一流商业趋势,以犀利的商业头脑,与您一起把握未来趋势,洞见成功之道!最具智慧,最前沿;经济趋势变化,经济发展趋势;国内外国家大事,企业最新动态及思维!,,别买车了!这才是未来的交通工具!快看!,http://mp.weixin.qq.com/s?src=3&timestamp=1503128484&ver=1&signature=parB67JyJFMLhodA4XZABENsmzFy2*eJOYag2PkMnI5Pj02ZpRFsqdQpYHtpmUSvLrkIhDosMymD9JKwWPVoDpCbCD3Ni11yXtv918JZcRbLr7fSsnkqHWhJKfOOqofvPymYTw1Cgw9U7VHo6pZ6J73OfQFOyQ2bXehmmbg-SGo=
资本核心机密,http://mp.weixin.qq.com/profile?src=3&timestamp=1503128495&ver=1&signature=GQMO5W1tZcBNsz4UQ3pLg*QRd*PvJA*z8iZY8QGWuUkCn8vHjfZ7ZuVeebyEi*y3-J9Vq71EZqsLDwBeRIE6HQ==,微信号：gh_2156b939b60e,汇聚企业管理知识,每天为您分享企业管理经验,组织机构,领导智慧,人力资源,营销策略等前沿资讯!提升个人能力,助力中小企业做强做大,传播正能量!,,曾国藩:一勤天下无难事,http://mp.weixin.qq.com/s?src=3&timestamp=1503128495&ver=1&signature=stzGWRq-xt*QWNos2YXmo5RbeK-m58TBpMf40e-n2ve6FCF5VpsbKaoJ-1SL3QO9DxJfOF2HPCOjm0P0BewfOPxnIrNq-6RK3Na5BRq-uyy6nzTRnkw1o4Y6zTKtigHc5*SO0FerWQ4QOgkjbe3zK5X-GBQcQbi*BbS-Lb-rveo=
资本政商,http://mp.weixin.qq.com/profile?src=3&timestamp=1503128495&ver=1&signature=bygtsyVvtSksBQoTwuM5UG74Y403TVxXefNbx4abl958sX8nKJi4wqtu-m7auiuO8MnMOLmvjLCZJJtiv3-UAQ==,微信号：hu15972100130,寻商精神之根,著商文化之道. 集股权,众筹,天使投资,风投对接,品牌推广,上市辅导及项目孵化等于一体.为企业做大管家私人贴身服务!,,中国真这项技术,能将美航母彻底赶出中国周边!,http://mp.weixin.qq.com/s?src=3&timestamp=1503128495&ver=1&signature=2jOMVPac-BGV9dg3GyhhrSx26UI3iTV2pouQKD9KrjNlFJ2JjAgd4L-qhQViR-1GLHwYULTsj5FFTUcq7UccqtqMQuY8EDwnRfApbc1Dd82OfF3rHUu1VZRjjNuUeNBPIk6D*wdeqqb-6RLNAmiO*1BBZGMBVCrao5u7FDJ9r38=
全球资本快讯,http://mp.weixin.qq.com/profile?src=3&timestamp=1503128495&ver=1&signature=W-Nd8j6L3WGs3qMThvTob04DiY2F0m0B6ggcDDZnwevLRCphjQ8OilQOPUz3dit5ryLV-R-55*23HAYa1uu7vw==,微信号：gh_2a733d6d9eb4,最新国家政策、全球资本运营、产业联盟、金融全球一体,快讯财富全通知.,,剛剛,中国在太空干了件大事,震惊全球!,http://mp.weixin.qq.com/s?src=3&timestamp=1503128495&ver=1&signature=Kv6F1lkgpCxn5C16kKzFKyT-u0BrI2bYCCnTj9I-zjPQVIrRhWMBfLcIQDTt-I1-Y**gYRMmNZSzA*QqTenBol0Q3*iWvkoCoLSxAhQ0x0tZypv-D0DpGE2CDyyBobyeaddqGT-m2DMyRE0hmbcR85KN2G5OkXeY3FqQi7exN5E=
资本投融资圈子,http://mp.weixin.qq.com/profile?src=3&timestamp=1503128495&ver=1&signature=xbs6*qDV6fNIpEh9PHaAGvNVcD*6z7ap6DyjpJtrN5neJA6YaH2OX-24-GMYa9ELnLbqidwcXLl8w5KV5DN2MA==,微信号：gh_b0a7f31ae615,展现自我风姿,引领企业航标,运筹为了发展,体现自我人生,传播正向能量,搭建金融平台,规划企业导航!!,,iPhone 8 确定9月17日发布!新功能逆天!买 iPhone 7 的人要哭晕了!,http://mp.weixin.qq.com/s?src=3&timestamp=1503128495&ver=1&signature=71pezwl2NlB6jL6BnR78GEBNd-nSy0mtdelJeViM7CCpdPPmOIEy6C1HXKJiu0Tt31EaXJmwBIF-OWdhq2unz0nIpXAtWY9tPo-p3lljqmXWbL9J5RdvDGJseX5EK8ecOVr0latJKPwuvAhupQgU4kVkt8a4yeJ62TKyyCqSg7s=
血腥的资本,http://mp.weixin.qq.com/profile?src=3&timestamp=1503128495&ver=1&signature=7p*JP2IFDfO5q65mYQmOyoDwRVRE6h8gyzUrH17w7KHuZGyfmp-Rs87CfE-RTirQvt6Yz5jrXc0iAxcgut*BBQ==,微信号：gh_9755b5407d94,在市场这个看不见硝烟的战场上,有时比真枪大炮的战争还要残酷,多少人尸骨无存. 关注我的公众号,一起将整个世界当做狩猎场,哪里有肉就往哪里跑,体会资本市场的魅力所在.,,想赚钱,你来对地方了!,http://mp.weixin.qq.com/s?src=3&timestamp=1503128495&ver=1&signature=qHD2oKx3w21uaypF8-EU61sdMz9dtQZ3r*MkKGXI-uVSJdQymgUC4SzNhKB1xgXcZd9bBkkqPhc--dWGSMTXWETeoDyx06LS-ppVWm7HG3SwQjFJ12qEQfZ4uYrYK7k0Gl*UUjWhJzoPJ4PRCYZCzVwh1QZmacZ6gGB4C2uf0to=
资本路线商业传奇,http://mp.weixin.qq.com/profile?src=3&timestamp=1503128495&ver=1&signature=POsHFvWohF0Bg49IyE8VQZI0F*cJulKpDlto*CDdgT7UsnBseMnftpLKDChOk5eiyrAHCQJvjL3OWGH-ZKphSw==,微信号：gh_1ff143e0b01f,中国经济,资本操作,,他是唯一被印在外国钞票上的中国人,以一己之力,拯救了这个国家,http://mp.weixin.qq.com/s?src=3&timestamp=1503128495&ver=1&signature=NbpwPfrPCRrdeIBxViBEdVFiV2GM3eiYjVDfsQgTDlIEeXXdo0hnASrkSuxv48m4VmgmzvVXaIqBAa*dNvmennDjsURp6CrB0ia6WWOHnu3viToTrOuPpnlBbs1R4mQTXBfI5e-ra9q99*4EQsbQX5UIN2mJa63mCFssj0qFmu4=
丝毫资本集团,http://mp.weixin.qq.com/profile?src=3&timestamp=1503128495&ver=1&signature=AATpzjzZXLyKrDCk2AMqn4FUxsnQgkEp7LFMpCgu9SVSF9NkqLA*AmSKzJMJWTl3q3MqYNwTlTUXGS-aatYvlg==,微信号：SOVERY-CAPITAL-CHINA,丝毫资本-丝毫地产-丝毫能源(丝毫资本集团中国区唯一指定公众号),,【宏观趋势】外汇新机遇!,http://mp.weixin.qq.com/s?src=3&timestamp=1503128495&ver=1&signature=ACpePEhH8LnGDFHkHoeKgRbz5iJ0iq8t3UGwUl7vUle6gKhPGsqudS47kDtx4cvAMtAsOF1miijPAxrW0yRaGAuM-mT*tQ-QKT5BvyMjar9XGPjRTdFoWCxvN21oH6zSELvfCPo*eFt72fmhE6hgQszV4J7AcRay8W8D2dWnUXA=
宇然资本,http://mp.weixin.qq.com/profile?src=3&timestamp=1503128495&ver=1&signature=dYwK034rluDvij*HbKs6SqbyTBH7nuwjH*g3iMWjCNvWleQQdIqR2lRZNJE1Buc-vvLyWSSgO04i1rHOEMBxxg==,微信号：niaoshengyutang8,经济信息为主体,信息高度决定眼界宽度;撕开面纱看本质,剖析金融、信托、投资、实体、IPO那点事;闲暇之余的轻松、八卦.,,资本|史上最悲催IPO企业诞生!会里排队七年整,半小时内被否决!,http://mp.weixin.qq.com/s?src=3&timestamp=1503128495&ver=1&signature=RX6rPLVynIG7XLIIGyPBYdyeYBRNHXGm8IgeGAlWSYbU8Mq6DHiW3wnFKJcmIBbno2kii-yQ4XBiFFkXTdQi-1EjEEog-K95WUJ*LSge7L9ICE36ieABtlO5spwf8*zA4TbVm5fR2lWx9rGrO7x5incuYfPwAWK4SKyA3S8Yd4Y=
资本盛鼎,http://mp.weixin.qq.com/profile?src=3&timestamp=1503128495&ver=1&signature=0dEIbvH0-u8RVRHMDGL594oiplo3JD1KMNdWa9EpfPaNlr9ImP2YshPdzeJidDz-aSPeTPTXlHPK81*g5xSTzw==,微信号：gh_9ec69de37576,资本盛鼎为客户提供具有前瞻性,针对性和创造性的战略设计,顶层股权机构设计,盈利设计,投融设计,运作设计,资本设计等一体化的纵横服务,,《福布斯》最新富豪榜:盖茨称雄 马云华人第一,http://mp.weixin.qq.com/s?src=3&timestamp=1503128495&ver=1&signature=WRoYq3U0Ye53a1QDlyEFHjPbZljCnn9GtjD*ccfgt7C1KVz8ZcZ2dX5n3wlvvgpbOaYovpEfo00IIDugKxIaOzw5CqFX4ym*j6iQjOGK4rAHVbZfdn8twCBuGqr4KAn33dQiFEpkpbdrbwf3WdJstSOWwRfXLQNihpy6VuaZQi8=
资本慧根谋略,http://mp.weixin.qq.com/profile?src=3&timestamp=1503128495&ver=1&signature=wFLWErIfU9ywyNBgOcys3ffvKGa4S4AnilJbZolVLxJkp9waTyEf9W-Z3URK2ATCE4JwU*k03ixMSSvTJSHC7w==,微信号：gh_4f6436502dfa,孵化、产业于一体的新三板企业总部孵化器,平台专注于为创业企业提供孵化,IPO企业战略咨询,优质项目O2O路演、直投与创投对接业务等,股权激励,股权融资,众筹重构商业,跨界众筹,顶层设计,产融匹配…,,企业管理十大定律,你造吗?,http://mp.weixin.qq.com/s?src=3&timestamp=1503128495&ver=1&signature=9kaKQmjk5Xew-FZOMtngQsgP5QYVev-WdKBqNVF412Yec7GenhxJWjh66TvE3k61rDRgG34pBF9T4TxeWG2Fn7v8jbSNiCbdb-iunqd9w-km-XvDOqCdKjogvF4Z8gMH4ml*H*eDdBGWcdeLZsZZtfGzdSKWJtzg08I30w3gjac=
加入资本大佬圈,http://mp.weixin.qq.com/profile?src=3&timestamp=1503128505&ver=1&signature=RA0XyynFZcxhjNk9JG2CW7GoggTvDtoqTHDym-nDiSJ65LcOihHLLLN2Hz906oHroCqKUPSDEPUrpl77aCaICg==,微信号：zx18355285388,我们专注于:1.顶层商业模式设计、高端商学课程;2.上市辅导:新三板、主板等;3.财富管理、资产最优化增值服务;4.项目路演:股权融资新三板投资,股权设计;跨界众筹;5.游艇托管与租赁.,,2018年之前,这四个字让傻子和疯子都能成功!,http://mp.weixin.qq.com/s?src=3&timestamp=1503128505&ver=1&signature=1Q9H2h-q3YKJV*JD4sHC3I7r032giNqV06-XRuuMRDMPEeFDnNooPwKfaqcj1AD9CXTH2e7kMUVAl83-BLTyI9vvzT6aZlSZ3p94Ba8R5cbKY8upJxGaGzlJmEmkQA9ZdaG1Syv-HcD54GzEHc6JH7rgiw6o62R5VMbo98sIAaE=
资本战略班,http://mp.weixin.qq.com/profile?src=3&timestamp=1503128505&ver=1&signature=Z7*XeHZefdbkOwp9nGmvXVlC59-jSfZ5xFit8hziqJ821ra2I5JXHSOI4ooAXmEbry*jklrh0eOp5ZJNGv8oIg==,微信号：L861578357,一座没有围墙的商学院,传播商业智慧,每天定期分享商业案例,创新商业模式,尽在【资本战略班】,,吴老师论股权重要性,http://mp.weixin.qq.com/s?src=3&timestamp=1503128505&ver=1&signature=WFQsfnOx9Sqa*DVJ1XMIVSTi*sLOUTA-xUrD3tLtDH5lgW6WgR0v*hL0zs3tQcRmC9JGUUN45vwFHdTbcc3xM0zpmW3EdJXoXob1-gumWcSZrwg3kxCK7OSCIxJcJx87kSgy4*BtZuuWgIYb4--TPCzOnU8ZvScky0lwiyVuT4c=
资本商学圈,http://mp.weixin.qq.com/profile?src=3&timestamp=1503128505&ver=1&signature=K58qmvyFuGzOZCE1DK4zME-D*ASsAuqIiRMWPxO-sJ011FUMibCYYC3OxR41n1kvwCZrqZxfufhH-zoXLgfmpA==,微信号：gh_7bcc26b47128,提高视觉,掌握大势;新常态,新模式;风云变幻,旧的思维正被颠覆...,,2017年最佳小小说精选,http://mp.weixin.qq.com/s?src=3&timestamp=1503128505&ver=1&signature=FxkAHewR0DaFLdcEA2A*bpvxq3u-SGAOsBN67L-gD3yA5ST4mL7y0vA3LNdPCSu7wwiBg-BFYl-oDHmhgmwoMiB**SLfNPL9bTmdJW7ZZtIelouLTtzdLHvS-50dRDZfD2HY2BUjU9xlotY2WfndkkJdWjkTX2la7K93wd3ogvk=
资本直通车,http://mp.weixin.qq.com/profile?src=3&timestamp=1503128505&ver=1&signature=p9pgCMe*z0z8P1*b33rbyOVNsNUh4Bddj7sASLk3mYGAK6mN9QhJUd3-QTO6*M4-lYlDHq9tM1AozwQ2829Y8w==,微信号：gh_cedbe0c55a2e,资本直通车:传播金融投资智慧,树立投资服务典范!为广大投资者提供金融一二级市场实时资讯,深度挖掘金融市场新闻和行业信息,帮助投资者更准确的把握市场动态,洞察全球金融行业发展趋势,,我们是谁?私募公司终结版来了!,http://mp.weixin.qq.com/s?src=3&timestamp=1503128505&ver=1&signature=dlFj5rZjtijg-w9FL2N*20NEUX02Q-rxkDIYkiWltXCSYJYdUU0zeclvTBzDl-kp80I*irnBPYZVEeeK9FdKQwR5-apB8ZERrocMHCZ6vPvcgLcbA0CGp9pdT6wFiUttxgNnPn78oSY4F4Bz6objhPM9a1jP8t-SKZoR3JIEIfQ=
三臧资本,http://mp.weixin.qq.com/profile?src=3&timestamp=1503128505&ver=1&signature=bPBZoxhnQYlg-w9LL38IQDVwJtFoFshZpUhOcXdjpzDSvoq91EvFKrTguqrR3-jzjv-7nVLbDFufigCZxnO37g==,微信号：sanzang18027667875,三臧智投坚守＂做实事、坚持干“的经营理念、”共建、共赢“的行为准则,搭建全国最有价值的产业升级与资本上市平台,解救中小企业,愿做中小企业专心资本的智库,通过前端培训、咨询、优化项目,后端再对项目选秀...,,一代鞋王百丽宣布退市!被“马云逼上绝境”的80岁老人套现100亿卖...,http://mp.weixin.qq.com/s?src=3&timestamp=1503128505&ver=1&signature=8RVkmKbpckKeitFeQ0o-LXcszx*vIvFbRfDd0*dZR-nGtGX6USZTqyzIROBMiQbpRcNEFpT*gw6ejAq6o78f-JvbErHCve6yjl*tlmkh5puwyvVCfGoT6g5fw6vHrBF3IVFn7X-zfzZQgnKmEx-A7CvYleJKMLaMfkZOXuUkBd4=
资本联盟大讲堂,http://mp.weixin.qq.com/profile?src=3&timestamp=1503128505&ver=1&signature=eHoZTdxwFk3M-t59*1I-W0z-2gnJIbVYv8wSmLEtTW4Cz605GYmWRiyRJin*oAq-p0jLf8P7NqKbv4zPAui*BA==,微信号：gh_2613341032c4,至力于中小企业投资,融资,上市,资本运作,商业模式梳理.突破传统企业瓶颈,转型,升级.,,从19岁搬砖到一天赚一亿多,570家分店!他怎样逆袭成就百亿商业帝国,http://mp.weixin.qq.com/s?src=3&timestamp=1503128505&ver=1&signature=lhehX*gpWewzp8OlC6R7*P-QEcCb9xz2HiigL1UulpJQZWyGMIhgYCARG2BmzM6U0jgrzCrhVLUGiI*MPRpd2QzmxA16TQp0qKNXLBd3fLnNdeH0zl*hGh3Y97JHVuEH1D33kv9BY*5IZ7neQ7ETbZ828vKqiiWSl-lPBGCbtRc=
雷峰资本,http://mp.weixin.qq.com/profile?src=3&timestamp=1503128505&ver=1&signature=ecEOhB1bRpWN0Fx2tzIBwZSk7Y7*OWusroWQWP2n8i3dTYiFxkZuRf1fFMaQ3RYVuVPMnan1*XY5iYCDt*cW3Q==,微信号：gh_1c9551322eb1,传统企业互联网+转型升级,,雷峰资本近期更新内容,http://mp.weixin.qq.com/s?src=3&timestamp=1503128505&ver=1&signature=v*CiCXlnPo1tZ6ugs1QntxHxt1WDvQI0Dtc7yv-It0xSW0cG5lZ1r4dYcD0yfs2Wg1nLtOsGDVL3jqYxuIjt5ogswwNkLnXfbjJ1tjGvBNHtgPBO1ZdfXPVIsYkVVhlpIvrsVuUo83Vylt9h51jDSGkIMOHOutaLNKmC0JYnYIQ=
彬元资本,http://mp.weixin.qq.com/profile?src=3&timestamp=1503128505&ver=1&signature=-1BL3TkWXQaLtZQMinHCQH1kTSq5Kp214ZbBHb0Gj6Zmozp2JWkyy7qpngogOoXp-ez*vAhlv*BTT9-DMFT4IQ==,微信号：binyuancapital,了解彬元市场观点,为持有人提供相关服务.,,New Requirements for Traditional Furniture,http://mp.weixin.qq.com/s?src=3&timestamp=1503128505&ver=1&signature=CETpX8sughx-KePAIjp3re*3g95olz0M9-JoqEb67zaXpAKoUvJ5UkJAkRF9G7bqXCyIETt*g2RZKz0YQvu2fjbOEpJheqsN8r5yZED9PaWAxe2j2WEYVNvwfkqvv0REiiqAfmkcuHkA-DmZEj5mOz*zTtmtuqOxnuuIwo9BWaE=
腾创资本,http://mp.weixin.qq.com/profile?src=3&timestamp=1503128505&ver=1&signature=DKOu4Wm*AsUoZwNRUc0sOaYgQ5qF37*f5NlqmijboRn56-fsbOWG60wIfZtlGXxFdzXo11WSOGqLSag2XkUCQg==,微信号：TC_Capital,海外上市(香港、韩国、澳洲、美国、英国、德国、新加坡)/投资与并购/私募融资,,5000亿元!上市公司争设并购基金为哪般?,http://mp.weixin.qq.com/s?src=3&timestamp=1503128505&ver=1&signature=4zk25cC9ops36j687hFiHpUJo59CsMbqGUw*zKNs2WMYi8Bqx4RMUAbYMjy9P1PyaX2aiwHlKeB0ev-i9lerKPFv9K9iXNlNpVH0RaktQz47ey6YlQcdvfak*J090ZAJ8LSW0MztO1sKe3eu3D6OnjTVp--*Vt71QHwsvLm3-Es=
资本商界华人,http://mp.weixin.qq.com/profile?src=3&timestamp=1503128505&ver=1&signature=FZQgnAaKx33rSvmqBXKt8CMve79mxG6lfZPvmif3gefmS3FUBosxExc4lfO1gzKvv6NUPRWw*NrOhTRy1ouEuQ==,微信号：gh_015d9f14bbef,资本商界华人是企业家汇聚的官方媒体投融资,企业IPO平台,以小见大把握财经脉动,见微知著名了悟商业潮向,获取财富,高端、人脉、高端商人务人士,趋势投资者必备,,富贵人生的八个特征,你占了几个?,http://mp.weixin.qq.com/s?src=3&timestamp=1503128505&ver=1&signature=CDj6PY0MO59UAi1GtinAsy8225swFAmAPfyOl*5pVy8QrP9*ZTSXpPygBZS-eExmYTsXr6nkiwo7ulJDA8jc39Ku-iJkBrdeCESmOiaKNkhPkmtfiVxA*iBxvvHkUMBlrFO3iKp3lGPLTrWo*uln3ja1KnjumN-5HI-Tz4aV3HI=
资本智慧大讲堂,http://mp.weixin.qq.com/profile?src=3&timestamp=1503128516&ver=1&signature=wRO3imxud51OdzOo-dfOq6Y-1vM7jvXshQKA21jWf5H1tR3g7MzZjgKQU5Yo2*4oyr*GXhcuROEhVHC7mLyqzw==,微信号：gh_dfe8758d4edc,股权、上市、融资、企业管理、商业模式、知识分享等,,老梁谈传销!传销为什么打不净?,http://mp.weixin.qq.com/s?src=3&timestamp=1503128516&ver=1&signature=npY9cn90-b*uBuwBId*Xi2J9kFHWWJ-3*yv8reQKssHhJVc9XCF0UZ6T57K0Qd4l6Z4eY705bdIaX1Eb0tNtoOSwkxvzUl3unRqBFVDG*6ipq0L6iRmOty2SUjTvYYW38lKzJUbXcRu170VYg*G7*SMuyiknyhDo8KXxqGq41s8=
资本剖析,http://mp.weixin.qq.com/profile?src=3&timestamp=1503128516&ver=1&signature=Df0oEd76NFnSbZ5WsR6-IBLgKiibuYxX9-Px*bTduLGoBo0oKbkeCXpyu04X-1XVvYjvFUXFrZaT-5GN*X3u3w==,微信号：gh_f76e44646674,善于借用资本的力量,这一切难题都可迎刃而解.资本剖析,从投资者的角度来告诉您怎么吸引投资人向您敲开资金的大门,帮您借助资本的智慧来抓动企业持续发展的杠杆.,,请活好,你的下半辈子(好文),http://mp.weixin.qq.com/s?src=3&timestamp=1503128516&ver=1&signature=llW*ptz*BJqLzhXekKwDiG-MrvV*tmUYyDO0GDU1-2h5ioJyk1eQfhIp6FpeU9rdzVSNCzar0-YvJHw1figIcpojJPTUBnlu7jmAryvr96vge180oJl*sMUEzlnegoHAvjidtU4XTPqQK2NYxdpo0Nr5SDg94lRT4dZ141ne-Zc=
资本讲坛,http://mp.weixin.qq.com/profile?src=3&timestamp=1503128516&ver=1&signature=K8Rsz9UQ5a6fO2HrWWQSND5Tn2vHBpYzkHh0naw3itLyMZhFMO3TRoi4j-URwhRGHSpyd1AbM51-0rGVm0loNA==,微信号：ZBJT111,学会吃苦是人生的永久财富,学会做人是人生的最高境界.,,受何等委屈,将成何等人,http://mp.weixin.qq.com/s?src=3&timestamp=1503128516&ver=1&signature=5ZzmWBgO0cdthWZuG**H7gc3fUKW-qYzSW6INxhWRm9U9IBm4fntmt002yZ8cKNNzTyZREM2dsopXmpxcFCc3rB*71JqGdqRX-aKI-UHL6JUDBnJtAV3AP5LJ5VANiXE89ZOIiJXDT4onysPxDNhSW3msKTn-pvWtrvpHv2c0Bg=
华人和资本,http://mp.weixin.qq.com/profile?src=3&timestamp=1503128516&ver=1&signature=gTxhzp0ZKL8qoHNkbNHK*C5fBt4SHD77pJdHJUlN2n8mfzBay79mBtiJxGEIz9j-rHkDyF-VwxihKc*hmp0tEg==,微信号：hongbangzhu28,上善若水,浮萍语禅!,,最是那一低头的温柔,http://mp.weixin.qq.com/s?src=3&timestamp=1503128516&ver=1&signature=Zz47sKWTsHN599fXhrKYQmiB6wdEovIRXaIHnGRqyx9CYxYuWwFJMboriC9Aci80L5st2qofRggC8xUhBPusl3rTVDzxX-nrCRG4r7wyg1MBnKdlZwfoMTTbQhWxMZr8ZBHNMHkEE-uc-zZ7VqvwmZeKo0JdZiQ6M5bgZDVjtWM=
资本新秀,http://mp.weixin.qq.com/profile?src=3&timestamp=1503128516&ver=1&signature=0-jb-Opvl23VOfNCXL-9IwufQONPeOIc7MRcAShs6e*5jdqCtcVUFtYEC7OULk5OQapxFOu8nXRz*2-QJNBZtQ==,微信号：zibenxinxiu,让资本流通,让诗和远方成为日常.,,高考学子报专业要小心了 大批职业即将消失!未来50%的工作将被机器...,http://mp.weixin.qq.com/s?src=3&timestamp=1503128516&ver=1&signature=YquBsRhtDFdA36c11Jd4fxuaUXCs6q*8UFZyZ60g4CJvy9hA12tKHHVE4L*lD02mmrrAU-PDGhumonv1a4K5quIsjVpQhNBB6CvrggK4HpUW*GVKhbncY1B7JiwT7L8kj32sUrkBIply8jdQjeETg4eOGrACR13gvn98kYrOClo=
柏石资本,http://mp.weixin.qq.com/profile?src=3&timestamp=1503128516&ver=1&signature=-k6yZkkW1wmCBPUlTM25gSvGlPqAaYeBOzKmojausfEVQgT83lKNQ1-IvhchGVQl9veqS3hngr0mzGT5jTYCdw==,微信号：CYStoneCapital,柏石资本,,武汉新规划的长江新城究竟有什么?凭什么对标雄安新区!,http://mp.weixin.qq.com/s?src=3&timestamp=1503128516&ver=1&signature=m5PUoeavh1jMu-Li-i2mKT1Dy49frwpD6AhOlC5Li44GlXfzCE0m1Ky5QfvFT6Edy3CWaeGDwof1uHSW8VaXanls48AZoxEZQcGk6-6iwnlQLwfb5zeSH8wPLJygyMMGA5uBCMyXndRAmJB*KLPbE6i1UG9wtjZ8eoqgoEIithM=
资本兰亭,http://mp.weixin.qq.com/profile?src=3&timestamp=1503128516&ver=1&signature=YdbZKE8PPoHn1M7mjYssZyY4UpZuEZbSn0L0kV9BiQj0G7t8Ta-3zl5gsrPnu4KQvdpenIleO6rpWnh68WBOYA==,微信号：gh_020f7214542e,我骑着白马,给你送来的,不是诗,也不是钱,而是一种,你渴望的讯息……,,,
滚雪球资本,http://mp.weixin.qq.com/profile?src=3&timestamp=1503128516&ver=1&signature=C1Lr55TGmSsx3vDT*XySFDApSZugbofIOwVl9A8o-p3dAg3ipaQSw*Qdoa0TKAqXAhuG*Afowgynwr5FtY9pKA==,微信号：snowball88888,选股思路及操作策略,,近期操作思路,http://mp.weixin.qq.com/s?src=3&timestamp=1503128516&ver=1&signature=oCZqDJUiKozG-KSNXTnzmSEGNdzSa2mCHF0gmdDOm-1Or4nDIhzCp735PK0Lsaf2PWYTvaBCn5mJyBgY*tdejxeLItlAYzEIQAHK0oXPJn8A56RBWNGirTMnwr0EVYqjGIti5yX8v1rWYyvUKrd0O4JW6Nx70WsyL2F8SnC7p*I=
永丰资本,http://mp.weixin.qq.com/profile?src=3&timestamp=1503128516&ver=1&signature=nqDd6z0ENRIulFoeaEd8WOMgzPB2SUkYzh7ls031JkGGy1tWDg*ONTpL9kNN7YfFqgqmYGXA2mbVSOeo6*ahaA==,微信号：youngfulcapital,中国专业的私募股权投资管理公司,专注于深耕私募股权行业图谱.依托丰富的优质项目、完善的风险控制体系、顶尖的投融资顾问团队及雄厚的资金基础,永丰资本已成为私募股权投资基金领域的翘楚.,,私募课堂16丨利润表的投资密码(上),http://mp.weixin.qq.com/s?src=3&timestamp=1503128516&ver=1&signature=N19KdgJxTGzP71TuHAvIBPqpEY0wNQjnNEHgbZY3iRCQJxS4HLcNu3XakorDnje4dbVqT117pJBdufOHNFgJ-oh9d4EGzItkZn4fSlwggq6-s4yyfZUtilNfJYCz1FBJ762SiQH*p*z7vYPQReK1stI64su2IhoQQbclrottR0c=
山水对冲投机资本,http://mp.weixin.qq.com/profile?src=3&timestamp=1503128516&ver=1&signature=RXW-3jCVFJUl1567Pa8p7BaDR0j3Ytva4*8afnypa-YHmieuJbJUvjOXpmVWV32GemUIyfIwiPWok-7EOTG*Jg==,微信号：shangzheng6124,资本市场分析,,大阴线撕破谁的内裤,http://mp.weixin.qq.com/s?src=3&timestamp=1503128516&ver=1&signature=rxRRKzoUrAPM1V2BrBUhBympZKSO8OncNjeyUiuB2o*Dl*yLV*w0jSKrqTn1eXvFj8iH*V*xGnS142lowO6Tx5pfDZpYq0x-JWnOUXRQ9K0wxFbH0hum2AjuxONaYnoTN7jmxZNt1LXHsByOvO87jLSCBuDgcyR2V*mqnDucYoY=
资本助手,http://mp.weixin.qq.com/profile?src=3&timestamp=1503128526&ver=1&signature=ACl7lBI-sLN5l0bQzhYLSZPS4zT19ZObgNTsYUaL-WGdR3HY6EQUm22IhqbtAeg4OpKdNeGps*QilKtqmlTg1Q==,微信号：worldzb,提供外汇,黄金,白银,原油,期货,股票全方位的金融信息资讯.,,今日推荐股票,http://mp.weixin.qq.com/s?src=3&timestamp=1503128526&ver=1&signature=cdH3zEFWF71J5ndWyMAQS1z260*S3r759g*P63sTVYq1hiNwbh64lS23sGWRmAlxwaQYVNYu87daQ-fLMglAs0P25SMUnTXgvw8D7uABk9pSVSAAJH81zUnsyqqS2w-Bh00dvyjnmuCT*nyyLdXy7s7PwuXTWtiahXx46GyMYug=
格调资本,http://mp.weixin.qq.com/profile?src=3&timestamp=1503128526&ver=1&signature=HUe0BBTAr9R2IQUT892EhgpPOR86IlSEIPr4-1EcwxpQ6scOvthAAmIyrfSR8kADqFbgUi6OUfWe1WGi5Wc3uQ==,微信号：gediaoziben,欢迎有态度的世界公民|时尚艺术金融旅游政局经济lifestyle全解读,,,
优亿资本,http://mp.weixin.qq.com/profile?src=3&timestamp=1503128526&ver=1&signature=JMzfBVPhQ10CiDYGTH1v49IrqMcW2mpSYib26kHBlVt*vFw0YIsGLa-KsPbf1IoBMiHFrj5FMyRxgldIXRJfhA==,微信号：youyicapital,优亿资本以企业价值长期增长为投资目标,协助被投企业制定长期发展战略,为企业提供专业增值服务,规范企业行为、扩大市场份额,实现企业持续高速增长,最大限度的实现企业价值最大化.,,侃谈丨我们是谁?金融民工!,http://mp.weixin.qq.com/s?src=3&timestamp=1503128526&ver=1&signature=OQ85bdGgdioog7EEBZNqXZ0YTHCJ2-o2jdcIv3jFhh1G7djgU7FbbbbLhqW4bv9AQujTPgJscEv3h1OpEIWewoG2LsopyC5EICFUkkBrsdSR6w5swXmQsNNcJgX1fcdgtg*rvqxr2obAOGJU43254F*ThUZ5pCw*9ZbvMaxPdQc=
上海嘉稷资本,http://mp.weixin.qq.com/profile?src=3&timestamp=1503128526&ver=1&signature=2kyI9bwDvue*njTvyKwOIYo2Cf6I6QsBhwU83SM0Qyr4E*Hmv4J2w1WHkeOjTHb-2H-BFCaCrrZNLg5jCxiRig==,微信号：JiaJicapital,嘉稷资本,,【嘉稷 · 经济】上半年中资美元债发行量翻10倍:银行放量、城投近...,http://mp.weixin.qq.com/s?src=3&timestamp=1503128526&ver=1&signature=FoMj9ijQHNm9Ra*ND4Dco6vmQjurR7qpfbVQN9G4*zXxI2yelSJ6FAsXlRq*CT6HdKHftfeZHEesDC5hh97TD-M0oigAhPRiGa2-eC1vkadZEuuHmbpIqStCXzMz5DSDod6uKiUVkii0p*2IlzlzcPQ*4TO72g6eW7neLWYCQ7Y=
北方资本,http://mp.weixin.qq.com/profile?src=3&timestamp=1503128526&ver=1&signature=YyHLXlOZu28PK0UZAnz4QIB-zqKtECiB8OJsSUFAAUm4UNqvUrQR8LMMQj8UfUHUcLcM6o1Qv6XruP2XuJ2KXg==,微信号：ziben2017,财经新闻,证券快讯,投资理财,挂牌资讯,,A股风格转换了?创业板领涨,http://mp.weixin.qq.com/s?src=3&timestamp=1503128526&ver=1&signature=aMtMIGBEfpYU1lRZ2mxokZeidw0mEESm67QDgew1dnDSus-bWS*74wFeZGcmE9fWKen6*DCN8SHxLfeP5xy-IYOCZFWxQ-PncgS7gqGI7YHeH6BofAq1yX6nipAIKIEqiYkLPU5I4rQcOdNs5lLRIVQWMJqxeMg-4oC-0OkJ6mw=
资本创新时代,http://mp.weixin.qq.com/profile?src=3&timestamp=1503128526&ver=1&signature=b-3278WGPZSzMEKYan5LQdYdYmNtFH1cLb-LCJcNFcVGfdm9iZ6EBhChq7jDF9Y7RzgllogG3VJnKMCz13q50g==,微信号：gh_95270b7fbdb1,为中小企业提供挂牌上市,资产重组,股权债权融资,形象宣传,商业模式,股权激励等金融服务,努力为挂牌公司实现转新三板,创业板,中小板,主板,辅导和促进作用,扶持企业快速进入资本市场,加快企业融资的发展...,,34亿!《战狼2》打破华语电影史票房记录!吴京斩获10亿,这家公司...,http://mp.weixin.qq.com/s?src=3&timestamp=1503128526&ver=1&signature=*1TgsJPPN6vTaNFHHkfVsSNvLb8u3bIPrUfgd2efxRwhartyC8cLOxglf9SE4MhDSHS*KPQ4rumdZgDYAoxlex8u2OtCzM9Am2VUWYIeZUfsApJUcGtgY76t6YLCA-13OmyvRBY9DcDA2YJGIHaWGxZXljc2l4MOz61ku3C7YX8=
企业家资本智慧,http://mp.weixin.qq.com/profile?src=3&timestamp=1503128526&ver=1&signature=S3u-n61J6MikO*ns2febW8bSw2NsvIpHPDpGn2EZargjSWdPbIUQNvIoSwTBpscauNL93YwA5*1fpDTysG-7yA==,微信号：qyjzbzh,本平台将每天为中小老板私人订制提供企业,团队管理,营销,企业案例分析,战略制定,亲子教育,家庭幸福和谐,正能量等最新智慧文章,帮助你改变思维模式,引领商业潮流,现有百万精英在线阅读.,,今日立秋: 立秋饮食有讲究,千万别乱吃了!健康很重要!,http://mp.weixin.qq.com/s?src=3&timestamp=1503128526&ver=1&signature=lzqGuR8drfED2jmjpDU92baiwhjGy2hn2xSkevkGpOHtQzcCMMTbBVh3TdvBzodPo6SBBwNgCMihoOJzuIELer4-oE4fIvj4fzZQVHuvgqajaHjQH2q8K4Uu5BaQmVp69JHFKRDScUlLHJGFBr*q6wiGPHcHQo61Bm3wDgxrKgg=
深蓝资本,http://mp.weixin.qq.com/profile?src=3&timestamp=1503128526&ver=1&signature=N4vagk28PaqxjSrIWVXg9JBnlb9abMdS1bo1jX3nCvpu3GxIpzoGRocHyzx*uh5ThspmwLb63wN1ilbFMRb9WA==,微信号：joqi1011,寻找好公司,等待临界点,迅速止损,让利润奔跑.,,XA概念隐形龙头股,http://mp.weixin.qq.com/s?src=3&timestamp=1503128526&ver=1&signature=j2x4pWDNH*YXkp*-wsh*cwRaiNFL4P3fOeIbPWms*V1mchUPgw6vSVwp2mjQRl28Ak9GHymHibkmIhfPSz4UrRq9t5wFipRyg27aJtGLd8nbLg8tUHEstlfezn580cujTvVSp5m9WRROKVA-4aqn1w24ipLt1RPhPF8U3yMfsMs=
安远资本,http://mp.weixin.qq.com/profile?src=3&timestamp=1503128526&ver=1&signature=MU8Ty7GzFjAxNDiZiDRbjkp7ve9KYxaxjh8Fb4NEGhSFSoN1xtKDAaql*oij7et9s1ihdRSmJ1lUJL6gTRR*Ew==,微信号：Anyuanzb888,安全、长远,资本首要也.精耕于理财.分享理财知识,传递市场资讯,剖析理财心理,规划魅力人生.,,个股分析,http://mp.weixin.qq.com/s?src=3&timestamp=1503128526&ver=1&signature=rw8mO-z54pksOnnk8CR-vcIAnJtMcmoNxsCGHqcGW3xv44mIPXDPw8nN*GJZaTk5qqnsXf0ItngdR*UIDa9Nv0LIL5X511b9RmwPJii2ZvaS3cnFfy8xjn5XAGKnDWST-URPIRisnsdzUZKfdKwhTpPzoYC4DxtKwHXNWdS-s3c=
90后的资本,http://mp.weixin.qq.com/profile?src=3&timestamp=1503128526&ver=1&signature=0jua6cGCEi4dtfsYoazN7sTSUu5TReNBxBfw9ZoLLtXDwMHnYHHpQvDpYZJ2ruf5nrZ3vfZZIzpn4Y5l8gv3fg==,微信号：nqjsfl,作为90后的福利公众号,优惠信息都将通过公众号发布.,,人民日报免费100m流量,最高500m,http://mp.weixin.qq.com/s?src=3&timestamp=1503128526&ver=1&signature=3oajngdC3WHE-OLnFRZNV1dEv4HdZg11Ne*Qg0uLx2BvBukceyO6I25R3QEOJeHv55OR8ft9wNU1le3qKaIWmXu5tyx2qWj4ydEYlCBBuKPZy7z0bvzv*vvtoRQTfnC3ul3zC0NM2*Z8RboU7xGaUwabEHdp2woFgkiFriqnK2I=
心海资本,http://mp.weixin.qq.com/profile?src=3&timestamp=1503128537&ver=1&signature=EbLcJ1EsQSn1Wjhf632s4QGLC9dD9L3wY*eqx2SXm3nFGwIF5AhIuaMZTWTqFIV1kde3wL-pnE82hvZudRv-OQ==,微信号：cash-sha,心海,是中国金融服务十大品牌,总部位于北京.心海专注于实体投资和互联网金融服务,保险,财富管理,基金等多元化综合服务集团公司.财富资讯顾问:13396518918,,最新!贾跃亭在美居然拥有5座豪华别墅,刘涛的血汗钱就这么被人卷了,http://mp.weixin.qq.com/s?src=3&timestamp=1503128537&ver=1&signature=YAVGWqQVq4Q9WFfw-C-5JdEAlykJp9cGD9L0dVIWHs7SWnjbTYnaQDfgj71Qs3FrxCDsJ8dRkKmFRfSepFBiPpbiMuIh9-81SxHzYMChKWRuztzI9ibpR1w*dOESLPm595*oO9jAAcnk3WRfC2L-XhFpT3bNKF2zoZEr7BcdhAg=
锦朝资本,http://mp.weixin.qq.com/profile?src=3&timestamp=1503128537&ver=1&signature=iyqXBLT7ZX*M5ZZTqewugSv1L*nTIT0pTzHK1jApf2ZbWv3aKwxwFO0gE1oUzr8mcN6SNG6G0t*gOdjcmF3qBQ==,微信号：jinchaoziben,前私募从业者,入市多年,稳中获利之风格的投资者.,,动像揣测,http://mp.weixin.qq.com/s?src=3&timestamp=1503128537&ver=1&signature=vKjan*dcGNELa1EGrF1eaPa7S97jNsk6YJpoUBNrjc1nmZXiX2KI5c9qzs1AK2*6fKVON3zNA*GgoFc6-xUKlp6gCMkK0QgBEo6f3zMz1V0dljSXLWyFP-R2SZS93D2YLB7Cs9Nc-ZcwIBKgwr0kk7U7HlKCdjstxwERFUF7sP0=
资本实战圈,http://mp.weixin.qq.com/profile?src=3&timestamp=1503128537&ver=1&signature=hHKXKUUVnKgku*csHFY*wA9TYRS9mB14-EPZRVk8R8S0I3tpi9NBbho2-JABE1-EvR1-ZosNzYYbhZgesAKnxw==,微信号：gh_234054180a12,专注创业者创业发展,项目辅导,梳理、融资、商业模式设计、资源对接、跨界整合,资本运作.提高最新的商业资讯,实战经验等等.,,融不到资金是你方法不对——线上公开课教你如何搞定投资人?,http://mp.weixin.qq.com/s?src=3&timestamp=1503128537&ver=1&signature=7Er*z8rGLYjb1ywxLl2rb3br3p-f9Q8-AeMe6rKUz0tRjM5ENjpkCn1i14kxMpuY9IsRXHTy3dOe7cB0EcImDF9ZjuiYQJh*uetIcuHhyqpIxcG73ZHHXWBLnN*UTC*ycpjhPvDWOOLwt6Br3Iyq6XsWXW5hEvwl3R1DVnvvDes=
圣商资本商学,http://mp.weixin.qq.com/profile?src=3&timestamp=1503128537&ver=1&signature=zWIJLK9CAfrdw6QVY0g5IeUBR2yEoCt76en*qzUVuMYFtKc3pz-1FZQ2x0zLSEj6oPwfudjOfmKOlOs6gnpJ4w==,微信号：gh_9fe3842d207b,圣商只做三件事: 第一、普及金融资本知识和资讯(中国上市教育第一平台) 第二、批量化,规范化,专业化孵化上市公司. 第三、投资明星企业和准上市公司的原始股股权.如果你有上市或被上市以及融资的企业请看过来,,中国已成为全球第二大股权投资市场,今年中央提出要加大股权融资力...,http://mp.weixin.qq.com/s?src=3&timestamp=1503128537&ver=1&signature=if4*oIxKFOHHAlDoCudHgVLMBinGNZrrzXVtKn*vrESxYi-xbMWSR5A9XOyWuYEO953iEYvgZpfeD0MYb2isRscwCvPh1aU5a-W8bNAyDplaFkfHrFtdBXBmX5V62daTckoZNvaCQgqwSqVAHBC1FPHyeZjEqMVZSjGTw0YSkhA=
