中富资本学院,http://mp.weixin.qq.com/profile?src=3&timestamp=1503131839&ver=1&signature=1u*Ir6eF0WkM57PIduyXpPa9eKnk4Fo3abZvMqLHkqLPtQKHgMAj6p9BfmSt8ernaK5T*Ewx53-qQCl9zPDp3g==,微信号：ezhongfu月发文 20 篇,中富资本学院依托中富投资集团近20年的资本运作经验和顶级专家团队,为中小微企业提供实操落地的资本培训、咨询与运作服务,致力于创建中国最具价值的资本互动交流生态圈,打造集教育、研究、信息、智库为一体的资...,北京中富智业咨询有限公司,,
IDG资本,http://mp.weixin.qq.com/profile?src=3&timestamp=1503131839&ver=1&signature=UY7AgHhXkxxwuhEPIpa8nCMnrTr95f7CC4j3vaZvwjBawE9DnSaTc9JtqNKG9-4dXmyvIGmMgEaCjMFJ9di*lw==,微信号：idg_capital月发文 14 篇,不只是VC,还有趣味和陪伴.,IDG资本投资顾问(北京)有限公司,不断接近「完美」的最好办法是什么?| CEO说,http://mp.weixin.qq.com/s?src=3&timestamp=1503131839&ver=1&signature=Xc2yEkPo-tAwpC5cQSX0M2jMzU8Ac7HYAlfVG96*tsMu0wlUuNiyvDvaqIUu0H7mNigYzRRlPoM3Xg10qEetJW9DZQ12F-JrQYqcFnja3N2aQrge1YSCWmyuoPCTNsjzRx-mS*imdivCCzg1ngdNTfHFZf1GU08E0Godlvt2NNU=
洞见资本,http://mp.weixin.qq.com/profile?src=3&timestamp=1503131839&ver=1&signature=248gCs*on3*7LSIzoqx*ln-b8j8J*34iDrqZvivX*127sIvcbQCidnrUpmRLUTFviQi*txblrf7aBtxXAste7g==,微信号：dongjian360月发文 93 篇,洞见知行,专业、极致、聚焦,用心打造“新三板融资与市值管理”专业落地服务平台! 洞见聚焦中小企业:融资、投资、股权设计、市值管理落地实操服务,仅1年多时间已成功帮助近20家企业实现股权融资近10亿元!,北京洞见知行投资管理有限公司,【大咖洞见】马东:我对内容经济本质的三个判断!,http://mp.weixin.qq.com/s?src=3&timestamp=1503131839&ver=1&signature=bkUvFCIF935df5YGVnrnI8RB38j1TJU317-s4I8oPYiefxglLTwq*sQvSmg5W25V2Qp4DD4wMgzoEfl67hQA7HBh9u57rva9Dj-D-Dzj*OephEarhdmTJyVCXN6cKxGjs7FRha45edgYrcqeIw7JWUs9La*q6JquMPf9fO6s-lk=
蓝光资本,http://mp.weixin.qq.com/profile?src=3&timestamp=1503131839&ver=1&signature=VsjwlvGkKWmozz-tEmj4vb*PvsD9G*PcYV3XBUb6dGbnZqvrvPv87hHo51BCkYoWOe0LdQsgckam*KCvmYaJyw==,微信号：lgcapital月发文 65 篇,蓝光资本根植中原大地,为河南省内上市企业及新三板挂牌公司提供全方位服务,业务涵盖股权投资、融资租赁、股权质押以及供应链金融等热门领域,践行“实业兴国”理念,为广大中小企业发展壮大提供动力支撑.,河南蓝光企业管理咨询有限公司,孙宏斌首开乐视网高管闭门会:我们在一起,http://mp.weixin.qq.com/s?src=3&timestamp=1503131839&ver=1&signature=LseEE1E27xS-vBlX09LFiIby83DStdgTaOcUBHMb8VkJZE2*6cgAoM5iY5RWSBkp2I7Tuc8hkMKvDTxdqxULEfVRuDhpeDgunRK9XEZuenY0TQRGrIIqyQbtLZiXH7e3a5Zo96brfnrfGWG6QdhkE8vKx*h7rQdNWkZGB9FyPRU=
天石资本,http://mp.weixin.qq.com/profile?src=3&timestamp=1503131839&ver=1&signature=SSewxhhParb8FXllIBt38mdiEQKLRFGsImJ8-K00sIvWhkk50uTOOQx4oLFoL7*Zyc8HYr4epmyEowrIwPr-eg==,微信号：bjtszb月发文 54 篇,中国投资者一站式服务:学资本,做投资,成为资本赢家.传承资本智慧,引领财富自由.,北京天石资本管理有限公司,2017年最讽刺的网络言论,http://mp.weixin.qq.com/s?src=3&timestamp=1503131839&ver=1&signature=OyrGRJpilZV2vrA3crV3jvOltCNGpBY8Z5*FpjDbpuZ5NFvTJ-4MAK5bHO1hqCNztW05rcXy9b2v6erk8GLwEPGpwNEBQKkV9*LPagWMOhqerQ1EAuG8YBp7R6ISkWaIDvAEXrPFepeF5CdNnNcDBgcqW29sDftiQONsPfSTWoU=
达生资本,http://mp.weixin.qq.com/profile?src=3&timestamp=1503131839&ver=1&signature=XFQta8tTzGUQkCVvtiqpjuVEAAC3U5GJrIOwVtwsH8nsXVe6bhdwzOas9vi7uf22ew*zAxe6u8ABVTn1YHnutQ==,微信号：dashengcapital月发文 15 篇,达生资本专注资产管理和财富管理,持续为高净值人士提供全方位的私人银行服务,分享资本市场价值资讯!,苏州达生股权投资管理有限公司,【视频】看完滴滴这段视频,广告我还是只服泰国!,http://mp.weixin.qq.com/s?src=3&timestamp=1503131839&ver=1&signature=wZlocC3*kagwETaHvCIfgt8BMUgejT59UkbdgZN6Y6qviriPKPb388ZQ-5c2P3zDfwhLq39pHmFAW3SMVSyWzNTFbkgcPSMq5HK-cowbDezvFOJMX5E4PSrRZzHqCQyBATF4s2AayobsnsB6yf5FAcvjD3hSWjO3qO5d9tbzMIY=
优联资本,http://mp.weixin.qq.com/profile?src=3&timestamp=1503131839&ver=1&signature=bC-OCooyPnt99HZ-ITLujOiSCl6c4TlU5h4EPNhosyRP36McWMDu3DsPWryVKrXMSFekTsSdawQIxUgKMji6Fg==,微信号：United_Capital月发文 3 篇,优联资本,中国首家产业链资源整合及一站式投融资服务平台,跨界传统产业、互联网及投融资等领域,从产业链角度梳理商业,整合跨界产业资源,引领产业协作与共赢.,北京东方优联投资顾问有限公司,优联分享 | 9大行业趋势,2017上半年创投圈终极复盘,http://mp.weixin.qq.com/s?src=3&timestamp=1503131839&ver=1&signature=2jBKqB9tDgYwXbjZkTnNZBfOeQ13DRY9nstW2qho3SB29xW9RiTpyijgymZ3LFFEJT9GETKwU2nhopgfwZvRvMlppwlEtNta046GJXNVKvWZsaJGj7v-xGo*LkrWp0E-pyjSP6AK3Qqad0roZiQTzZoMUaoo*AoHMGDFf2KGkgg=
国诚资本,http://mp.weixin.qq.com/profile?src=3&timestamp=1503131839&ver=1&signature=DB26aQ8PoLzZPaMc68Epb28R2YaV-7sCey9noHqzcIzI9XWYnBvogTOXRfBtzxy-lw193v2WAGaQqmfS0J-jgA==,微信号：gouchengziben月发文 62 篇,股权投资基金/股权投资基金管理(不得以公开方式募集资金、不得从事公开募集基金管理业务),深圳前海国诚资本管理有限公司,这些冷笑话大概只有金融人才懂,http://mp.weixin.qq.com/s?src=3&timestamp=1503131839&ver=1&signature=qBkKva6jPhLgyLL7*n6Y6mQR4p-ILTGqW2Yux95ahpwCY2j37H0JFJPEBrRpgBRzDB*MRRpRBIjFoslbuxrsTgD3KJSHsoLQY9QYLYHPJWSz05VwQGCSCnDy2O89byvgJrD2Iyd8nK5MlKpU2hGLYTJHuGZVFjJgYAcNgvYotG0=
资本实业,http://mp.weixin.qq.com/profile?src=3&timestamp=1503131839&ver=1&signature=zEvnTg5555iRLwBJG9HoDJZJ4xQP*AeK7eOJ8cZqyzTcLmS20BQ915g3XiAARTQISA1mQeegUrnGsvq4Mfj94g==,微信号：ccvgcom月发文 15 篇,开拓财富、品位生活,盛和远投资控股有限公司,中資實業財富 | 拍照失足 香港25歲健美先生墮樓亡,http://mp.weixin.qq.com/s?src=3&timestamp=1503131839&ver=1&signature=nNuCUeN5o05-ftWs7m60erhjKLnAS0kWnA*8Tj*qWr4mJ0VWZPCMoxLW0qwc-owit-dMzdKT6TPHMpylw40WdE1a6cIOwOQDnCkKQPXa1MgwNYydTDOBv*n1CBbW*-d0g2OhiN0PmdvOQaPcQ*hZOY0tNRD-y3ICovMQS83Z6KE=
创亿资本,http://mp.weixin.qq.com/profile?src=3&timestamp=1503131839&ver=1&signature=60vOWWrbropFLaxAd1Ush28cYjJwoNMI6n0e*-dnGD24i3B3SvPJs9hyTgTMbT8emJz*G8ovTL4x70VnIbOh7A==,微信号：cyzb1919月发文 110 篇,中国顶尖的私募基金机构,专注于高净值客户服务和大类资产配置;每天汇聚业内最值得分享,最有信息浓度的投资知识,提供顶级私募理睬智慧,您身边的投资顾问.,福建创亿资本投资基金管理有限公司,索罗斯增持 13家新三板公司背靠大树,http://mp.weixin.qq.com/s?src=3&timestamp=1503131839&ver=1&signature=Wp6bys8vnELnFOSc4vAJDtBMUBvCwE0IJyzX*ctIsBAPsI6USqUK*7xspBZIYasyJk0GLfyyXTWdb4RUuhThRyK63mXROtshLuEFhRKxxdoh92tjwnsyLVW1WK6Pz-lwha8uChsiU*-CbcFmRg-Kn-qAX-tO1Xlj8JNbt*5t6Rk=
长清资本,http://mp.weixin.qq.com/profile?src=3&timestamp=1503131874&ver=1&signature=AkSHee4N40MmjIfbFuUIvjmjOdoMO2g*W1fDorsijayKAH0bLcO9nG*aJvoJ*-G-UIIf1LmtBl*UdvGlm9yKnw==,微信号：gh_4a1438e0f801月发文 1 篇,长清资本是专业化的资产管理机构,集股权投资、基金管理和精品投行业务为一体.本官方公众号致力于为投资者提供最权威、最及时的投融资信息.,广州北中长清投资管理有限公司,德雷曼:逆向投资的理论基础,http://mp.weixin.qq.com/s?src=3&timestamp=1503131874&ver=1&signature=vxx5KHgBJ59jpDUK52ai3ygWYOiSSaX2u0yKInoEC9d1GDHM3DwHJr2HxWIdxa7ToSlHJ3Y5o4fAJGOZg5X5XiqEBUUa1FNuu8Vp90u5kJkNA1NSM-AWBL4g8EAuIdh84p2Uyt3hnRhqM-*nzhTz3kiOnwietrazHFtivI-Lrr8=
股道资本,http://mp.weixin.qq.com/profile?src=3&timestamp=1503131874&ver=1&signature=Sj7w7sUv1I1SzTpE6MUZyPLUBz-fPJ6tfpVIed24jmid4iGJfnfLsXBr20yX5iWEcr-8gJKs*Z7P0hZze-BUYA==,微信号：gh_b65a276c9474月发文 84 篇,股道资本:提供金融市场最客观、准确、及时的资讯分享和观点,SKTWO交易系统为你的投资之路保驾护航.投资朋友必备的公众号!!咨询电话:0755-36535111,在线微咨询:bovey619,深圳前海股道资本投资咨询有限公司,【股道资本】2017.8.18大盘精准分析预判,http://mp.weixin.qq.com/s?src=3&timestamp=1503131874&ver=1&signature=ShRPhbPBEb*LgN6yiIS6*KsluUxCeLKu1CgClPMRY28lnJrbtcHbhwxyY2BWRilLU1nlbL7u-pkBpz4-HqcnTP4yZAOyEGUkEw-bMmmt4BiQGRwj223Xwun5**DMk-MefOlTM3iTFpcOxoHCLstfyiBw27LXkO326ghKVL0T76Q=
青骢资本,http://mp.weixin.qq.com/profile?src=3&timestamp=1503131874&ver=1&signature=gwnkarttscm6xePvddrl-mGsn3EtA77BZWGV94018RdyYWliBE02*KQpUswdDTGpbhg1jm6rUQNGeO5FlCWlSQ==,微信号：qc-capital月发文 2 篇,青骢资本创立于2014年,总部位于上海;一期基金专注于投资以互联网为媒介,以O2O模式经营的消费型初创企业.,上海青骢资产管理有限公司,17Hi获青骢资本数百万天使轮投资,不止做精品酒吧版大众点评,http://mp.weixin.qq.com/s?src=3&timestamp=1503131874&ver=1&signature=NupgVG3tvad2eCd6TSjVnQHYKtx5OYestZ29ijUmDLysp726JhPzeN2OL6t3rW3sDWchr4qe-ZQWBwOdfYOE0yRW1d7McMOlWjsve89A6VL4UoFixPYchDSPTVyLgzIYwT4uXLFzGB8JsbjNC1xk30KO4GCq8qBzcnIlXy-dMII=
同芯资本,http://mp.weixin.qq.com/profile?src=3&timestamp=1503131874&ver=1&signature=KNqpsYlyMqV6tvuZPKm*bxWYt-ZZ7KzpUmxY7S98gWc7E-GEjAim7qa5pCnS04J*G3lOiOTMMBc3sVSVIol21g==,微信号：tongxinvc月发文 9 篇,同芯资本是一家新型创业投资及服务机构,由资深投资人、企业家和连续创业者共同发起创立于2015年.专注于技术创新、内容创新、应用创新等领域的股权投资. 同时提供技术、商业、产品、战略等创业服务,旨在帮助早...,上海同芯投资管理有限公司,内幕交易保代第一人谢风华,重出江湖再被罚丨同芯周刊,http://mp.weixin.qq.com/s?src=3&timestamp=1503131874&ver=1&signature=5Qm9h2Z9oMAC4VWbJh4hdqqKZihhi1Rcq5U6n2L3mYbdnhKL4xh6xx5gHLI3M9QCd0Oxza6RZ3MnCl1OVOOFnQQDs7p-bac0luLwYuIFvkh*h5ZhprNHAjLPPdQbSHU6EDy67wqD6F5pCB3WX-D70OI36YotpT6-8PXGQ3B7*3I=
风云资本CLUB,http://mp.weixin.qq.com/profile?src=3&timestamp=1503131874&ver=1&signature=roohfQTmtnZ9WSs7JMQnsCjaD0QCD7XDbgdFUgokOOgBuSn98xesa1q3XqSCf*sTUMNkQ7KWBM2YPr1RNKriWA==,微信号：FENGYUNCAPITAL月发文 16 篇,风云资本成立于2015年初,由投资界、互联网界及传媒界资深人士高燃、戴科英、侯继勇等发起.风云资本下设风云天使基金和风云成长基金.,北京风云际会投资管理有限公司,新经济浪潮涌来,政府监管准备好了吗?,http://mp.weixin.qq.com/s?src=3&timestamp=1503131874&ver=1&signature=292eME-YbbdnjX-RN7IqesbWCXHVJf8J61kal0CIrkIPPh8GLfjHuNRYlFRFUZcO3Put3hnzkzitj3Si9Bcxbqi8PZSAzSGIxOFr6wR8ckx*ifzCCs6X3SRmb1zqJrz68kEDjDSOGINMswhgl0FFXFPycM*x1fYszn4Wb34P22g=
君创资本,http://mp.weixin.qq.com/profile?src=3&timestamp=1503131874&ver=1&signature=4gdItLP5mecGG-9sKsoNm0b-L1Yzz8ku3TG03YDFjCiGR1aGLWdVOuyvna4uNVy-3ppyzSpDufwHveqFRpI38Q==,微信号：Echo_Capital月发文 10 篇,深圳前海君创基金管理有限公司(简称君创资本),由多位金融机构资深从业人员发起成立,以最专注的态度,最高效的执行力,以及强大的资源整合能力,以大TMT行业为主要投资方向,迅速成为了PE行业的一颗新星.,深圳前海君创基金管理有限公司,互联网医疗行业研究报告2017,http://mp.weixin.qq.com/s?src=3&timestamp=1503131874&ver=1&signature=Nt01nPigHJrq6upQsB2P8LpeGEN84iEclxLhvUxmDCRVHxHGEDPY*rXlX63IEc1hNNcC6c44DybE9qL4IPGnNFMWgg0MgLSl0ezSNofEx0H5QS2p*QJXLAHuHNUzPnlluk1itohxEx2*B4Pxn7Y*nCldKdf528HoLn1vS6sop*o=
成达资本,http://mp.weixin.qq.com/profile?src=3&timestamp=1503131874&ver=1&signature=ihDPVrpCbrzoUr5Gh7Sn*zaXqLcSTuYAZNCFsvnDn6uzb8gSIpIsaFYeUPmiic4CYyiQej-G*89mIXd2NJKwFg==,微信号：cdjjgl月发文 36 篇,秉承“创造价值,成人达己”的理念,成达基金投资涉及教育、环保、地产、文化等多个行业,致力于在资本与企业之间架起一座桥梁,为资本创造一个良好的投资渠道,并获得丰厚回报.,成达基金管理(北京)有限公司,特色小镇的前景与疑问:什么是正确的“突围”姿势?,http://mp.weixin.qq.com/s?src=3&timestamp=1503131874&ver=1&signature=z6KIycctZyFynD6*47G9tT*gqxyFwk19jTBwmQLN56gYLNIluFHqNpXskDVcbY2qGyUwcOyP3uEI9sWkI1SGBlbf5ZNCfhtPH8lRGftxVeBAXvDJP1r-7wP-tG3Im14RFj5DIXXFO4GydEjJn2y2jpKpPUMcpfWktUH1Q0jWr4I=
睿立资本,http://mp.weixin.qq.com/profile?src=3&timestamp=1503131874&ver=1&signature=02iGn5c3lXd5LCfq5KlQiXinpSm*O1ZoCQ0RN1Le7uD6xtSCSbFfhGQn4sGH7-9tP4JxprizLdDoleWUmijRCg==,微信号：Real-Capital月发文 1 篇,中国一流的私人投行,专注于股权投资,企业并购,上市挂牌,融资顾问.帮助中小企业打通资本市场,实现产业与资本的高效对接.,上海睿立股权投资基金管理有限公司,2017年IPO被否43家企业名单:主办核心团队、券商、会所、律所等排...,http://mp.weixin.qq.com/s?src=3&timestamp=1503131874&ver=1&signature=1VsigQgHY0lL3Nfca3FcJZLohVsTYWnKKTED4Tv5AX01-70n*NnI3CJG761jFD4w06rEeV9Plcvdqac9OJZwLCEUhuu4BYRUYecO7gR4NToozYT4LmbgjEzixpaNE8eDwrA9wqTyk*9ivOWsN7a0bg3vCSgBhf9sQ8BLtT8Wl00=
申尊资本,http://mp.weixin.qq.com/profile?src=3&timestamp=1503131874&ver=1&signature=4lTjlUu*AxbJ2cItH*KhccyBj7J0oN-NfzIZihhlCr6JuqBVtYMAlIhmm5Od-UClZGR3jrRt51*eoHAIjuCCzQ==,微信号：shenzunziben月发文 37 篇,申尊资本是一家专注于量化对冲及股票二级市场投资的私募公司,投资对象包括股票、期权、期货、ETF、分级基金、可转债、国债、信用债等,我们将在风险可控的前提下,为客户实现稳定的投资收益!,广州申尊资产管理有限公司,大视野 | 国内四大类金控平台模式分析,http://mp.weixin.qq.com/s?src=3&timestamp=1503131874&ver=1&signature=dPHeW9g-qsWpFD4WGGIEq5Raagisp5dJ77eudjkXWLmzUccwkF5tFpw01I-OI47HKsNqMmMpJdQYN8nAcY3VYeQc2ogMxAUPE3o7YFfoOSvyRI5ZLXk6Ot9r4QHC6zo4OinxtOrogKhddOR4vLn03*RdGbhfZt0Sy7sBPDidNQI=
诚毅资本,http://mp.weixin.qq.com/profile?src=3&timestamp=1503131874&ver=1&signature=B55TW604FS**TteZnSmR9T9ywNh4cJMFsjKrXYBLoHIdJasMqzHkZBAOgmKhM*T7*xEbxrXRdDsxGi4EI4IESQ==,微信号：gh_6fd1cb8c2549月发文 56 篇,诚毅资本致力于成为金融资产配置与投资专家,专注股权投资,定向增发,投资法律规定的证券,期货,债券,现金等业务,为投资者构建最优金融资产投资组合.,福建诚毅资产管理有限公司,投资中善良比聪明更重要,http://mp.weixin.qq.com/s?src=3&timestamp=1503131874&ver=1&signature=CbYsPVL2gyEbDdYwQueNwqI6FNBr9GgnDCBL9m0WCnClR0GL-Lks4OesjBx527Cf1VL16koYJd3FCPffADDmlGTYkWkoRew2FmgYkHJq4Uj-y6hRNy1T2gzmcclnoM3cxKzSyZvG9Cx8r8XCPRSh52zPRLEyEvdch1ZdQxEShHQ=
神骑资本,http://mp.weixin.qq.com/profile?src=3&timestamp=1503131914&ver=1&signature=2*gDirXREn6QEl2T7rBHH6n*w*c5ctj4*p*Ax0koSnh6IGI28Poy6o7-pXdtwO*MYtKFyLnH5Tk5TIczxJ7zmQ==,微信号：SZSQZB,二级市场资本运作、借壳上市、重组并购、定向增发、股权投资、财富管理,深圳神骑资本管理有限公司,啪啪声响彻宇内 还能好好玩耍吗,http://mp.weixin.qq.com/s?src=3&timestamp=1503131914&ver=1&signature=Un2xaDElXx*f4xUXIjwXw3vTqUuFdW0uEK7TnOfP5hciqRXLDkZE09G0ffFfw3TQghHeSwX1c-sfNI*CLX4vrj-RZnnpb4ucp9JyJWiyiCLI0hGYc4-FZ7RI8sgL-b3Mp4tPfv9170H1Ym9mbJ*FtFPUbNuj0UysDL4G5eneTnM=
元润资本,http://mp.weixin.qq.com/profile?src=3&timestamp=1503131914&ver=1&signature=Y3Yvq24l5A0z2q5P5M32JEePmodhvwZ5qKol7SHcyXa*3blaYbZY0rhX8zGXUioispFhzESN68W8NLpmMBgENQ==,微信号：yrzb8888,一元复始,温润而泽.作为国内首家联合国有金融投资机构的投资平台,元润资本致力于成为中国医疗健康产业融资与发展的领军者!,安徽元润投资有限公司,0首付!0利息!0手续费!生孩子、坐月子、产康分期受追捧!,http://mp.weixin.qq.com/s?src=3&timestamp=1503131914&ver=1&signature=jxsKHIV8CM4lymh8QXR4o4cxiBOb-QzsOsmQb6ViXDRxA0RKJpLvnZVY7rY92G14sFkCqWiQPYreGF6-u9DLDbAuMxz3ZvXgDV*28qmRBfBOkk9VKafYG1mJcHxtM1a5U2n5DwO-4PctvoRMnzrNgArjWL2-e6cYP6UChnFe4R4=
华众资本,http://mp.weixin.qq.com/profile?src=3&timestamp=1503131914&ver=1&signature=*i5JNEXrOR2Kc0gzarw1WXdvvoOOg7LHdTtqhmefjsYp9y9rnVo3A2G4u3m0bl0x8lg6OH*7grESOohxYDS*Cg==,微信号：gh_06aa4d6a8f44,山东省华众经科投资管理有限公司(简称:华众资本)隶属山东省经科发展集团,成立于2015年5月,注册资本3000万元,是国有控股的的专业投资管理公司,主要从事以自有资金进行投资、投资管理、咨询及中国证监会许可...,山东省华众经科投资管理有限公司,【天风宏观工作坊】一文读懂宏观审慎评估体系MPA,http://mp.weixin.qq.com/s?src=3&timestamp=1503131914&ver=1&signature=pU-6uty0SaW2On*21-bqEQoY429ycOLw5ZKNZwQxe1U0VTvv7fNOSuDXfTa-6fiV9nLAazqCBFe8lbsgnUQ7KpbkQaWto2IFAN9xAtZaBROGkZYoY7mUBvmZgMYPqknJVd*kS5vmaXpeebeSnQB9sH21izBwDwmtbQbglATFGt0=
飞维资本,http://mp.weixin.qq.com/profile?src=3&timestamp=1503131914&ver=1&signature=ACzDieg0scWe4TtPzy11Agj0ODWbq4GZk*jDXLZ0letI813Cb0*QacNdExTsjwWl7ZhI3y8mLkro92P-RkSotg==,微信号：fairwincapital,覆盖股权投资基金、基础设施建设基金、房地产基金、证券基金等管理等,上海飞维投资有限公司,教大家认识股权和股票的区别,http://mp.weixin.qq.com/s?src=3&timestamp=1503131914&ver=1&signature=ZJ1NbqcsSXmyfaHdr2fkXZ5Uqtx0OrKvPCHHcNhY2to0uJzPd1Ket2BRnFFRuqf6vtGobNnxX0oXql9OBRtXnzaTeHMD75V2LcY1LcbWjTl0H69op8D2DZkkg-z9-2anggZrpHObNZbilM6KP8uEraCXUdV*7-VLMmVjJ*vjz2k=
原时资本,http://mp.weixin.qq.com/profile?src=3&timestamp=1503131914&ver=1&signature=02oCv8dwzdPE4Hv4E26jTSbocE8ujRlt6zM*EsYaU2liDyk57NThV-C0AY56S49X1KtzdOtpLnhWIc*2KtWBDw==,微信号：propertimecapital,北京原时资本投资有限公司(原时资本:PROPERTIME),定位为面向未来,致力于科技进步和新经济发展的另类金融机构,将围绕“为新科技、新产业、产业升级提供多元化资本支持”的核心价值进行多元化投资,提供投...,北京原时资本投资有限公司,,
凤凰资本,http://mp.weixin.qq.com/profile?src=3&timestamp=1503131914&ver=1&signature=Frr370UZqum5SwS*7-ff6ks58*72DilW8ZuyW-3CqFzfrodhz7-oXD6gxp6NKgAzrm6XPMxWoWJuKsv5eKFmiQ==,微信号：Phoenix-capital月发文 66 篇,凤凰资本phoenix-capital 通过联合北京交易所、信托、银行、证券等金融单位,主要经营财富规划、众筹、私募基金等业务.公司主要面向小微企业、创业创新者、合格投资人等,提供全面的、可持续的、有效的指尖上的普惠...,青岛凤凰资本有限公司,【暖心】这个世界上,总有人偷偷爱着你,http://mp.weixin.qq.com/s?src=3&timestamp=1503131914&ver=1&signature=9*L5Vw4Tqi0XwJ4pTQ*Jy8jVazHVVVa5uxRXTDYbVspq49CpspaRsmdnHPLNd0RtJgksCV8GvI8eXD6klsXDYVICGRna93c-yczTFl5gTn1ivSmItXBKDSc*JL6Gf61A10uPftGAYpipedLb1MfRZpCUir5Aboj1LMWxIgo2RUQ=
以太资本,http://mp.weixin.qq.com/profile?src=3&timestamp=1503131914&ver=1&signature=e0Wlt5owYbCv90nMdy*suo5jWels0-qooPTPGOA8YYGBQqqfP0EjwcpO7cbsp9it3d2r9rNGLZN*xG2r-tKSmQ==,微信号：xuetang2014月发文 46 篇,以太,全程陪伴的融资专家,专注为早期创业公司提供从商业故事梳理到资金入账的一站式、全流程融资服务.最专业贴心融资服务,最实用创业方法论,最前沿行业观点,最靠谱基金资源,尽在以太.,艾普拉斯投资顾问(北京)有限公司,,
天鹰资本,http://mp.weixin.qq.com/profile?src=3&timestamp=1503131914&ver=1&signature=NVK7CXZy3bRTkTpxqvzQvKnd2vgT32Vwo4YFdC1DhAnbHS7GrA8mCfPBmfcmXtloqEjDMMb4*CtPea2LK*wIqw==,微信号：tianyingziben月发文 4 篇,天鹰资本(Ying Capital)创立于2012年,专注于早期、成长期和成熟期的投资机构,重点关注技术创新(人工智能、大数据、云计算等)、企业服务、文化娱乐、工业4.0(智能制造)等领域.,天鹰合赢(北京)投资管理有限公司,“快用科技”获数千万Pre A轮融资,天鹰资本领投 | 天鹰新闻,http://mp.weixin.qq.com/s?src=3&timestamp=1503131914&ver=1&signature=MlunVvX0Vz*i3*9slk8DNOVeyb430I6tEiDAx1GEtjuHsWbEVi0rGJEcjsdw3Rf2bsnF*bCZy0Ac9i347xGxJToVh4U3slEsx9J3DWUExgOLLFFM-sOrHKZohqwfKQIy-qAXeTZRbi8QTlDhb3FmEkCRgqeOp76VzpRhF4y9vcU=
呼啸资本,http://mp.weixin.qq.com/profile?src=3&timestamp=1503131914&ver=1&signature=uGgaUNWCmAQsxPJt3CgKsqTaYP1iFhWdoJoqTQ-3lEiLjrXcrSEXYeK2LiGNSBhzZgZiE*Bj7HiAlXiFCrMFAw==,微信号：HedgeFundOnline,公司宣传、信息服务,深圳前海呼啸资本管理有限公司,呼啸财经视点,http://mp.weixin.qq.com/s?src=3&timestamp=1503131914&ver=1&signature=ywfBvzfxwgrJHzWvRcHgKIv-1i7zlNtIO2QAbEgfPVAtT0oLrveRPkzqbTTNzfBtuI6Os3WPXsuxtvRO*HMXH2H-fsRBtUovDOGxUbIiZSiQtvDKL*2ZQCuYF-n3Pn3E5Dw94*T1uLllqGWHSJG7UeDkbpoOf45JnXNRTt-5QgI=
新板资本,http://mp.weixin.qq.com/profile?src=3&timestamp=1503131914&ver=1&signature=fR8iCCylrSLUN4bmmeZ87BVOIUzsG00w0pgMPu6IMmjTh3E*MIKV0jHMahUgt9dxUw-MmzfZyfewx*Tl2BlH5g==,微信号：gh_5643378e5a62,助力创新,实现梦想.新版投资,一站直达.,北京新板资本投资控股有限公司,新板资本与未名商学院签订战略合作协议,http://mp.weixin.qq.com/s?src=3&timestamp=1503131914&ver=1&signature=9Hsl2AG2bvlU9An6KO5ouNWcgKGGRduUsgDYG4fQUOpQxSr5xZ1G2Bt9UhC3rEWNVTM9cFP-W7-Yjh0b2*OOD5OIzFkEDFuQwtKmRfH2-LoUjlvveYtXCV*skeYjXsujL8dCsQydi-we*8n-givvQtKT-wlvxDT8B0jtN2BNlbk=
昭隆资本,http://mp.weixin.qq.com/profile?src=3&timestamp=1503131947&ver=1&signature=Jwi-ZpKSp2bq2L0icrUfecIuKhcSpPZDOhG1B3G4weQ72vFl41HEqZJS27ak3EwI0nJ0Bu8*sY5mtjN-2NUVlA==,微信号：gh_183f8838c2f8,昭隆资本是一家专业性创业投资管理公司,主营业务:新三板私募股权基金、海外资产配置、海外上市并购.,上海昭隆投资管理有限公司,癌症最怕的6种碱性食物, 每天坚持吃一点, 和癌症说再见,http://mp.weixin.qq.com/s?src=3&timestamp=1503131947&ver=1&signature=O0dnqO5qP5NVrqVxAXNrHtJGI8pgYuyzvRbUoq3U9BrV8i8LBPAA0ZomZE-W-3dv5yvoHlvK*bA2uzD*6ZTFfkaNR4pJ7oc5*uBJHJT*5u7Ub6BBM*B7lAYmJo9ubtCsvx2LCY0Z5ErgicNGS*XO8aeDKRc6QZMQJTTCo0D4E5s=
慈航资本,http://mp.weixin.qq.com/profile?src=3&timestamp=1503131947&ver=1&signature=xyb0fHXaD5ZrjoZmT9**PO4ynol92Y-0Hor4WTDb2Y3qxVjaFKIO47y1ZgRwx*hAc2C9t*d6ZQ9Fyu2pNg8uyQ==,微信号：cihang_capital,慈航资本是中国私人财富管理的高端综合金融服务机构,是集成“全球资产配置、家庭财产保护、家族规划传承”为一体的综合性、解决方案的财富管理机构.,慈航浩心资本管理(北京)有限公司,激荡十年,中国富豪变迁史!,http://mp.weixin.qq.com/s?src=3&timestamp=1503131947&ver=1&signature=fGvYBllHltv5kQQhf2Skcrdg0Sl0tezfi-PtTOOEsuc8ExNerbqxnZ4KjeVEy9thfSuZobhrHY0hDhs2wemcQCpp5MhTtLzLeMlPd8B544Eytba4t4BJxjF4Wlc65*JsBq2jTvkgwb8jANv4Go7MtLB*FGHu4kmbSMxd7js7Rcs=
鼎亚资本,http://mp.weixin.qq.com/profile?src=3&timestamp=1503131947&ver=1&signature=VgiolSmz9WAS-JhYTuyk8DwbDsQtWiH0EkgUYg8JKiZOH7w6o-rljHy*i1pxgMlyv9zCMS4J0TZpFurSNkXIEg==,微信号：whdytz,鼎亚控股集团是一家全国知名的综合性一体化现代金融服务连锁机构,分公司遍布全国各地,注册资本1000万元,拥有证券投资基金业协会颁发私募基金牌照.业务主要涵盖:中小企业挂牌上市、原始股权投资、二级市场定增...,威海鼎亚投资有限公司,新三板500万投资门槛:跨过去是门,跨不过去就是槛,http://mp.weixin.qq.com/s?src=3&timestamp=1503131947&ver=1&signature=pEWw7QpRTzn6TWp27OJNnuCGH3YfyIu-YwMx729ahCQdeYujmqV6xR3vMjArCYZkwpzfiLDG67KH0aytFEKxjt828qYgDGYKH99ygcf31W3zTcc-zcqJ84xYgHYdT0-FQQINJ3vxg1S2b2RethisXafXbs10bzRMOw1ZP0BrmVk=
九沐资本,http://mp.weixin.qq.com/profile?src=3&timestamp=1503131947&ver=1&signature=7JHuahdsRML5*WCrtFwBevkyWDP7rgy0W2yOBWchEHtB64kpINqMjraSGvm0xQl5DDk0-tBrvQh0O1p3dapgGA==,微信号：bj_jiumuziben,国内首屈一指的资产管理、财务顾问、企业管理与咨询的金融机构,主要为各级政府、企业、投资机构、个人投资者或已实现财务自由的人士提供专业定制,提供一站式的投融资管理和财务顾问服务,整合资源解决企业上下游...,北京九沐资本管理有限公司,九沐:数字的模糊性与突破,http://mp.weixin.qq.com/s?src=3&timestamp=1503131947&ver=1&signature=Ur*Q5RvxY7cIh*KACnyXBjEOuFFKaEsqJOAPg5cWwW5aXvZnX2CVo-w3hlzLCWTVrNdz77exikaTVIC8JI-ry0tJHqjK8dYY-pqRA1z8IpllvY0WvlQQSAI15WpkgK3IrD3C7y0qbo0LI2XVVcs4lfCSs*wZePgkZfDGAut8yGM=
盛门资本,http://mp.weixin.qq.com/profile?src=3&timestamp=1503131947&ver=1&signature=iv7lUTojcZONzoPM*WkIoCVYit90x4MrWdcqtIsWDcpsgDtyeUYjq9tzUvUYG07tC5NMH39g2KizsyI1N4WzfA==,微信号：gdsumo,盛门资本(sumocapital)唯一官方认证公众平台. 盛门资本是一家专注于资本市场的金融服务公司,汇集中国大陆、香港、新加坡、瑞士、德国、台湾等多地优质金融资源,在私募股权投资、投资银行、资产及财富管理等领...,广东盛门资本管理有限公司,为什么犹太家庭教育出的孩子不是精英就是富豪?,http://mp.weixin.qq.com/s?src=3&timestamp=1503131947&ver=1&signature=q-z3h2s6jQVLZeltzcrk2uk-55OYVR3dORr1IiJmwGcTUVna8z9p3fP5pcAmy8GphA62-GhvgynSyM51BzVMAQr91RhPoks20Y9gCGoh1FijMvOuV2gnIieh3F53xFE-4rV9Ho6KDa0gB5XeEJVlDGPtMxiGLJFZTXXjB31N34M=
前海小康资本,http://mp.weixin.qq.com/profile?src=3&timestamp=1503131947&ver=1&signature=0ejHEwt*k0upU40yZecTvW90eWGgn2rRJIidIEiAwNWkzy0wiYA5HNSLxvgnLTgW1fp2LGoPP6UjKMVgzO6FVQ==,微信号：qhxkzb,小康资本,在您心中,伴您生活,深圳前海小康资本管理有限公司,职业引导,赢在起点——小康汇泉新人培训简讯,http://mp.weixin.qq.com/s?src=3&timestamp=1503131947&ver=1&signature=1bzgwTrUIwL7tbNzXeJZb4PYfRK2R-M5ovCHTfmXtpSch3bdneft7TqotxKJhhxBqUbeM4C5CpDqwaf2VmrYcGVfsSDrHwZRjtmi*mEP9QzZn7IyQd0H2Fp9nnRpUj2Bxq07zXJakhtJhUsFwZPrYKe4Buw5sSjoSxO3qLno6YA=
资本内参,http://mp.weixin.qq.com/profile?src=3&timestamp=1503131947&ver=1&signature=ZwnqdSAspwnMraskJrMx0GQPDNeOUzVscSLDW8pmZEmcjv8ifv*Cpe37I-bM1gMZZ4hPI*QdgtG0UYKdsmvTUw==,微信号：Hlz-feng,资本内参:传播金融投资智慧,树立投资服务典范!为广大投资者提供外汇实时资讯,深度挖掘外汇市场新闻和行业信息,帮助投资者更准确的把握市场动态,洞察全球外汇行业发展趋势.,,少和这种人在一起,不管你是谁,http://mp.weixin.qq.com/s?src=3&timestamp=1503131947&ver=1&signature=xvlqOtziVRSPhSRdgE5bS4p*D05eA*pHf*doAORwAI3bFpa6v8IdmWQOOw33IBN0ldq-7aev92M0zjYKJzimBLPUpUi4nPiKR1Q-eC0qJ0sea0WsaLmCPayPdBfp6yFPSb7quA83iXmIFBleHkgoVQjs5Zm6ws8tRPSt5NM3R8M=
资本笔记,http://mp.weixin.qq.com/profile?src=3&timestamp=1503131947&ver=1&signature=amJEWRr8XRGC1SBNY-Mp5YhLG*hIhIjdhaJgIApQhKt-X1dX4umXssCS3yHNufybv*73L5iee6HwnMdPQumXDA==,微信号：zbbj888,一帮资深财经圈人诚意推出:专注于有价值、有趣味、有情怀的财经新闻.,,很多红酒都是假的,教你一招搞定真假红酒,http://mp.weixin.qq.com/s?src=3&timestamp=1503131947&ver=1&signature=GPs6yjdLSqLRr3CcY5Dv3qZWZxaRffuO0FPknJr42vrMz73gaa7l*B44J93FHmMHlCHD1AGTb65O0vFnYa0z8yupf8VFJv0DcI19-FxOM4N5EOPZ8WVON4uzFNruAGiwwHCxlk08u7qyGVNsaUfuqBrhJl6ku6Qi0B9u6qOgBRU=
资本蓝图,http://mp.weixin.qq.com/profile?src=3&timestamp=1503131947&ver=1&signature=TZBp*CBoazK6No6CnmEcKmjQZtkeydSW6XBMF*sloeC3-CcX0Fw52IfYvHVBSGZd9BgSXIhfcU-KDa4K6lps-Q==,微信号：zblt-1,教会企业如何通过资本运营把企业做大做强,真正的解放老板,成就员工梦想的平台,为中国经济加速,愿祖国成为世界第一强国!,,中国教授一语直击印度要害,原来印度这么恐惧中国,http://mp.weixin.qq.com/s?src=3&timestamp=1503131947&ver=1&signature=p0uWwDf-LtpxUKQxsKpWG0GpI08d56xcr850XvPCU7xkHw673LY3UHtH9SsisHt5ATdMTbmek0ULiV3QlBQsYi17SRzLx50AYpbSRzErCLqNxbMnL4f4FePP73IP4XGhzXX1H25vVoTCrF47CK7ZsHmu9XDp7cFJEnybANN-rUQ=
资本逻辑学,http://mp.weixin.qq.com/profile?src=3&timestamp=1503131947&ver=1&signature=DXyl2u*zZvU5X8GV7G8MjFqvFJdh2n8BoZAGfsXdV1nTA35smDJ9P0llUOGQKLSzHivt6F20O6OfhFtWI7X7nw==,微信号：Dz_capital,一眼洞悉主力成本,底牌动作了如指掌,未来走势运筹帷幄,“资本逻辑”决胜股海.,,【8.18涨停大宝剑】:混改持续酝酿,主线或将明朗!,http://mp.weixin.qq.com/s?src=3&timestamp=1503131947&ver=1&signature=ivjpdBBM2pVrTJxwutS9i0rbY14EXXZBQ61LyT4LgpRv1UD*bc7-0KRFCd0Dz1eGdyHcr3aMrmmppmPkZTu0YTHXG0zFkKwd9hhB*Hs9GqlH-09Gzcykewa94HrnyPxYn-lfFLxxfAUIhIOHGi9kDPyXPiNpSTXIFh76h6ozJDU=
摩天资本,http://mp.weixin.qq.com/profile?src=3&timestamp=1503131979&ver=1&signature=QwryDWxklQ83N1Rxpynq6E5XTnKPvJfXjOptZFkLo9CC-NW288QphpQEJX4hGXmTtnkKXm34K-P7Feq9SBvtCA==,微信号：MTZB400月发文 13 篇,每日分享全球最顶级商业智慧,助力中国企业成就梦想,问鼎世界商业之巅!关注【摩天资本】能帮助您企业解决股权融资、行业转型升级、上市辅导、企业运营各阶段辅导落地.经过几年的快速发展,已成为中小企业领先品...,,重磅新闻!中国90%企业将倒闭,一场破坏式的连锁反应就在眼前,http://mp.weixin.qq.com/s?src=3&timestamp=1503131979&ver=1&signature=EjwxYIZWcz1DrLtVavJMzxxV1zXeP7zDBm6y8KNhge-59oQetEfI7sXG79SiOXu4KB1CbWhwxqhEb12-wsV4FfhlRtoJfbRAx*JgPnMkGzI0ZyJ2wTlsnJueFpXflimfZznSnaVR6YCdrdjkkN*uMVQn3XkfNaDubAIVkDp3wZM=
资本发现,http://mp.weixin.qq.com/profile?src=3&timestamp=1503131979&ver=1&signature=NKQ-nnFPbkiN8c24x89yMB0ZXe7-Cf85VfdUmwFSqT82RSNs6TwoXH1N87rFWXKB7DHDUXw5nDsr2OLh*Uk0AA==,微信号：zbfx715月发文 93 篇,每天分享国内最前端金融资讯、普及最新鲜主流时局、洞察现在与未来.,,刚刚,重要文件下发!楼市＂多米诺骨牌＂或将被推倒...,http://mp.weixin.qq.com/s?src=3&timestamp=1503131979&ver=1&signature=J0YR-5JlnSCkKGq4Cl-kuNOGBmkMOuTIp99ChT-3Twhmz6DSlF50EJFqM8AGIRWKB7NFLKi*qU-FWRAqI6eNH4*2UjPBwsQ-Khvxrqje8bFKfExHPHIUsnd-eXdF0gvUM9fVToVsDXcVHzBOET-rYCZhtudS*fVGEdcHFto*m5U=
好奇资本,http://mp.weixin.qq.com/profile?src=3&timestamp=1503131979&ver=1&signature=6cGDffQSc2eEQ4fCJbNo6GVYQMNU7RUUr-BGC4WHNw*PdAVsH8LV*rMTnkCO*n3UWEW-XXc1GzBNyBFAtDdVsw==,微信号：CuriousCapital月发文 192 篇,上海好奇资本投资管理有限公司(APEC高层论坛2016,世界互联网大会,中国风险投资论坛,上海浙江商会,浙商总会,中国高层发展论坛,中国中小企业全球发展论坛,中国浙江投资峰会,中国中东欧商合会...)投资贸易...,,三十几岁,职场黄金年龄,你该有的(深度好文),http://mp.weixin.qq.com/s?src=3&timestamp=1503131979&ver=1&signature=ufPisLXNUNhckgBvDfdwwQHxNe0524l1u3lddPKZ5lZkOzUix-YmW2lExJiOS8kwvGULD6DoBQwNC-XgyBMde1BOwmbGPhLLvUMnUJIK-sPPJM4KJbZ2Frlnd63naNca10lymUa4YOMzrPcsQechDRRMeH5KfRip9bGyeR1Qfnk=
资本联盟,http://mp.weixin.qq.com/profile?src=3&timestamp=1503131979&ver=1&signature=DZgzNY3nBgMUXfjuiey5UOldUbcc0OAQIoLsRq5zRpPwxi992Vx5SqNKmql4dDOfozCEPxPfG3YFzVLNSNSx6Q==,微信号：gh_5ca968a1aa50月发文 190 篇,为什么要关注【资本联盟】? 1、学到精华上市知识,教你对接资本市场 2、找到实战上市高手,帮你迅速挂牌上市 3、每天分享实时资讯,国内外最新动态,商业,经济消息 4、传播正能量,分享智慧,弘扬积极的人生观、价...,,精神层次越高的人越善良,http://mp.weixin.qq.com/s?src=3&timestamp=1503131979&ver=1&signature=LfkQ*fnx2-T2Dt5Gocccbg7AW-6KIusLLChtd7-08Ud6vRynqDZE3RdZM8*TzmLk6DwgbnTtFw3CvjrAvKy6vuv8CEiFRRKo8p5iIM7GA1ehEhObDKaYj52xsO3OgXqUkkaIw*OkZ5fEFbKOaxpSHhBMyeFaq1lWwf3AgV8c2BM=
安澜资本,http://mp.weixin.qq.com/profile?src=3&timestamp=1503131979&ver=1&signature=zd8T-k53l6DerqEFZZsMUJVsuq0do1cqqNJplTE6Q6h0aPskx8MyZEieIzIY2A2NuxX53zaIa7LPKiYSGktc3g==,微信号：qzh60866月发文 37 篇,企業家智慧聚集地,接地氣、夠實在、真分享!關注企業家想什麼、做什麼、看什麼.,,重磅新闻!176000家!不达标工厂9月底全关停!新一轮涨价潮已开启!,http://mp.weixin.qq.com/s?src=3&timestamp=1503131979&ver=1&signature=zG6xKVviJB-M4N*PxuV9qoIlvPpjmgKhmiINVvzQHHzFRYVShnl8mDIc*Gndl46irASUrlLkZm*nktJh9y6-IvRVlaK8BlLUttuQb6GSJjnkXdojkkA4Ck444OGwehpCdFYcYGXV*2HiOBT*HduWYQyTIUpi9p-BEsHgCn4kdFM=
恒丰资本研究院,http://mp.weixin.qq.com/profile?src=3&timestamp=1503131979&ver=1&signature=YOuJUi14TQ46WJn6Y2lAU3s6f3ceLbOuAOYOQ3Ay6ZwqytAcTvmwzxgOMgWVSCIt9GdpqW3jcn4bn5dt4qjr1g==,微信号：hfhqgc月发文 110 篇,本公众平台是全球500强企业家、政府、金融机构的必读平台.本平台以全球视角,实时输出最新的全球政经动态、产业动态等高端资讯.为商界、政界、学界、金融界等各级社会精英提供每日必需的高品质研究、资讯、论坛...,,朝鲜用中国援助都做了些什么?,http://mp.weixin.qq.com/s?src=3&timestamp=1503131979&ver=1&signature=loJ0-yUfLP1usF42lbWUapGO*Km1N-EihUjO6Y-XDybNvWQsL2Y7aW4NskmJqohzrwItoUcixnufzPw16kINAk3s1Z2an5ucBh5BUo9nIFMTSCiBhfw3X1W8vNUSKc9I*FRoAkvPM*UyHek604DxE798fojLDGVO--2vEpa0tZE=
將帥资本,http://mp.weixin.qq.com/profile?src=3&timestamp=1503131979&ver=1&signature=KRVWxac*drHVnTXgFm-MWuOf7z-GetfuzAX14sT*oH0q5MUsmVmOIarDs-Ikxi104tdz1VI01413lshkp2mjTg==,微信号：gh_191cce147971月发文 134 篇,提供金融市场最客观,准确,最新的资讯分享和观点,解放老板,成就员工.,,共享经济成为下一个P2P?,http://mp.weixin.qq.com/s?src=3&timestamp=1503131979&ver=1&signature=kB1TRuIcrtq8W9awDN3TujOVoea2F8PiBuCFmUS1sSxlRwRlOW8awuQ9ewi752LkfH5EfBzOgSd9bQxlLPdg9Y3xSRvGHmqBbr0z5P8gzXYSZ5wIHeRBODpAyHaZFTaxi3fcNTzqL*lRAznQ8megAlLj8YoWwGDNMuqoKIBPpJc=
资本博弈论,http://mp.weixin.qq.com/profile?src=3&timestamp=1503131979&ver=1&signature=9bVAZLUehVswnitmMoEHmExkxLBweDMZpVdHa3juHAyzC6JmBv6QjCaLYKwNVHqFq2JYxtLXNM3s5i6ux54saA==,微信号：gh_5d5e73a0010d月发文 63 篇,企业的核心是什么,如何定制企业战略,如何通过资本四两拨千斤,以柔克刚,如何通过股权众筹资本运作来改变企业的命运,关注我,影响你!,,我是一名销售,我一个月的收入顶你一年的收入,超励志,http://mp.weixin.qq.com/s?src=3&timestamp=1503131979&ver=1&signature=vnPBvNZM1y9eZ4GMdTWw5bVdAQiBWPUfy0ta6pYAuewRFWR-eeLpBiJi34-aEM7lrVXvD6dPNR*XyvFn7YvK4NEzbxTawOfbNbzWPLN4rU0hU8dz-V7RWCsv*GBaqBzEtqOoMseGcVSGi6TnMWZrAa3UAeI6GW3mS-BgkPLjuE4=
资本战略,http://mp.weixin.qq.com/profile?src=3&timestamp=1503131979&ver=1&signature=FHRGPvMNA1ouSqxyE9Ejd-mK83La0CmQQR8crp7oO6qXF59V9JE0TTWeo-NFfT-m6RbWxBQ2J7OVLmoWP**jOQ==,微信号：TP2454556455月发文 11 篇,致力于中小企业投资,融资,上市,资本运作,商业模式梳理.突破传统企业瓶颈,转型,升级.,,西游记团队中需要裁掉一个人,你会裁掉谁?(答案令人深思...),http://mp.weixin.qq.com/s?src=3&timestamp=1503131979&ver=1&signature=RLJnm1na2cTrEeBs4GSZEOgK2OrnczPkIjmK*T3xvHpOt2WVr9jADtFnK1iNQHJ*2CyB5kFGbz4*czGUtLEOgxI*DqgDdAUttIzR2UU4kvWNiqHV5vfeNGWvlRnqIbUpsrJF01V6wDL4NnkyE1FblkMgMwEwHxOWPDRilU5IUX8=
资本教父,http://mp.weixin.qq.com/profile?src=3&timestamp=1503131979&ver=1&signature=1oVpTc1wpcJGoOlNCJ5O9KDjuQvCRlMyeTRZbxFPo7QkIGYhvtCoQEir6Ws7CwLlAaaBOJmZeApJM030gZAEYA==,微信号：gh_b21b9ec3ba47月发文 82 篇,用资本的思维帮你解决资金、技术、人才等问题,,刚刚,欧洲宣布用人民币替代了美元!全球轰动!!!,http://mp.weixin.qq.com/s?src=3&timestamp=1503131979&ver=1&signature=8I6Uuihs7bgWcRdNS9SSQMX7H7V-cni59rvNE3Rf0RvuZC4LYbJ2VB2M14WnWvVIbWjwoeBuWTureoDPTQ139Z28eweu5VZk7MfAhrSijvkDxJmoHyF6CC789GRVBBmpbZlmwRaTl5PaGckpBQbikp9AcDLuIO6u*7W81gtzwqU=
迪泸资本,http://mp.weixin.qq.com/profile?src=3&timestamp=1503132012&ver=1&signature=Xyf25O6iw-tY*dW0H4egGq4EnDk-qktbBamMKRt*7vy6XyV81qlu8BNjJvHoFR3y9mYpiP*j95vJZnTBilz3Mg==,微信号：Diluziben月发文 22 篇,旨在与公众分享迪泸资本最新的产品信息和研究发现,发布企业信息.,,迪泸分享 |   推出首款Mento机器人,子歌能否在儿童教育机器人领域走...,http://mp.weixin.qq.com/s?src=3&timestamp=1503132012&ver=1&signature=PidDLJBdM4U1IYUkxvGD1TerrMMpwYzgmm8a5HHVpV979Lp4TIUlYdiACjWjCVMwZFqEIX-hq1OOOBJPlI3tpD1x8j6FbTRuyi71wbhmY1Y12XOv*Xtx8VmcqeYca-b89xS*9IIg2HayzAHMXMjtIKEYNarjrCyut5gfLAUNUyE=
中小企业资本俱乐部,http://mp.weixin.qq.com/profile?src=3&timestamp=1503132012&ver=1&signature=FzIDfTJdGWv77*QMHVHbtp1AHFC6MD3MZfoqVRJahraG4yhZFkJRtnhYFzWPAqfJcbicjY-xO-wIWWkXPOmZNw==,微信号：gh_520baf85f657月发文 104 篇,《中小企业资本俱乐部》旨在收罗各类有价值的资讯和消息,专注于商业、科技互联网领域的相关新闻,关注各类学术知识,定期发送知识理论,学术研究,人文观点,励志打造看百个公众号,不如读一篇《中小企业资本俱乐...,,为什么很多有钱人的妻子不漂亮?,http://mp.weixin.qq.com/s?src=3&timestamp=1503132012&ver=1&signature=NAefHEspuU780urg7QLUUB2MXKOocURTah37kN-STA9xUHiNUXbkY6-ALkjwwrv22LbKImS4b-ciXs6hTdwg29atnW0KskEPV6VWvcC10hzMl*UGflASRqXneMGdMb1iIQ42lZlZT1djtix*IJIGXjryj37bqZ4usAILSv3KlUI=
善利资本,http://mp.weixin.qq.com/profile?src=3&timestamp=1503132012&ver=1&signature=1TFAyd8YyzgbmH*ksF8nYxPRbjvwH-wKLPlUPx*YO1hY4VN*dahSMocqiY4QA7xxF8ybppEhvqUQ3*vkbh9i-g==,微信号：SanlyCapital月发文 78 篇,人善,则利聚,,荐读丨公司不养闲人,混日子伤害的终究是自己!,http://mp.weixin.qq.com/s?src=3&timestamp=1503132012&ver=1&signature=vHyvNwbdYBkjzJM9ueE-Kj78EpWw1YNJFCmrgAu-FdAMWbzFpbO-ZjkCHXYxNAz-odNK6*jAbwznfhZIz4I1JYnnBs1FuDLdq3XfCu*nvy98LqGd1s6GN2Yn4wUXhVnAKP2uUKHaw4BCnoXKoPgvT9PrmGbCfywuCqAUOy3jtx8=
资本走天下,http://mp.weixin.qq.com/profile?src=3&timestamp=1503132012&ver=1&signature=4uA-RshZyMh3xo5zN2nubz35ArKPSkyfjN5aTHr6h9d26FA*q4Wi52DmR0evQK2IPhuZs8gbPjgSumuQ1xvKXg==,微信号：Linaqianxinian620月发文 39 篇,专注企业投融资,项目PK,上市辅导,风投对接.,,刚刚,印度先出手!另一大国也喊话中国:周一见!,http://mp.weixin.qq.com/s?src=3&timestamp=1503132012&ver=1&signature=6NOZHUcq7FKx7x4BfmbgID8toU*cmba2NkRsmAXKBEPwKBbRVD7zcA0ReG9jlRkWjLeUtVq7vAV6sbKDrkIMmydr5LqvDfASSkzfebwL3-IV7kdf3uJR7bzgaaoiwXiSU5MEeX270tIp0rCcN-*CLZ-EpdkQtzfJqqTu3QLgYu8=
资本演说,http://mp.weixin.qq.com/profile?src=3&timestamp=1503132012&ver=1&signature=zM4RGSFrE2TdKKe8is1pVadrKeKSsweNfpcUuKAMabdGcihJvaD2Vd1vEna9UaPnl7vCCxMSMX-KEcWFUjAeXw==,微信号：gh_de2eb5947ef4月发文 93 篇,提供从融资到改制、充足、规范、辅导、上市、发型的整体资讯培训和解决方案.帮助中小企业转型升级.,,员工没有业绩就是在剥削企业!!不要找借口,是金子请你发光!(经...,http://mp.weixin.qq.com/s?src=3&timestamp=1503132012&ver=1&signature=5sjh1EV781sbuP*w8hxFUGrN8Of-fhN9fSia2NIsTjQYryM1TB*ISjIusdLzeHwVPneeySaz9u7gzaGnXT45eKO-tdahB3T6Mwm4Xj7LFYuhBpKkqKAKlcBSslwPgC0VkSj0w4SfwIIwvVsBgmpogdnee8c84r2kdNlRs5IuZ4g=
华易资本,http://mp.weixin.qq.com/profile?src=3&timestamp=1503132012&ver=1&signature=t747Q*iBM4raiIL2bKcXfZIcyarrB9uMDjK4xQxhCapuQqsMmOEwGA6LfnpEJIQZsgY1bEsSNi0qmkJDGI*J6w==,微信号：HYZB-26209月发文 216 篇,资本de力量 ...,,红罐是王老吉还是加多宝?最高法判了,http://mp.weixin.qq.com/s?src=3&timestamp=1503132012&ver=1&signature=rnc89c9F3gB2m4fSYbyIcIaCA8EU-hNSHeG8yY0HnRbXSYOgXbt94ZHs*IFklWiXkUOw6SAHxB6s-oU8wlqLRUUgKDyc0*ZlBSG06qz8Mv0o40H4DlQCd*ya5EcOhKr4LCkhtVnD5loB3dSsi4QXxtiVrZhfFLiE4Ux3RmBfpwA=
资本谋略之商海经,http://mp.weixin.qq.com/profile?src=3&timestamp=1503132012&ver=1&signature=HT5dnCBftiBXP10xJM3kvEoJIMauMM0ykyKa2reI7fOhRcZ4Rwr0RYh9Fijgr*7J6aFfFcye3hAUgQRbPygnlQ==,微信号：yxq19890312月发文 120 篇,《资本谋略之商海经》——本平台将每天为中小企业老板推送关于团队管理、营销策略、股权组织架构、企业案例分析、实时新闻、正能量等最新智慧文章精选!专为企业家私人订制!欢迎关注推荐~,,吴京的震撼演讲,献给所有倒下的人!,http://mp.weixin.qq.com/s?src=3&timestamp=1503132012&ver=1&signature=szLdl*II7xNzi8PpQwNcDVB9g7SkqTpLKA*1StHxTqf8xxK7z*wOeIl8xszBAottwuQub9KcXzbkv2RS2K9RycxV1VbRZUFzcSc3eEeYyQzvgHKLvDtKl60B4vnFyeFfAGy*zUutysXnLZnN9baiDIT5k-QkRb4khHcI-cNeltE=
和智资本,http://mp.weixin.qq.com/profile?src=3&timestamp=1503132012&ver=1&signature=QykldAPFOVvbiD-pHTPpmoCWMAPyNcXl5kef-gNDakQHUCL1sk3KwJm1GK1YvZh*gs5BeFVS9P6Vknw9Ayz2mw==,微信号：hezhicapital月发文 67 篇,和智金融控股集团:一家集投研、投资及投行能力的复合型创新金融平台.本公众号将定期推送行研分析、投资动态、和智新闻等.,,乐视网任命九高管,欲改名改logo,只为“去贾跃亭化”,http://mp.weixin.qq.com/s?src=3&timestamp=1503132012&ver=1&signature=UETJWCgvewn1s2HpA1RpF7T*zy1rhjyBHhXiRKEcjPsoBRo3lQJldvuinV5nkXnlapgk8kLY9YHMRVBEYrfZJGhfGEYrcYlj5AxgsL7CT5zmYEicZSl5W50f8oFrcLx2oycgc3M1e-vzAVlPq6pH1u2lTLrGdiLR1H-lCiQSChE=
资本谋略平台,http://mp.weixin.qq.com/profile?src=3&timestamp=1503132012&ver=1&signature=dHR03mHHmnJGe5oKauVENkVss0TARYUiHfxm6tv3MPwWLLM9pDotZlFLpRwTAqjIuha9j*XylHqVi5OYp9bAJQ==,微信号：lv871549224月发文 24 篇,当今社会,无论学什么,有两个必须懂,一个是互联网,一个是金融.不懂互联网,就是新时代文盲,不懂金融,这辈子就只能挣死钱拿死工资.不会钱生钱,钱放在银行只能贬值不会给你增值,更追不过通货膨胀!唯有互联...,,人民日报:强者忧心、弱者绝望,中国中小企业的残酷真相!,http://mp.weixin.qq.com/s?src=3&timestamp=1503132012&ver=1&signature=UvpKG4nazFd2FluCismtjoEJiJGyMnQw0nuK74Oymrmv-dURkDW-2UNHqVqRq7-kAcrRSqAlJsBVX4rl8dKxIMl0gDltNAokCG5*1aRqzgeReR-uaiAO7stgF2O*vpCGzKKPGOgFEidd7zkUNrrjQZBULOwjnIMYfo06QQvLwS0=
A资本股权之道,http://mp.weixin.qq.com/profile?src=3&timestamp=1503132012&ver=1&signature=AuYFAE60XSDZPb5PdkWWvF9uR8xkmYdScThZT7grCTirCKIVeuDP5YY9c5ZkXupfqh891DzDDDYjjjBuTMXGjg==,微信号：l1196472824月发文 17 篇,本平台将每天为中小企业私人订制,提供企业管理,股权分配,企业案例分析,战略定位,亲子教育,家庭幸福和谐,正能量等最新智慧文章.帮助你改变思维模式,引领商业潮流,已有80万经营阅读关注.,,华为离职副总裁给任正非的辞职信,太震撼了!,http://mp.weixin.qq.com/s?src=3&timestamp=1503132012&ver=1&signature=8IweUKv-tBUMVKN1Ivjce0xyewMrABd4s1BwzRFxepwQluw9Mk99-aOXFzhx4gUoIGrppuctDkEY*gudfiesgN7IkAORCclcyrKMZYP9aH95-1J4GrZ5pB5xLuQ7eXzI5K6zcxCES9t7zwuMSLh0YweJtePmLvsT3UjwOYT4dqk=
资本壹刊,http://mp.weixin.qq.com/profile?src=3&timestamp=1503132044&ver=1&signature=1LIG7gZD195fTEIXnSkpRTqS9MrglI4lilGG3e4jgdo8Lz0bXGTwq1HuKAEupFBMjtig7Gp0xIB3ssuMSrGEHg==,微信号：zbyk6868月发文 32 篇,证券、资本市场信息交流.,,每日复盘(2017.8.17),http://mp.weixin.qq.com/s?src=3&timestamp=1503132044&ver=1&signature=NY2CyZiR7WYHSO5C6IbVw5YAaI1N8w0WWOGPJ6o8X8hhEwTM9xDripSsJHGEc-cB4HdmJ7LtEr4h3i2rhKkxjt3aIk0Ay73bHABVZJFBA*fFDXdKNXp5veGwuVZoCrokSBresag-VWhMuy-pMOCR9NYSw8hGzZ46RPvg16L39OU=
财税与资本,http://mp.weixin.qq.com/profile?src=3&timestamp=1503132044&ver=1&signature=XgUSCbrKN9*yXj1FRCTwdRnP2kKgL6y2VUVYPMP5VXWDBETmSBCN7F10ogr09k60*psff*szedcflCxr4BA*qQ==,微信号：gh_21d15bf230d0月发文 1 篇,感谢您对“财税与资本”公众号的关注!,,评估人士必看:资产评估机构备案程序已经明确,http://mp.weixin.qq.com/s?src=3&timestamp=1503132044&ver=1&signature=Ub127PZ0uGiOf3xs4ULrxL3jEXCyOrkm9SMuF2iUwTp9zB5SW4wU2WkftGnIke-rCH7l3CkEy18qI0-HitiKRfdaEHmQhQ4ab7f9*idzGjCNyTmr8Yyip-c0OffSFUbDiDM62VFrHq3q*ikRfsMDqphXmE*BFUp7v9fq7QpCD98=
环球资本产业联盟,http://mp.weixin.qq.com/profile?src=3&timestamp=1503132044&ver=1&signature=8cM1*yFhrUDKluEXiZYEJnV7cLyiDNIdj4sWkX9S3QS6ZyCl-b0TMXSp8VZMIgRr*gtR0jDTxrY5qmi0NojZ-A==,微信号：HLL870726月发文 54 篇,全国项目,股权投资,债权投资,并购重组,对冲基金! 挂牌上市,招商路演,政策导向,产业动态,基金扶持! 孵化产业园,新三板后期融资,财务顾问,商业模式顶层设计!,,人生有四苦,你断了几个?,http://mp.weixin.qq.com/s?src=3&timestamp=1503132044&ver=1&signature=cmpNqY8nydUu*v5xGCswlkwOrPj6h*V9pKPx5nHQnWB-C8pSN4oUsC9RFHwkfhkUz8T5XETrYRG4eB6cTEb3mcSQWsjdTO-HC2DLqHO-xZ1bES8WKdJwBwrbtwLqrI3f3YDcywqUzmhU0siRmlj*e-wo0bVEPA6wub**WsvnUiw=
资本风暴,http://mp.weixin.qq.com/profile?src=3&timestamp=1503132044&ver=1&signature=hkhj3WgspEWY8op35chga7sJ9ZQcWdmyJKUzBdbSKR8V*YVUrJSeB7sbc6vTzbdTI1rdV2Po3F*1nrT7XwklFQ==,微信号：ziben-fengbao,关注资本、共享资源.;;打造全球最专业、最具实力的投融资服务平台.;;通过培训交流、信息互通等.;;为企业提供项目资金对接、股权债权,新三板挂牌、资本市场相关服务.,,杜蕾斯败了,滴滴这个神广告让我受到了1万点伤害!,http://mp.weixin.qq.com/s?src=3&timestamp=1503132044&ver=1&signature=r7U4U60EUP5uYyig8Z9Q6V9O3X1nrjc*D9w65A9mJqGNKA3nONKE8yvfkF3JpntYUWc1tL4AexNYwmBmwhwWN8FnErZ8iEMXCIKkusvV6E6Wxr8K1NPBsb37U-j7XdQeTPx*LW-WuNKMOqyHHwCp8CCZxANjnQkrXy3yIvcN-qs=
资本大智慧,http://mp.weixin.qq.com/profile?src=3&timestamp=1503132044&ver=1&signature=9bfczoehIsKg9pG2tEW79kNe79MepE2CD*YBbG8bi1971DcbiK8R3gJB6S6YLlr9GMaW10xMTUC1UBFdgPC-PQ==,微信号：gh_2fb6f694c74d月发文 8 篇,商业模式,资本运营,辅导上市,品牌打造,企业转型升级,股权众筹,股权激励!,,“无人工厂”现场曝光!被彻底的震撼到了!,http://mp.weixin.qq.com/s?src=3&timestamp=1503132044&ver=1&signature=uhlkQ3XlRGndPL2AvMKWpnAOc02olfRKt-nYc8WSScRxw6LiMiMvMWPJ*qFRPoKzhwdMnkd9atukSzIW9JXtrAqmRWyb8UKtg9hFrYXff1xwkbC28iVXsxpXxGA*pXs56zHhtjOIGOr9*c3MKAibTS78ZVvvUaw4DdbQhyGDBDw=
道资本,http://mp.weixin.qq.com/profile?src=3&timestamp=1503132044&ver=1&signature=-5Lxb21PupgxLd84nHzMdjPB2*9Z6PtgeMjJeqbOAOkzGM2bUE6G*fsCHvM5mwQMwWm6RGXRxrvj088GTTebuA==,微信号：DaoVentures月发文 1 篇,环保和社会影响力投资 中小企业国际化 跨国合作和并购,,【道思想】| 比较中美公益行业的启示,http://mp.weixin.qq.com/s?src=3&timestamp=1503132044&ver=1&signature=k3a-k*qlbkaskURIz89pAhIEDhzJWvuxxPG9psNs1TH9wjyw3mxsHNfkXYFIB6PiXjOrWwTBqpYLL6xOJ4dBmLnRymfTlTzrm7Dp1fZCLW2ODbctted3FvBMbxEvlVoEca4*GyD63WhWDUQne7HNRkjiCqRCXOvg6cn8mWGJZfc=
资本商业核心圈,http://mp.weixin.qq.com/profile?src=3&timestamp=1503132044&ver=1&signature=ZsrgSLcAzXuEek49k7hSb2haHq6FqJYjJDUaLDyc3Ue9p8jlB71Og*eHTpkMvGCZ-iT*lIrhVSE23ksvUMu*HQ==,微信号：gh_54a479d6af09月发文 48 篇,每天分享实时资讯,国内外最新动态,商业信息!,,真正厉害的人,遇到大事时都这样处理!(深度好文),http://mp.weixin.qq.com/s?src=3&timestamp=1503132044&ver=1&signature=NMkK4RTig1e8K6jYrfTO3v1LOViDb8K5C58UpgaF9-Le36ciASal7*G5XI9Bz9qkb9UHcmqgeIblVyjIK4Xs8*9xt32iO4ee8F*Ack1dibSxtfLQmG9rZ3IWst*5x1kOgA7xGpwJ7O3mfe4INnpdY1zOEz6Ei9H5PWynJmA*O9g=
前海资本,http://mp.weixin.qq.com/profile?src=3&timestamp=1503132044&ver=1&signature=sLbywzN1QfWOq6-MDLqBuG7aPvfAMT4ffxyoRi*Y8NOooVuNxeEfzaJw4DQnME3c3QDvz0aMwmt1A7y4AcP6HA==,微信号：gh_6e18cf9e2e8c月发文 33 篇,推送最新挂牌信息,股权信息,分享正能量,,国务院正式宣布:10月1号起,企业这项开支全免!不允许收费,http://mp.weixin.qq.com/s?src=3&timestamp=1503132044&ver=1&signature=WbWKazv3V0VYUut6e6Pi5F5tKzsjN0ztXyNQSbmw0BoPUJNA8hclCzpEWLt7F7SzYpC*kadouw4bOVfFAizJ2K3IfcMFR96mNrty-rUIZ4FOPTAuGGvHT02dK7-7ubEE-J2xuiTxuwjcFA-kyGDSy258Cs1QXRPkKaNVSfFpDmI=
资本洞见,http://mp.weixin.qq.com/profile?src=3&timestamp=1503132044&ver=1&signature=H9hiUfSq27WYf0NtzktJd4fVyqg*w64v8xyAKfdMONNGDv5qp4FS6nQjN4dYM4bWM1-A6SBjlcJYdeDNTslRuQ==,微信号：CEOZBDZH,关注资本洞见,获取行业内最新的企业融资、资本运作、上市辅导咨询信息.传播企业运营智慧,解决企业发展瓶颈,,杭州第二中学学霸操刀的“高考满分作文”红遍朋友圈,http://mp.weixin.qq.com/s?src=3&timestamp=1503132044&ver=1&signature=xJYZU0k-lZKkwSXewPVy8LGohzPEt6doA8K6H2YDzPwK02drVVnidt9ZctcXml08rbMaOgPAYAbIh7HvEFaon5N0FKT*QZiMjHWgoqqGiP4k*CrCjoLA2-OcLBa3LfKPoAxHoXx-sTNpzycy5ZmkMFyPIu37lsoUDY0Y38CO9Ew=
军刀资本,http://mp.weixin.qq.com/profile?src=3&timestamp=1503132044&ver=1&signature=aPZHScLBo6ppsxWdEL8tmIGXrVwTvTbWvj8mYDCyHrIOC9Obktx0iZ-sfZdrUiMfh2nGSNrsj13l6NmLK9zlQA==,微信号：jundaoziben666月发文 2 篇,游资,职业投资人,股市实战派.原ID:伯纳乌南看台.欢迎关注!,,注意节奏的切换,http://mp.weixin.qq.com/s?src=3&timestamp=1503132044&ver=1&signature=0fWJnIjgznlKd4JS5bfKxqTbvXaubb0PHHQ-NR0AMptjLLtyH7j1Fbok4vntHxOaHa9WPUCG3vpO5KwSepRSBCI62NZ9ZFyCzFFxBJUbpvgE4WlVlRsWNrrgIaq0pQJdW8QIwaGW-3UqPP1g7Ze-jYDM6Wl0FzocK8-5OxxqEj4=
汉卿资本,http://mp.weixin.qq.com/profile?src=3&timestamp=1503132079&ver=1&signature=tUZ8EFEGD6f7SDqC1DcmTFvfg0yYxn7yH7lT-txlmWEGTHsjEsD8qqz*8NTeBOhC*GC7sAUMptOQxbgI1p0e0g==,微信号：hq_capital,汉卿资本旨在设立私募股权基金,债权基金,产业投资基金,证券投资基金等多种投资方式,为高净值客户提供全面的财富保值增值,资产传承,个性化金融投资服务,,,
长流资本,http://mp.weixin.qq.com/profile?src=3&timestamp=1503132079&ver=1&signature=usX32eNi-rfxK*OvaQ5UmZVYmaFZlkj-8s0nHlQvTwbSed6JT-m*71UoVe6W43pf0calRJ2oCskqnX8UmmaLqA==,微信号：szclzb月发文 5 篇,国内低风险投资专注者,传播低风险投资理念,研讨低风险投资品种,提供低风险投资理财服务,谋求以时间的积累为投资者创造稳定的收益.;;聚水成川,渊源长流,长流资本, 感谢有您 !,,长运一号净值回撤千分之2.3,http://mp.weixin.qq.com/s?src=3&timestamp=1503132079&ver=1&signature=at6bD9seNU0BZqgtqlvzgpu-PdM6HJdo0AHBZ8ZaBufITwd*R3HzrJ27Hm5-gymAXjVg-PQmd4F7H4q7hcZJiVwTz5eX*ojJk1phwJqPowpTmOcpg-udWhHom0CTRCPQKRS0trq2qlQpWgMJ8yL684fRpVO0qtCtxSkpMyXnfO0=
资本经济商学,http://mp.weixin.qq.com/profile?src=3&timestamp=1503132079&ver=1&signature=AXwCpX9NpCAGqnbtSFTVNGPmAp8em*FaYYZD7rWyJaPV35LLHUUpswzmjYEXA6vLMBRqaNgfLVp-a*sIMxpuAg==,微信号：LXW-72,欢迎关注资本经济商学,股权众筹.融资第一公众号!/鼓掌每天为创业者、企业家、投资人分享品牌战略、股权机制、众筹路演、风投对接、融资上市等第一流的资讯和案例,已有32.1万企业总裁关注资本经济商学!,,,
资本港湾,http://mp.weixin.qq.com/profile?src=3&timestamp=1503132079&ver=1&signature=xRv7iEpOyW4Ap8X5y12SAVhBKHKG7PW7X1lIONh4AM*LcVIgibbb4Fb4JCfgYFnwH545l1SD4gl8VsYIdUlYkA==,微信号：gh_acfb0c1adf8b月发文 3 篇,资本市场风云变幻;这里是资本精英的港湾; 资本信息的聚集地,,原创| Follow the winner-优质基金的两大杀招,http://mp.weixin.qq.com/s?src=3&timestamp=1503132079&ver=1&signature=4CyPpA5c9gd-he6ifLuFVz1l6nWWyLKdNMW26j6Z-WoOSm3iAo4eWSlRoCiEEs986BZT3asUhEFKe*PPPhwzLUjsBasyJh6DlDBicXdh6Ejn*osGVUZ0KlyQ-FXXnXC62OWjlfxBaLTTgxCB1G8MDIV5Au*y7fXKbyWp0wwQTl8=
黑海资本,http://mp.weixin.qq.com/profile?src=3&timestamp=1503132079&ver=1&signature=lDSDzgc157LC*rO8gFfFO*v7mpTxGOYfmstVu9RLuOHWiFsj7mRcioaE3pxfE5S2Rq5qPHpxr5G4Z5JPSrvaQw==,微信号：BSC-HHZY,专注能源、矿产、农林牧渔业、医疗制药、教育业的融资、股改、挂牌、定增、承销、上市、基金创投、资产重组、大宗交易等服务.www.blacksea.hk,,,
融成资本,http://mp.weixin.qq.com/profile?src=3&timestamp=1503132079&ver=1&signature=MJOuW3WeqjCMR8HUYAJY*chZ06UT0S-CIuuLxiVVP1tjLutlHiuUEFy1L3t8SfdergAFtxr-t9RVTfBeQ52F4w==,微信号：rongchengpb,企业融资的专业设计师 投资银行的诚信合作人,,,
资本大智慧PCVE,http://mp.weixin.qq.com/profile?src=3&timestamp=1503132079&ver=1&signature=NBbJ4k4UVHlIahLkTLvPOAxasLy41GqouTj-tcDx1gfSInV*qgzH1Ijdqmpuyo1UU9w6racIGjsAfZhqOHithg==,微信号：gh_6f6c3a4ba365月发文 11 篇,企业经营中借鉴,融入金融思维和方法,手段,跨界经营模式创新.企业与网络,与移动互联网跨界商业模式与创新.西方管理与国学结合,移动APP与管理跨界结合,让管理更高效.,,马云千里追寻的80后美女富豪,终于被追到手了!,http://mp.weixin.qq.com/s?src=3&timestamp=1503132079&ver=1&signature=wwvQdpfI6Mr84vT24WsHdkypcWIT20XwPeQ5hEUzUsPfF84ys5a0m0FVLsxqU991S9upMawIUTW77j2iHcyJlVa4nOjdTP90iqadyMiVJLqGURM0FgVArT7c*kI7HFvDHybZ1iHoirhQU8PpMNInrvzKhppMdGD1M2FO8JEA1go=
汇川资本,http://mp.weixin.qq.com/profile?src=3&timestamp=1503132079&ver=1&signature=GnJryEJZqItc8gAPYr7u2pfVVyyaJSj7ROtZJdpOGpszHHaBYv6jR0e*u4foWkyd1Ya1QpxFwtbK-VVTx4X5PQ==,微信号：jnhczb月发文 35 篇,汇川资本致力于为泉城中小企业解决资金需求,便捷高效,价格公允.打开汇川的门,还您一份惊喜! 地址:济南市花园路107号鑫都大厦11层,,别买车了!奥迪算什么,几千辆宝马也来了!,http://mp.weixin.qq.com/s?src=3&timestamp=1503132079&ver=1&signature=5SbvRmzj-EB3H25RWncpqu97AmiVrAw5sqREFyTrH*AAqHaV0wXqji40E31WCP8mrgwilxgjGxjoy*7wJk0fDAh*dCgy6B8omf6-tg7dFsSfXBHOJRAm8ZTCEHF5acCQ4i62m83DuPs5oogk4akVhhefNojlw*-wN1jI97KFSdY=
资本论坛,http://mp.weixin.qq.com/profile?src=3&timestamp=1503132079&ver=1&signature=qEnp8wuN13LEMOc2QoL8vH8*DlUgK7JjhZ1tXHw1f*ba7L4uF6uSkO0f0cQjmkVe41EXFeJmmdMdeSOC2e4uSQ==,微信号：gh_cf8e712f4556月发文 2 篇,证券投资咨询,A股、B股、基金、港股、美股、期货等开户指导,咨询服务等、介绍企业资本运作,IPO业务(主板、中小板、创业板);新三板挂牌;债券(企业债、公司债、中小企业私募债);融资融券、股权质押融资、...,,《我的前半生》:中产阶级年薪多少才有资格谈离婚,http://mp.weixin.qq.com/s?src=3&timestamp=1503132079&ver=1&signature=y5RDBTJcRlSmUPW8s12s4EiaMlhevimKnCyQi0xWcGXahSao-ryyK5Un37tCvkvkdd9OloLIU0gWFN0MxsZzh2AYjCCY*21H9Ju21FEIFW1IvEM-uhLQQGtksfL85fI*AhTWyUk8fwGhmH-aBpz8kfZyb1Hb5*IxU-trKZywcLM=
企业资本智慧平台,http://mp.weixin.qq.com/profile?src=3&timestamp=1503132079&ver=1&signature=hCiwvYQtd3MRXXb2WMkykR0U8JSGrUwdvv2ncEau-JfqDFVMltjo-C3rRNlctZJtNmgoS0DUcCN4LjNAeYrMJw==,微信号：Ma___520月发文 1 篇,定期分享资本运作小知识 :股权架构,众筹,商业模式,股权激励,管理励志类正能量文章分享.欢迎大家关注,,产品越来越不好卖了,搞不懂商业模式创意,是改变还是死亡?,http://mp.weixin.qq.com/s?src=3&timestamp=1503132079&ver=1&signature=O5I4xCcXPOnlHitkqC6Kmpl4-xIl1zpND6CMGQgfJhXK6IMF45R4rCycJaW3JIJstIZo1SLzAzZHuO7Zar0fQqk3tlbYVrZPZR7isr0E-qoCAiYT3RLIHRz22i2pjI0LkS1zVQxmhYppQ3*-RjmglAHgJnET5ejRuAnPn0ZWbns=
3浪资本,http://mp.weixin.qq.com/profile?src=3&timestamp=1503132113&ver=1&signature=GCB3uEqbEKX4G0mcA3c*UBF-CbuOmO-J-HltdkM7P9ciUOhiHhoMJF2BvpJmI3ggmnT43lWm*Wol5MpuBT70iw==,微信号：sanlangziben,股票投资,,8月18日分仓1号操作记录,http://mp.weixin.qq.com/s?src=3&timestamp=1503132113&ver=1&signature=qFkZ6Wv1h9v*qnyaKQey457E1c4J4mC7Q747wSHdRvXiLd2dvm61pnze5vlwm3LxGC0zWkB3tk4UXOlbwY804*QiRmn3MyqSfaPDXtsvLK6CFsH*ekQEoLHb6Bi0w0febkUmug-1OINETOm7YMyLOmI5udE2l-ZvlPnluwD4YKo=
陆诚资本,http://mp.weixin.qq.com/profile?src=3&timestamp=1503132113&ver=1&signature=eswttSTvO9eV6w*Jx7WPskwJpqkaRLd3D6MJXlLF9t1ffujH3aGj4JKx06P7oSI25*9pZ*Nl8HYdFlFCnYKZ*A==,微信号：lczc99,致力于打造一个为中小企业提供综合性金融服务的优质平台,为中小企业挂牌上股交Q板、E板和新三板提供推荐服务和财务顾问服务,通过股权融资、债权融资、股权众筹等多种方式拓宽企业融资渠道,帮助企业登陆资本市...,,关于“1推5”活动更改的公告,http://mp.weixin.qq.com/s?src=3&timestamp=1503132113&ver=1&signature=Giz38GofS-1J9IEsS6adf6bvceiYlQeFP8-EOqp*G2Kt7FoN9FQScGSKJJD8VzdZlt*1W49p88UlU7HnCGt*Tus5kppoQZ-Rn2PMFQlAEKE4z1-hdENvYvwYh7r2acuK0CCSHhCgO22L8dDCVgPMoHeq1PrxVveiSyrvbP5xy1g=
魅丽资本,http://mp.weixin.qq.com/profile?src=3&timestamp=1503132113&ver=1&signature=*5Rlw7-h8HuzRd14XSgJ28WULC93aTtaFmcbqWv9xkhquhT039**P8maZITV47iQRzaMpaMYfhk*fn5umdHIdQ==,微信号：gh_0dd7165adf23,中小型企业投融资对接平台,天使投融,上市辅导,商学培训,资源整合,优化商业模式,顶级设计.,,,
慧杉资本,http://mp.weixin.qq.com/profile?src=3&timestamp=1503132113&ver=1&signature=G*5YZePBeQHPsnpSBuKLGp6y6sVdqAwZ6H*e4HTKVvVG-XF-1nDpJayaAX3G56hWJfQwI0C5HQMGCxqYnC5rgQ==,微信号：hui3zb,慧杉资本—帮您慧聚财富.我们始终以专业、诚信、务实的方式,竭力为客户提供全方位一体化的投融资服务.,,,
佰润达资本,http://mp.weixin.qq.com/profile?src=3&timestamp=1503132113&ver=1&signature=XtUMjQ7U5Zy6N6FQoy0TIi6jbaBZbT8evYL7zvkpmXu3h0f1kTZyXVs5IuS2Ul15qvXjsusFS479VX7YOIvfnQ==,微信号：bairunda,关注房地产基金、房地产金融相关领域的前沿资讯,提供私募股权投资基金的金融投资服务信息、全国房地产基金及房地产金融的联谊平台、业务合作、互动交流圈.,,,
澜业资本,http://mp.weixin.qq.com/profile?src=3&timestamp=1503132113&ver=1&signature=vk04MZ4R5vQZ3ZJTnDgPIEUAWJ7NSdBouUzr*3H6wRP1ADaUcIq*xnU7pq7LmZggbiOezux-d*kldaBTgCFrYA==,微信号：lanyechina,澜业资本专注中小企业股权投资,主要从事企业境内外投资融资、澜业基金、企业孵化、新三板上市辅导等业务.,,【澜业 | 干货】财务尽职调查的逻辑及重点关注问题,http://mp.weixin.qq.com/s?src=3&timestamp=1503132113&ver=1&signature=UcruDQNFTbjho2RxXONrkGLSlbdF97uDCB2XbC57olPZBgGD5AJRAC4Ok-uVfLGArGXnroZIvWP1SBBA8DEppvcawBX5o8K8ivbMxQ1jFIlDfJXKg*Oqu*o*dQz4*IMPzE7Iut9fpr-73OKeOxllfHb*JkdTwNfUN-jAbWgRfE8=
亿洲资本,http://mp.weixin.qq.com/profile?src=3&timestamp=1503132113&ver=1&signature=niaEnJhY7125Ndvx3wzGNV0wDxuA9I4eeedoGzTT71aDyX8bgSLSmF58wfLGqTBI05NfMSqu1*z*Gp6PaElRsg==,微信号：yzcapital,股票私募基金、PE/VC股权投资,,本周行情分析,http://mp.weixin.qq.com/s?src=3&timestamp=1503132113&ver=1&signature=z3hDNZksSZCsqVQ3*am5zKrUqMNwa-ZzaSEfgkfPkhXy3N8pw6fy2D77j5XvCmKqu7YoYLwu9A*7YJ*oYHQaWlIFp9K2LAp5uBiTzoznmftvU0wkAFpl9gAQL4VeNSKPTv1XV465j30LGcbQ8MbWspFKiKBz0B7TZn3cD-x3kBI=
善鼎资本,http://mp.weixin.qq.com/profile?src=3&timestamp=1503132113&ver=1&signature=E3W044GcSniW8TQ-3XdZv3J*TzuNjNJ2Wo7ZDX5Odm8nA5yVy6RL-YCoNrP92CfA4bmxVcNeOrq4QRJeJcGltQ==,微信号：shandingtouzi,帮助您了解更多金融、投资领域知识,了解善鼎投资集团相关服务、产品及理念,助您实现财务自由.,,早报  诺基亚起诉苹果侵权32项专利;消息称爱奇艺拟明年IPO,估值...,http://mp.weixin.qq.com/s?src=3&timestamp=1503132113&ver=1&signature=ufrl3uTetQmOjMn0xuUIOXwPnM0bshJdGZ-4ordpp68i3cNtn*x3UYtCu7FGFWcupZO8E3uQtMwNa78ZdJ0MKakf7DBfw6w9fLdVfjmDQqaJGb*x3YSXHKT*xtYZvBEJzZGJe4UqpUiA3Ro9TRH3dkhotdleJVIGDq0s2lXcW1I=
凯邦资本,http://mp.weixin.qq.com/profile?src=3&timestamp=1503132113&ver=1&signature=-usbQdkvUZAO-sM9dMrvNQjXuSNRrkrx2AqJMGUdH7AUVzyVbiKVoQ7kRuK*W2ddnSLDQk3TtIfkRbJg0tPjTg==,微信号：CABON518,凯邦资本是一家以二级市场投资与投资银行业务为主业的金融投资平台.以专业、严谨的投资研究为基础,运用各种规范的金融工具为客户管理金融财富,以管理资产的可持续成长为己任,致力于成为国内资本市场上有重要影...,,青海省中小企业发展基金(有限合伙)第十八届青洽会重点签约3个拟...,http://mp.weixin.qq.com/s?src=3&timestamp=1503132113&ver=1&signature=aNhFnx-J0dtao5Rb9SBPL9B7BmHAcEKejDdXGLQvQNKIr9mrdcDvMH74PKcu1DiC1jQWB0zWcQyhKBTmzDKlPcdsSak*byNQKLzfXMK4Nsrp45zhXx6d4YKyfuL3*4mGT0GoitdtXE9DwO0RslN2HfgzEQr38Hh29prWkUWkhuA=
金隆资本,http://mp.weixin.qq.com/profile?src=3&timestamp=1503132113&ver=1&signature=657UlcLH8zQgbo07e0ZE7Ucs75n68MzxhmghhLp1qYl9Cmor-xXMNYd*9hCZavhJT-hj7HoTPbnGKECjw6u1oQ==,微信号：jlcapital,金隆资本专注于国内资本市场,以市场化、商业化手段运作,专业从事股权投资基金,实业投资,创业投资,投资咨询及管理等业务.金隆资本通过强大的智库系统、成熟的产品设计流程、完善的客户服务体系及科学的运作手...,,,
资本金融圈,http://mp.weixin.qq.com/profile?src=3&timestamp=1503132146&ver=1&signature=wc7k0Z6p2lHWwenSKjF6eeUi16h7y*bMn0mQPdGfFEJuw*r*zv9hWcQGtVh5M4uUtbHQfCRiGrt3T94tE179Gg==,微信号：gh_9429b3e62749,大数据产业 众筹上市 天使对接 风投对接,,,
宝泽资本,http://mp.weixin.qq.com/profile?src=3&timestamp=1503132146&ver=1&signature=vfZKxT7KqvDMOE5EiGYIetR3SV9xL8aB92cI4Os8aaDPx11zViNrtAI*vWd5S0dE89jQ99z-ZP0kKAeN3JIjSA==,微信号：gh_6a56985e57ee,宝泽金融集团创建于1991年,是多元的金融服务及投资集团,业务范围包括房屋抵押贷款,资产证券化,投资银行,基金管理,房地产投资,高科技投资等,,,
琦迹资本,http://mp.weixin.qq.com/profile?src=3&timestamp=1503132146&ver=1&signature=qEJS2xsA6InY8pnGOpMFg36izUzkTDh88SBC00C0uMw0fbluNF6FAhQbnGbGvjt8WRZYaD5r7Qd2g-zFOSmjVg==,微信号：Miracle_Capital,琦迹资本主要从事天使投资、收购兼并顾问、私募股权融资顾问等投行业务.团队成功协助40余家企业客户融资超过50亿元.向企业方提供:咨询、融资、并购等资本运营解决方案.向资金方提供:优质的项目资源及解决方案...,,琦迹资本走进东部软件园聊创业那些事儿,http://mp.weixin.qq.com/s?src=3&timestamp=1503132146&ver=1&signature=I4X1N0ZiuRjfJHezYmDf3Ww*tlsqagUYNbSxaZ1i-fRNNCfJy6LgtyasoZ3YMnWstNvMl9V6lrfw49lwSfd5yxTKQKx1d2NenVlHj-cAaPoKxnf4nCovxUBlaubM1-YuyLOHQxbVLqokocYrhUe6F5HmZTpm3iOcnf5XX*3yqLU=
杰盛资本,http://mp.weixin.qq.com/profile?src=3&timestamp=1503132146&ver=1&signature=zS1i7caEMkmC2rTMOnUC4qTpunMHOKJ*Hxn6EEglzM7wAvZ1NqsNQTvRfKWXjes-TdOTY82gm9aw-NI8bhZa2g==,微信号：gh_9f01554b4fa6,介绍公司业务和宣专,,,
中融长河资本,http://mp.weixin.qq.com/profile?src=3&timestamp=1503132146&ver=1&signature=-wHtdnOGsAa9llNPLlAAe4a0ZAADZ4dJ2TbbPokT5tuU6m8Z8q*7LgQo2fKa-AItXIVdjU4wvQ90HobGRakkvQ==,微信号：ZRiverCapital,中融长河资本为中融国际信托旗下之全资地产并购基金.,,北京中融信托广场荣耀启航!,http://mp.weixin.qq.com/s?src=3&timestamp=1503132146&ver=1&signature=kSOEq1zwt1Ai4b7BJ8s*EbDKGPueelIGFB2clgaSTlluTyTY935OJ1Q6w5uv02MYklaB2-F0YJymXm4Yhk*Bp3*uT3s*djl-yQU5BTZpcHd3npBW9dDfwDo03LmmuT-7OSGSfYvlpqXHnhSwFQELAACMdse0On2-ywwRV9RKaGg=
资本说书人,http://mp.weixin.qq.com/profile?src=3&timestamp=1503132146&ver=1&signature=WlWl**x*4U7IcEU74YqKegY1F*ftcSGF8k2HrMj-ghErfJbqULJlhuisg8Op9i3M8aZ5oNdBkx5D9DJFVWjHqw==,微信号：standup_capitalist,对硅谷顶尖投资人的前沿播报和原创深度分析,,,
联盟资本网,http://mp.weixin.qq.com/profile?src=3&timestamp=1503132146&ver=1&signature=punR5*RYW9AruxXPsmCzGyKfb2db9wE-fItuByAOpLiW3N2LVM*hpkCkiiQSzJD-xweEP--5xB1bvpQ-sbgZRA==,微信号：kylziben,全联齐鲁杰出资本联盟系由全国工商联现代服业培训学院为迎合我国资本投资政策导向,由学院提出倡导,由学院下设的“51实战培训基地”之一肯雅隆基金作为主发起方,成立的大型服务平台.,,新春贺词:恭祝大家新年快乐!,http://mp.weixin.qq.com/s?src=3&timestamp=1503132146&ver=1&signature=mtFZyODaAswUdiN*odlARB7qLgiwbDN6jRPxQBhl3U1Ecmp3iN9FoWiZo-eNV*MmHFzFnMX0BCyqqBUQk*WXYMyv9UBIhqb8T1sSyuClSNI9Prc8d5h4tO5FU*gZE2X4MdJYVQPC5C9ENX3ievtaFGwQ4FnPSgULNdJEUY24yyE=
爱氏资本,http://mp.weixin.qq.com/profile?src=3&timestamp=1503132146&ver=1&signature=zIO*IxMHo9HfoRtSiorKDfhjF4k*4M2zKIISn*UckyvfxRozMj2SLSXli4PAYnmYVYBT*Deza34etD003nuVwQ==,微信号：gh_82fa18acd1c5月发文 42 篇,为您提供股票,基金,债券,逆回购,阳光私募产品,新三板,资产管理等投资理财咨询.,,8月18日涨停分析,http://mp.weixin.qq.com/s?src=3&timestamp=1503132146&ver=1&signature=Be9wnzI4Nh1JZkSC6fPTcMOjQd9iUlrBTc-Tc8WTZYBIV98NPlFQ0g4e8jbu3WQ2TcBclEjnMF3blDEvIp2hVkrhMYSzfLLVxexsj7n0JtRt1WhYmKzoJW-WZYxKAzFjptNUqGJ82xAPgeLAjAJNKCR7fjFWn4XvR5zz7p49PiY=
比莱资本,http://mp.weixin.qq.com/profile?src=3&timestamp=1503132146&ver=1&signature=9XXhiUUa34FFJxM*t4dbE1-OTvL-7vOyMybKINx-JCu843nph2-*GxnwVesMPOjYff6JgIKtEBbpTxRkcOEvEw==,微信号：BITLIGHT,比莱资本是国内首批面向互联网金融和数字资产相关领域的私募投资机构,是专业的数字基金理财及融资创投综合服务的孵化器平台.,,妈妈的岁月 —献给母亲的诗!,http://mp.weixin.qq.com/s?src=3&timestamp=1503132146&ver=1&signature=HcwEKrC7z3IFGFQETFOCMUc40VEjbGbwDQGqiLWw6G8-oYIxPsfiS*rPlggwaehRmrXcAs0rqY9bi3JJm9TWdOmRgTps2NeCqyiYADbMSkVDb8GNuan*zY2j7vJZJcSUDRXcP9iJEG3yK2qseFY0wxs0GpeZcZ1Ki9p9qzNLkHs=
琛海资本,http://mp.weixin.qq.com/profile?src=3&timestamp=1503132146&ver=1&signature=PBfwxC05UPwkhlBqJdENZjEYDC9Ijnfk4zfFTbPvKIMJpWpN98FQFXudT7aa0hXkc2mAj5f8MScvpal2Etio5Q==,微信号：ch_ziben,深圳市琛海资本管理有限公司成立于2013年8月,注册资金1000万.目前主要经营业务为资产管理、投资管理与投资咨询等业务. 公司秉承“规范经营、稳步发展”的经营方针,“诚信、专业、创新”的经营理念,努力提升...,,,
